tree
version=v4
num_class=5
num_tree_per_iteration=5
label_index=0
max_feature_idx=35
objective=multiclass num_class:5
feature_names=left_shoulder_x left_shoulder_y left_shoulder_z right_shoulder_x right_shoulder_y right_shoulder_z left_elbow_x left_elbow_y left_elbow_z right_elbow_x right_elbow_y right_elbow_z left_wrist_x left_wrist_y left_wrist_z right_wrist_x right_wrist_y right_wrist_z left_index_x left_index_y left_index_z right_index_x right_index_y right_index_z left_pinky_x left_pinky_y left_pinky_z right_pinky_x right_pinky_y right_pinky_z left_thumb_x left_thumb_y left_thumb_z right_thumb_x right_thumb_y right_thumb_z
feature_infos=[0.23717445135116577:1.0963790416717529] [0.15494565665721893:0.59669852256774902] [-1.4339405298233032:1.1302167177200317] [0.14119268953800201:0.83038383722305298] [0.15438951551914215:0.59382152557373047] [-1.2808434963226318:0.8685569167137146] [0.10409244894981384:1.1038336753845215] [0.24008761346340179:0.59689295291900635] [-1.7759373188018799:1.2374191284179688] [0.072717934846878052:0.84550178050994873] [0.20387817919254303:0.54955548048019409] [-1.6661781072616577:1.1598637104034424] [0.17482759058475494:1.1225236654281616] [0.11508648842573166:0.64793491363525391] [-2.2696952819824219:1.4356160163879395] [-0.047805588692426682:0.835499107837677] [0.098431967198848724:0.6394418478012085] [-1.7945458889007568:1.3467521667480469] [0.16540037095546722:1.1319663524627686] [0.065051369369029999:0.70079988241195679] [-2.3882358074188232:0.81119328737258911] [-0.12347064912319183:0.86026984453201294] [0.062173128128051758:0.68604129552841187] [-1.8652455806732178:1.3356603384017944] [0.1559501439332962:1.1443672180175781] [0.070196583867073059:0.69555717706680298] [-2.5054326057434082:0.86301469802856445] [-0.12767033278942108:0.86202061176300049] [0.067123837769031525:0.68095004558563232] [-1.99910569190979:1.359837532043457] [0.19642283022403717:1.1160732507705688] [0.079739846289157867:0.68276596069335938] [-2.2465822696685791:0.85170280933380127] [-0.087310366332530975:0.8437654972076416] [0.074332058429718018:0.66982215642929077] [-1.778477668762207:1.3290265798568726]
tree_sizes=452 553 847 957 653 463 462 871 765 662 464 565 977 974 668 463 464 985 772 663 462 564 768 980 664 463 562 778 1089 671 464 565 771 874 671 463 564 983 772 665 465 566 776 661 668 462 570 777 873 668 565 567 671 777 669 460 564 771 980 872 464 567 774 881 667 566 568 875 880 667 466 562 679 882 670 569 566 886 981 667 673 567 786 1087 774 570 565 882 1194 670 667 566 882 983 879 666 572 885 1193 875 462 467 881 1084 671 668 566 888 882 770 466 567 773 981 666 461 468 772 883 673 677 569 777 1198 776 673 569 776 885 774 672 468 883 1205 775 668 570 1089 979 876 673 573 781 987 780 469 465 877 780 672 466 570 887 879 775 569 572 775 986 667 571 565 990 988 886 675 569 881 987 780 569 570 981 985 765

Tree=0
num_leaves=3
num_cat=0
split_feature=19 1
split_gain=143.575 12.3644
threshold=0.1940620765089989 0.26398947834968572
decision_type=8 2
left_child=-1 -2
right_child=1 -3
leaf_value=-1.4336329221994133 -1.5689681612366451 -1.6580929348693165
leaf_weight=8.5244447961449605 3.5908554047346106 36.176531843841076
leaf_count=24 13 203
internal_value=-1.60839 -1.64925
internal_weight=48.2918 39.7674
internal_count=240 216
is_linear=0
shrinkage=1


Tree=1
num_leaves=4
num_cat=0
split_feature=22 5 10
split_gain=148.455 3.78798 3.28873
threshold=0.1971501633524895 0.56219273805618297 0.23739112168550494
decision_type=8 2 10
left_child=2 -2 -1
right_child=1 -3 -4
leaf_value=-1.5528820321574845 -1.6580668979685738 -1.6000010224631285 -1.4311298824207863
leaf_weight=1.8799444139003743 35.469449490308762 2.7224359363317481 8.2200000286102277
leaf_count=10 196 10 24
internal_value=-1.60805 -1.65379 -1.44666
internal_weight=48.2918 38.1919 10.0999
internal_count=240 206 34
is_linear=0
shrinkage=1


Tree=2
num_leaves=7
num_cat=0
split_feature=0 27 3 30 18 10
split_gain=64.5115 11.6943 21.9059 17.9502 6.48248 3.28442
threshold=0.82692214846611034 0.23357092589139941 0.41663633286952978 0.67013812065124523 0.5365072786808015 0.30771403014659887
decision_type=2 8 2 10 10 8
left_child=1 2 3 4 -1 -2
right_child=5 -3 -4 -5 -6 -7
leaf_value=-1.4961052672354147 -1.4465850383593981 -1.6561600404157801 -1.496925186182704 -1.655829825929809 -1.616895209070307 -1.5783884617499437
leaf_weight=1.9156580418348377 4.3839998245239249 23.541500777006149 2.8670469075441352 12.857675656676291 1.6065299063920973 1.1194187551736829
leaf_count=15 36 100 21 54 7 7
internal_value=-1.61148 -1.63327 -1.60434 -1.62853 -1.54067 -1.4645
internal_weight=48.2918 42.7884 19.2469 16.3799 3.52219 5.50342
internal_count=240 197 97 76 22 43
is_linear=0
shrinkage=1


Tree=3
num_leaves=8
num_cat=0
split_feature=3 33 31 6 15 33 10
split_gain=39.4285 46.2802 40.4835 3.67101 6.66776 0.910248 0.701039
threshold=0.23081354051828387 0.5557936728000642 0.57594573497772228 0.68260455131530773 0.24665164202451709 0.36022178828716284 0.36295597255229956
decision_type=2 10 10 8 8 10 10
left_child=-1 3 6 4 -2 -5 -3
right_child=1 2 -4 5 -6 -7 -8
leaf_value=-1.4656071347649817 -1.5420455980312808 -1.6112157156856357 -1.4490596112882157 -1.6576873567768367 -1.6470069053496945 -1.6187168002623151 -1.6462179431620401
leaf_weight=3.4987690001726142 1.4265395998954762 2.4720219224691373 5.3776260167360306 27.56217493116856 3.0221966058015823 2.1503479778766623 2.7821538150310516
leaf_count=22 10 10 34 134 11 8 11
internal_value=-1.60681 -1.62074 -1.53399 -1.64911 -1.60716 -1.65526 -1.63267
internal_weight=48.2918 44.7931 10.6318 34.1613 4.44874 29.7125 5.25418
internal_count=240 218 55 163 21 142 21
is_linear=0
shrinkage=1


Tree=4
num_leaves=5
num_cat=0
split_feature=22 7 25 19
split_gain=34.0721 88.8605 8.17151 0.314539
threshold=0.36062406003475195 0.37275862693786627 0.33782009780406957 0.3178254514932633
decision_type=8 8 10 10
left_child=-1 3 -3 -2
right_child=1 2 -4 -5
leaf_value=-1.6572623079079654 -1.6559477604493784 -1.5659672838636065 -1.4493270192633159 -1.6227673947704231
leaf_weight=21.981975555419922 13.325968325138094 2.9173137545585623 8.266168147325514 1.8004040867090214
leaf_count=121 58 13 39 9
internal_value=-1.61246 -1.57464 -1.47369 -1.65307
internal_weight=48.2918 26.3099 11.1835 15.1264
internal_count=240 119 52 67
is_linear=0
shrinkage=1


Tree=5
num_leaves=3
num_cat=0
split_feature=31 1
split_gain=110.812 12.193
threshold=0.19898372143507007 0.26398947834968572
decision_type=8 2
left_child=-1 -2
right_child=1 -3
leaf_value=0.14841489187769477 0.040835820288192104 -0.048094837322142481
leaf_weight=8.8106308728456479 3.5496900975704184 35.340041980147362
leaf_count=22 12 206
internal_value=-0.00217523 -0.0391574
internal_weight=47.7004 38.8897
internal_count=240 218
is_linear=0
shrinkage=0.05


Tree=6
num_leaves=3
num_cat=0
split_feature=22 8
split_gain=123.608 4.12496
threshold=0.1971501633524895 -0.81489127874374379
decision_type=8 8
left_child=-1 -2
right_child=1 -3
leaf_value=0.1419352419645446 0.014062146841583901 -0.048085299617480079
leaf_weight=10.739253446459768 2.4583904892206192 34.530973203480244
leaf_count=32 8 200
internal_value=0.000129876 -0.0436934
internal_weight=47.7286 36.9894
internal_count=240 208
is_linear=0
shrinkage=0.05


Tree=7
num_leaves=7
num_cat=0
split_feature=0 21 12 9 33 31
split_gain=52.9105 13.3456 24.4179 10.5522 2.92416 0.685386
threshold=0.82692214846611034 0.26694390177726751 0.60056015849113475 0.28114046156406408 0.14414826780557635 0.58491754531860363
decision_type=2 8 10 10 8 8
left_child=1 2 -1 4 -4 -2
right_child=5 -3 3 -5 -6 -7
leaf_value=0.1153760455368994 0.14019883416803411 -0.04605467714503942 0.014555388935860945 0.070568241192350167 -0.043247240301606447 0.044098289816243051
leaf_weight=3.3257671967148807 4.6493919491767874 22.38984403014183 2.1274927407503115 1.9163905978202809 11.781411364674566 1.4530034512281416
leaf_count=24 34 101 12 12 48 9
internal_value=0.000424627 -0.0206755 0.00980869 -0.0179155 -0.0340225 0.126748
internal_weight=47.6433 41.5409 19.1511 15.8253 13.9089 6.1024
internal_count=240 197 96 72 60 43
is_linear=0
shrinkage=0.05


Tree=8
num_leaves=6
num_cat=0
split_feature=27 31 0 9 4
split_gain=34.3659 37.8972 36.7455 5.78382 4.14042
threshold=0.4354854822158814 0.57594573497772228 0.52030742168426525 0.21254068613052371 0.28253182768821722
decision_type=10 10 2 8 2
left_child=2 4 3 -1 -2
right_child=1 -3 -4 -5 -6
leaf_value=0.12805576534815663 0.028253004780778898 0.14301574583208596 -0.047843096379369787 0.01097619024753815 -0.040971026730577634
leaf_weight=2.7682555466890326 2.629468619823454 6.4908820688724518 29.437251508235931 1.7464295923709867 4.6156992763280869
leaf_count=16 11 37 150 7 19
internal_value=5.26494e-06 0.0640454 -0.0269948 0.0929685 -0.0154682
internal_weight=47.688 13.736 33.9519 4.51469 7.24517
internal_count=240 67 173 23 30
is_linear=0
shrinkage=0.05


Tree=9
num_leaves=5
num_cat=0
split_feature=16 13 1 23
split_gain=37.3341 73.3833 17.215 1.51745
threshold=0.363842323422432 0.33710718154907232 0.26787382364273077 -1.2989478111267088
decision_type=8 8 2 8
left_child=-1 -2 -3 -4
right_child=1 2 3 -5
leaf_value=-0.047221784414407234 -0.045904512533114367 0.0031337503357340476 0.053997398047433698 0.15127317083134739
leaf_weight=20.939130842685699 12.664627119898798 2.8785915076732627 1.9846504777669904 9.3696451410651189
leaf_count=120 60 9 10 41
internal_value=0.00161137 0.0399569 0.114356 0.140017
internal_weight=47.8366 26.8975 14.2329 11.3543
internal_count=240 120 60 51
is_linear=0
shrinkage=0.05


Tree=10
num_leaves=3
num_cat=0
split_feature=19 1
split_gain=100.705 12.7959
threshold=0.1940620765089989 0.25403150916099554
decision_type=8 2
left_child=-1 -2
right_child=1 -3
leaf_value=0.13103877014506202 0.045343673361377762 -0.047667176966520286
leaf_weight=10.098700389266012 3.3174455463886252 36.235261790454388
leaf_count=23 10 219
internal_value=-0.00246333 -0.0389402
internal_weight=49.6514 39.5527
internal_count=252 229
is_linear=0
shrinkage=0.05


Tree=11
num_leaves=4
num_cat=0
split_feature=22 21 8
split_gain=109.477 5.78288 4.98398
threshold=0.1971501633524895 0.20593544840812686 -1.0953868627548216
decision_type=8 10 8
left_child=1 -1 -2
right_child=2 -3 -4
leaf_value=0.024198123122937207 0.024498373011176328 0.13342544038926496 -0.047611997981866411
leaf_weight=1.9063486605882634 1.9732737541198728 11.117170020937918 34.933093212544918
leaf_count=10 6 27 209
internal_value=0.000963303 0.120303 -0.0432119
internal_weight=49.9299 13.0235 36.9064
internal_count=252 37 215
is_linear=0
shrinkage=0.05


Tree=12
num_leaves=8
num_cat=0
split_feature=0 21 12 3 34 11 27
split_gain=48.8876 12.9093 20.7436 20.7522 3.24231 0.275605 0.06453
threshold=0.82692214846611034 0.26694390177726751 0.60056015849113475 0.41663633286952978 0.30407035350799566 -1.0000000180025095e-35 0.22514025121927264
decision_type=2 8 10 2 8 10 8
left_child=1 2 -1 6 -2 -3 -4
right_child=4 5 3 -5 -6 -7 -8
leaf_value=0.10383897056351166 0.12852638675544814 -0.04664081519420113 -0.045234109667086672 0.08815619528262375 0.026828327522033159 -0.017242178748958819 -0.013442958560005928
leaf_weight=3.6040923744440105 5.7854783385992041 20.315824016928673 11.784133702516554 2.8358815610408774 1.5913116782903669 2.462132282555106 1.2306948006153096
leaf_count=24 39 96 51 18 9 10 5
internal_value=0.00189147 -0.0195663 0.0101675 -0.0160296 0.11241 -0.0443218 -0.0434016
internal_weight=49.6095 42.2328 19.4548 15.8507 7.37679 22.778 13.0148
internal_count=252 204 98 74 48 106 56
is_linear=0
shrinkage=0.05


Tree=13
num_leaves=8
num_cat=0
split_feature=21 0 9 21 19 3 14
split_gain=34.0058 20.0879 18.2987 14.7008 19.2399 4.19487 0.191281
threshold=0.77689665555953991 0.52030742168426525 0.56011685729026806 0.45360901951789862 0.58736082911491405 0.41903977096080786 0.1261057183146477
decision_type=10 2 8 10 10 2 10
left_child=1 2 -1 6 -5 -2 -3
right_child=5 3 -4 4 -6 -7 -8
leaf_value=0.1171419574299202 0.12426767289833074 -0.047245359205865367 -0.035957411486094833 -0.039748904666908849 0.10552044173892963 0.021717788745583538 -0.014306252645640775
leaf_weight=3.9029341936111441 4.3459020107984534 28.097786985337738 2.6213653385639191 4.0750980973243704 3.2624670118093491 1.830902427434921 1.5377761796116818
leaf_count=21 23 149 8 18 17 7 9
internal_value=0.000136844 -0.0161553 0.0590253 -0.0306268 0.0297506 0.101132 -0.0460589
internal_weight=49.6742 43.4974 6.5243 36.9731 7.33757 6.1768 29.6356
internal_count=252 222 29 193 35 30 158
is_linear=0
shrinkage=0.05


Tree=14
num_leaves=5
num_cat=0
split_feature=16 7 1 13
split_gain=36.0364 67.575 6.78112 1.65566
threshold=0.36709213256835943 0.37393729388713842 0.26787382364273077 0.33310896158218389
decision_type=8 8 2 10
left_child=-1 3 -3 -2
right_child=1 2 -4 -5
leaf_value=-0.046860546115250999 -0.045232931835238861 0.024855322264788288 0.12860012475592308 0.0031070068281822977
leaf_weight=22.168947204947472 12.114655859768392 2.4461766332387915 11.109559923410414 1.9051469266414631
leaf_count=132 58 8 45 9
internal_value=-0.000531108 0.0370512 0.112873 -0.0388945
internal_weight=49.7445 27.5755 13.5557 14.0198
internal_count=252 120 53 67
is_linear=0
shrinkage=0.05


Tree=15
num_leaves=3
num_cat=0
split_feature=19 1
split_gain=90.0551 3.98792
threshold=0.1940620765089989 0.25403150916099554
decision_type=8 2
left_child=-1 -2
right_child=1 -3
leaf_value=0.11656779990947436 0.012793318412372762 -0.047022931516594778
leaf_weight=10.856842100620268 2.6287650763988486 32.389625012874603
leaf_count=23 8 204
internal_value=-0.00301925 -0.0423021
internal_weight=45.8752 35.0184
internal_count=235 212
is_linear=0
shrinkage=0.05


Tree=16
num_leaves=3
num_cat=0
split_feature=28 8
split_gain=87.1057 4.82844
threshold=0.18790266662836078 -1.0953868627548216
decision_type=8 8
left_child=-1 -2
right_child=1 -3
leaf_value=0.11109221068831893 0.023901287554652456 -0.047036407592615521
leaf_weight=11.549111932516096 1.9926707893609998 32.197841860353947
leaf_count=29 6 200
internal_value=-0.00205115 -0.0423403
internal_weight=45.7396 34.1905
internal_count=235 206
is_linear=0
shrinkage=0.05


Tree=17
num_leaves=8
num_cat=0
split_feature=0 21 24 3 31 2 11
split_gain=41.3899 9.35435 15.1117 16.7322 2.50699 0.500652 0.411914
threshold=0.82692214846611034 0.26694390177726751 0.48223215341567999 0.41663633286952978 0.59196636080741893 0.26794266700744634 -1.0000000180025095e-35
decision_type=2 8 10 2 8 2 10
left_child=1 2 -1 5 -2 -4 -3
right_child=4 6 3 -5 -6 -7 -8
leaf_value=0.094197066822911915 0.11416920475565451 -0.045942000177360678 -0.044361609667887783 0.087896222192829165 0.024898442290886735 -0.0089963029034823942 -0.01340054718826968
leaf_weight=2.8340633660554913 5.907666251063346 18.595422938466072 10.550947040319441 2.1661463975906363 1.6382993906736372 1.7403434962034214 2.0964770242571857
leaf_count=18 37 92 46 14 9 10 9
internal_value=0.000321585 -0.0215315 0.00559704 -0.0167414 0.0999691 -0.0404078 -0.0434147
internal_weight=45.5294 37.9834 17.2915 14.4574 7.54597 12.2913 20.6919
internal_count=235 189 88 70 46 56 101
is_linear=0
shrinkage=0.05


Tree=18
num_leaves=6
num_cat=0
split_feature=3 27 31 0 4
split_gain=24.2355 31.4992 27.161 3.89553 1.75601
threshold=0.23081354051828387 0.4354854822158814 0.57594573497772228 0.55968040227890026 0.28345385193824774
decision_type=2 10 10 2 2
left_child=-1 3 4 -2 -3
right_child=1 2 -4 -5 -6
leaf_value=0.10308926525339959 0.010298923989694383 0.0091245901637927625 0.11196138176862827 -0.046587402738052321 -0.039308215386367251
leaf_weight=4.2659517526626578 3.0341668576002148 2.4486795961856824 6.9895227551460266 25.168151311576366 4.1226054280996323
leaf_count=21 12 10 34 140 18
internal_value=0.00191222 -0.0105917 0.0497655 -0.0403241 -0.0224391
internal_weight=46.0291 41.7631 13.5608 28.2023 6.57129
internal_count=235 214 62 152 28
is_linear=0
shrinkage=0.05


Tree=19
num_leaves=5
num_cat=0
split_feature=16 13 3 29
split_gain=31.4819 59.9375 5.9277 1.19255
threshold=0.363842323422432 0.33710718154907232 0.44699460268020635 -1.3166619539260862
decision_type=8 8 2 8
left_child=-1 -2 3 -3
right_child=1 2 -4 -5
leaf_value=-0.046013026438056305 -0.044868151327464148 0.044739568468553759 0.020633131172841077 0.12149788438029266
leaf_weight=18.607988640666008 12.126230522990229 2.2017233520746231 2.6015818417072287 10.573222473263739
leaf_count=116 60 10 9 40
internal_value=0.00281263 0.0363027 0.0991466 0.112477
internal_weight=46.1107 27.5028 15.3765 12.7749
internal_count=235 119 59 50
is_linear=0
shrinkage=0.05


Tree=20
num_leaves=3
num_cat=0
split_feature=19 5
split_gain=76.8787 7.69536
threshold=0.1940620765089989 -0.55889993906021107
decision_type=8 2
left_child=-1 -2
right_child=1 -3
leaf_value=0.10522233840978928 0.02883299922424189 -0.046589173283090535
leaf_weight=11.46955096721649 3.1076832860708228 31.285084374248981
leaf_count=23 11 207
internal_value=-0.00157105 -0.039152
internal_weight=45.8623 34.3928
internal_count=241 218
is_linear=0
shrinkage=0.05


Tree=21
num_leaves=4
num_cat=0
split_feature=22 10 3
split_gain=79.7166 5.44683 1.62034
threshold=0.1971501633524895 0.2331059128046036 0.689408838748932
decision_type=8 10 2
left_child=1 -1 -2
right_child=2 -3 -4
leaf_value=0.015337141300841271 -0.046501190500118028 0.10862524232475804 0.0032260030648106012
leaf_weight=2.2032108902931204 30.791245624423027 11.502152830362318 1.5951696336269368
leaf_count=11 201 24 5
internal_value=-0.00133317 0.0956914 -0.0440286
internal_weight=46.0918 13.7054 32.3864
internal_count=241 35 206
is_linear=0
shrinkage=0.05


Tree=22
num_leaves=6
num_cat=0
split_feature=3 9 18 16 3
split_gain=32.7153 27.1375 21.7984 12.6993 1.08973
threshold=0.46224899590015417 0.52107828855514537 0.5844227969646455 0.5391642451286317 0.41663633286952978
decision_type=2 8 8 10 2
left_child=2 -2 3 -1 -4
right_child=1 -3 4 -5 -6
leaf_value=-0.0267789843323539 0.10735607951053878 -0.038295733259530236 -0.046227499525931033 0.10451360446296831 -0.0068027508302263883
leaf_weight=2.484562322497367 9.8013679385185206 3.9391717314720163 24.174662694334987 3.6783634275197983 2.2910381555557242
leaf_count=13 58 14 121 23 12
internal_value=0.00379853 0.065835 -0.0235071 0.0552344 -0.0431866
internal_weight=46.3692 13.7405 32.6286 6.16293 26.4657
internal_count=241 72 169 36 133
is_linear=0
shrinkage=0.05


Tree=23
num_leaves=8
num_cat=0
split_feature=6 18 12 21 6 4 12
split_gain=25.2616 26.0882 17.4422 4.99748 3.31144 0.788153 0.0051345
threshold=0.83007189631462108 0.62946876883506786 0.8309619426727296 0.79734823107719432 0.7865160107612611 0.27051652967929846 0.52433863282203685
decision_type=10 10 10 10 8 2 10
left_child=1 3 5 6 -4 -3 -1
right_child=-2 2 4 -5 -6 -7 -8
leaf_value=-0.043353098814929908 -0.045214963693730618 0.04233362354677999 0.039181829493073361 0.030096461617887701 -0.03028391526268704 0.10886370161320376 -0.016291980760746137
leaf_weight=8.0406078621745127 16.891013585031033 2.3545570522546795 1.6989414393901814 2.4612935334444037 3.7566292658448219 9.3770070075988752 1.6954256370663632
leaf_count=42 101 10 8 10 17 44 9
internal_value=0.00196231 0.0296767 0.0678166 -0.0251323 -0.00593284 0.0998848 -0.0405971
internal_weight=46.2755 29.3845 17.1871 12.1973 5.45557 11.7316 9.73603
internal_count=241 140 79 61 25 54 51
is_linear=0
shrinkage=0.05


Tree=24
num_leaves=5
num_cat=0
split_feature=16 13 5 6
split_gain=24.3041 48.1186 4.14717 0.446478
threshold=0.363842323422432 0.33710718154907232 -0.22316493093967435 0.84683683514595043
decision_type=8 8 2 8
left_child=-1 -2 3 -3
right_child=1 2 -4 -5
leaf_value=-0.045542255050535135 -0.044484033955694197 0.015343913642407392 0.1037780112100611 0.051470940338176299
leaf_weight=18.663096435368061 12.314875289797785 2.7602164894342414 9.744885638356207 2.4723327308893204
leaf_count=120 66 12 35 8
internal_value=-0.0029027 0.0268343 0.0845883 0.0379332
internal_weight=45.9554 27.2923 14.9774 5.23255
internal_count=241 121 55 20
is_linear=0
shrinkage=0.05


Tree=25
num_leaves=3
num_cat=0
split_feature=19 1
split_gain=70.8889 12.3901
threshold=0.1940620765089989 0.25403150916099554
decision_type=8 2
left_child=-1 -2
right_child=1 -3
leaf_value=0.097206640669877831 0.047064201895379749 -0.046075299965268886
leaf_weight=13.001251742243765 3.2142387032508841 30.472251661121845
leaf_count=25 9 208
internal_value=0.00229118 -0.0360876
internal_weight=46.6877 33.6865
internal_count=242 217
is_linear=0
shrinkage=0.05


Tree=26
num_leaves=4
num_cat=0
split_feature=28 8 10
split_gain=70.3559 4.83107 0.903134
threshold=0.19973575323820117 -1.0953868627548216 0.2331059128046036
decision_type=8 8 10
left_child=2 -2 -1
right_child=1 -3 -4
leaf_value=0.0369233400277858 0.02531524190605566 -0.046044759045792062 0.098635552872958582
leaf_weight=2.3649106472730628 1.945238724350929 30.723320573568344 10.987648755311964
leaf_count=10 6 204 22
internal_value=-0.00169033 -0.04117 0.0910397
internal_weight=46.0211 32.6686 13.3526
internal_count=242 210 32
is_linear=0
shrinkage=0.05


Tree=27
num_leaves=6
num_cat=0
split_feature=0 27 18 3 11
split_gain=33.6736 9.65676 15.472 16.3682 0.62563
threshold=0.82692214846611034 0.23357092589139941 0.5844227969646455 0.41663633286952978 -1.0000000180025095e-35
decision_type=2 8 10 2 10
left_child=1 2 -1 -4 -3
right_child=-2 4 3 -5 -6
leaf_value=0.082935615985805747 0.090445053243899121 -0.044882518978417781 -0.043872016591437843 0.073610231794027967 -0.013456620689351368
leaf_weight=4.1308507323265102 7.786770522594451 16.985695466399193 11.676798477768896 2.9044484645128241 2.9206397384405163
leaf_count=24 44 88 57 16 13
internal_value=0.00193015 -0.0177498 0.00795354 -0.0172483 -0.0411359
internal_weight=46.4052 38.6184 18.7121 14.5812 19.9063
internal_count=242 198 97 73 101
is_linear=0
shrinkage=0.05


Tree=28
num_leaves=9
num_cat=0
split_feature=8 6 20 21 26 12 11 8
split_gain=22.8192 20.8556 8.231 4.99688 3.12056 1.73711 0.890339 0.0779002
threshold=0.067998234182596221 0.82191866636276256 -0.46480129659175867 0.79734823107719432 -0.10439107939600943 0.8309619426727296 0.42009721696376806 0.024102503433823589
decision_type=10 8 10 10 10 8 10 10
left_child=3 2 -2 6 -3 -4 7 -1
right_child=1 4 5 -5 -6 -7 -8 -9
leaf_value=-0.045486326523525827 -0.011908853197923343 -0.041224978517501204 0.094717929294089204 0.031424130824616904 0.023824382047333142 0.026834449904748016 -0.0048771742972277413 -0.015732082616380393
leaf_weight=18.732070468366157 2.340146340429782 6.5680926218628883 9.6277291178703308 1.9182792901992787 1.7099095731973628 2.1235042288899431 1.8492686077952374 1.6119835451245297
leaf_count=101 11 36 43 8 10 11 8 14
internal_value=-0.00121268 0.0343716 0.069621 -0.0342799 -0.0266687 0.0855175 -0.041069 -0.0439762
internal_weight=46.481 22.3694 14.0914 24.1116 8.278 11.7512 22.1933 20.3441
internal_count=242 111 65 131 46 54 123 115
is_linear=0
shrinkage=0.05


Tree=29
num_leaves=5
num_cat=0
split_feature=28 13 1 17
split_gain=22.2497 40.918 6.90844 0.799755
threshold=0.36335135996341711 0.33710718154907232 0.26787382364273077 -1.0635038614273069
decision_type=8 8 2 8
left_child=-1 -2 -3 -4
right_child=1 2 3 -5
leaf_value=-0.044941107585727426 -0.043937153920548255 0.0062506959525642242 0.036007490903800628 0.093786091361875726
leaf_weight=17.272154070436954 12.047613665461542 3.4402759522199657 2.4576906710863113 11.565707266330717
leaf_count=116 65 10 11 40
internal_value=-0.00133309 0.0248259 0.0720737 0.0867308
internal_weight=46.7834 29.5113 17.4637 14.0234
internal_count=242 126 61 51
is_linear=0
shrinkage=0.05


Tree=30
num_leaves=3
num_cat=0
split_feature=19 12
split_gain=63.5482 6.27046
threshold=0.1940620765089989 1.0668204426765444
decision_type=8 8
left_child=-1 -2
right_child=1 -3
leaf_value=0.089069046158258391 -0.04576958928317007 0.019027895308444894
leaf_weight=12.848941206932066 29.091965585947037 3.7057509645819655
leaf_count=24 200 19
internal_value=-0.00116288 -0.0381019
internal_weight=45.6467 32.7977
internal_count=243 219
is_linear=0
shrinkage=0.05


Tree=31
num_leaves=4
num_cat=0
split_feature=22 8 10
split_gain=65.0722 5.58068 2.12235
threshold=0.1971501633524895 -1.0953868627548216 0.22903628647327426
decision_type=8 8 10
left_child=2 -2 -1
right_child=1 -3 -4
leaf_value=0.020871631178618889 0.034944682728092605 -0.045517995599365729 0.090665468508797323
leaf_weight=1.9472351819276799 1.6059192419052122 29.182343594729904 12.988033518195151
leaf_count=9 5 203 26
internal_value=0.00100524 -0.0403538 0.0834467
internal_weight=45.7235 30.7883 14.9353
internal_count=243 208 35
is_linear=0
shrinkage=0.05


Tree=32
num_leaves=6
num_cat=0
split_feature=3 15 30 16 7
split_gain=29.8221 19.8631 18.3855 10.4155 0.145484
threshold=0.42897365987300878 0.29353436827659612 0.58647587895393383 0.5391642451286317 0.43159490823745733
decision_type=2 8 8 10 10
left_child=2 4 3 -1 -2
right_child=1 -3 -4 -5 -6
leaf_value=-0.032942364016648344 0.09642488018324992 -0.037153391971614526 -0.045463292183321777 0.088168592342257712 0.038800955116916835
leaf_weight=2.1341748386621502 8.6636362299323064 3.5669179409742346 25.458721309900284 3.850072056055069 2.0775696337223044
leaf_count=11 49 14 137 22 10
internal_value=6.47564e-05 0.0575871 -0.027079 0.0464441 0.0895332
internal_weight=45.7511 14.3081 31.443 5.98425 10.7412
internal_count=243 73 170 33 59
is_linear=0
shrinkage=0.05


Tree=33
num_leaves=7
num_cat=0
split_feature=21 3 8 21 13 0
split_gain=21.6731 23.4372 6.2595 5.40929 7.99421 3.93024
threshold=0.72182428836822521 0.23081354051828387 0.29242046177387243 0.45360901951789862 0.553774654865265 0.57277494668960582
decision_type=10 2 8 10 10 2
left_child=1 -1 -2 5 -5 -3
right_child=2 3 -4 4 -6 -7
leaf_value=0.084463121726865154 -0.008201848290050948 0.013000671528066719 0.087243158448701785 -0.036651160760993992 0.066427882689786291 -0.045353527158324441
leaf_weight=4.1440491825342169 1.9862481206655482 2.8124297857284573 6.9321494549512863 3.0982895195484152 2.5214447379112244 24.716769203543663
leaf_count=18 9 12 30 13 11 150
internal_value=0.00146042 -0.0156317 0.0673025 -0.0302518 0.0126463 -0.0391452
internal_weight=46.2114 37.293 8.9184 33.1489 5.61973 27.5292
internal_count=243 204 39 186 24 162
is_linear=0
shrinkage=0.05


Tree=34
num_leaves=5
num_cat=0
split_feature=22 7 13 27
split_gain=22.0063 39.4956 4.69689 0.440195
threshold=0.36062406003475195 0.37275862693786627 0.33710718154907232 0.24322842061519626
decision_type=8 8 10 10
left_child=-1 3 -3 -2
right_child=1 2 -4 -5
leaf_value=-0.044562126199653197 -0.04381546694934306 0.016237896052074329 0.086923371530416002 -0.0074354921571111419
leaf_weight=17.275062076747417 10.988386459648611 3.4579550325870541 13.038911297917364 1.3865194767713536
leaf_count=118 63 13 43 6
internal_value=-0.00137231 0.0250965 0.0738816 -0.0406
internal_weight=46.1468 28.8718 16.4969 12.3749
internal_count=243 125 56 69
is_linear=0
shrinkage=0.05


Tree=35
num_leaves=3
num_cat=0
split_feature=19 1
split_gain=52.6499 8.09899
threshold=0.1940620765089989 0.25403150916099554
decision_type=8 2
left_child=-1 -2
right_child=1 -3
leaf_value=0.084295746187462287 0.035765626524882459 -0.045217737000604649
leaf_weight=11.220973134040831 2.7023688554763821 28.888451710343361
leaf_count=20 8 214
internal_value=-0.0043115 -0.0374053
internal_weight=42.8118 31.5908
internal_count=242 222
is_linear=0
shrinkage=0.05


Tree=36
num_leaves=4
num_cat=0
split_feature=22 8 21
split_gain=53.4079 4.49706 1.02084
threshold=0.1971501633524895 -1.0953868627548216 0.2274846434593201
decision_type=8 8 10
left_child=2 -2 -1
right_child=1 -3 -4
leaf_value=0.036724087057205125 0.023580112173511109 -0.045040785857326966 0.084399923233458157
leaf_weight=3.8897335678338996 1.999921530485153 27.255257546901706 10.48262184858322
leaf_count=14 6 202 20
internal_value=-0.00119202 -0.0397254 0.0747253
internal_weight=43.6275 29.2552 14.3724
internal_count=242 208 34
is_linear=0
shrinkage=0.05


Tree=37
num_leaves=8
num_cat=0
split_feature=0 27 12 10 29 11 1
split_gain=26.7266 8.78063 9.89069 9.90578 1.81188 0.734296 0.362759
threshold=0.82692214846611034 0.23357092589139941 0.60056015849113475 0.30324359238147741 -0.68761271238327015 0.0055690018925815829 0.28956128656864172
decision_type=2 8 10 10 8 10 2
left_child=1 2 -1 4 -4 -3 -2
right_child=6 5 3 -5 -6 -7 -8
leaf_value=0.071065620333264759 0.029960622734194243 -0.043976339927767297 0.0062401516475777616 -0.040039594625571877 0.071538648462293658 -0.010180323892102014 0.083338154989573227
leaf_weight=3.7111591696739259 1.9541692286729793 16.06562115997076 1.9890526533126829 9.2173819690942747 1.9463094621896737 2.5605147927999488 6.8334538489580154
leaf_count=20 10 93 9 50 11 12 37
internal_value=0.00242354 -0.0173089 0.00868392 -0.0126953 0.0464864 -0.0400859 0.075742
internal_weight=44.2777 35.49 16.8639 13.1527 3.93536 18.6261 8.78762
internal_count=242 195 90 70 20 105 47
is_linear=0
shrinkage=0.05


Tree=38
num_leaves=6
num_cat=0
split_feature=27 0 31 10 34
split_gain=19.7556 23.3466 15.4286 2.98535 2.51315
threshold=0.4354854822158814 0.54826566576957714 0.57594573497772228 0.34213544428348547 0.57032188773155224
decision_type=10 2 10 10 8
left_child=1 4 3 -2 -1
right_child=2 -3 -4 -5 -6
leaf_value=0.08302430508137533 0.021796453179716617 -0.044841772907684291 0.08402182846511505 -0.038388753747006822 0.013694890581914887
leaf_weight=3.4063888937234905 2.8198203295469275 23.015923000872135 9.2389848977327329 3.6659847050905228 2.5199352651834488
leaf_count=15 11 150 39 17 10
internal_value=0.00222395 -0.0221384 0.0457067 -0.0128059 0.0597781
internal_weight=44.667 28.9422 15.7248 6.48581 5.92632
internal_count=242 175 67 28 25
is_linear=0
shrinkage=0.05


Tree=39
num_leaves=5
num_cat=0
split_feature=16 31 1 8
split_gain=23.0958 32.5826 6.01601 1.18192
threshold=0.363842323422432 0.3318475633859635 0.26074881851673132 0.20142128318548205
decision_type=8 8 2 10
left_child=-1 -2 -3 -4
right_child=1 2 3 -5
leaf_value=-0.044080892509733273 -0.042544196397225724 0.00033725707348969712 0.090258049501963741 0.041771757042052417
leaf_weight=16.791063830256462 9.7092401087284106 2.8724621534347561 10.47869238257408 4.5853419303894034
leaf_count=124 58 8 34 18
internal_value=0.00067782 0.0284525 0.0671011 0.0790184
internal_weight=44.4368 27.6457 17.9365 15.064
internal_count=242 118 60 52
is_linear=0
shrinkage=0.05


Tree=40
num_leaves=3
num_cat=0
split_feature=19 13
split_gain=51.108 5.45753
threshold=0.1940620765089989 0.20069830119609836
decision_type=8 10
left_child=-1 -2
right_child=1 -3
leaf_value=0.07898987448406114 0.014255160369833465 -0.044949738206622764
leaf_weight=12.501762628555296 4.0424333959817913 26.942474417388439
leaf_count=22 19 203
internal_value=-0.00264402 -0.0370214
internal_weight=43.4867 30.9849
internal_count=244 222
is_linear=0
shrinkage=0.05


Tree=41
num_leaves=4
num_cat=0
split_feature=22 5 21
split_gain=55.387 4.36208 1.09098
threshold=0.1971501633524895 0.56219273805618297 0.20593544840812686
decision_type=8 2 10
left_child=2 -2 -1
right_child=1 -3 -4
leaf_value=0.028038289009467261 -0.044626684067617876 0.022000581769522971 0.081207107844009974
leaf_weight=2.5389176905155173 26.234351187944416 2.1077643632888785 13.228712439537047
leaf_count=10 199 10 25
internal_value=0.00238732 -0.0390908 0.0748286
internal_weight=44.1097 28.3421 15.7676
internal_count=244 209 35
is_linear=0
shrinkage=0.05


Tree=42
num_leaves=6
num_cat=0
split_feature=0 27 12 3 9
split_gain=23.7638 8.89384 10.7515 10.3464 0.495387
threshold=0.82692214846611034 0.23357092589139941 0.60056015849113475 0.41663633286952978 0.37543921172618872
decision_type=2 8 10 2 10
left_child=1 2 -1 -4 -2
right_child=4 -3 3 -5 -6
leaf_value=0.068149235897213098 0.026429323901077342 -0.042503278670809448 -0.039827919404149585 0.052312425043660953 0.077821851000774475
leaf_weight=4.1641471683979097 1.9900304228067378 17.963875733315941 10.345751434564589 3.2173106223344794 6.5566537380218506
leaf_count=22 10 104 57 16 35
internal_value=-0.000403576 -0.018679 0.00644371 -0.0158799 0.0698774
internal_weight=44.2378 35.6911 17.7272 13.5631 8.54668
internal_count=244 199 95 73 45
is_linear=0
shrinkage=0.05


Tree=43
num_leaves=5
num_cat=0
split_feature=6 12 27 19
split_gain=16.1008 24.3673 8.9868 6.22265
threshold=0.82191866636276256 0.632550209760666 0.57243457436561596 0.1940620765089989
decision_type=8 10 10 10
left_child=1 -1 -2 -3
right_child=2 3 -4 -5
leaf_value=-0.04168446788948256 -0.043951137594004853 -0.016716752436099963 0.0295189329743561 0.07544138334436637
leaf_weight=7.2309204116463688 17.91406557708979 1.7252377569675434 4.5742566436529151 13.543820485472677
leaf_count=40 119 6 19 60
internal_value=0.000908898 0.030151 -0.0283864 0.064641
internal_weight=44.9883 22.5 22.4883 15.2691
internal_count=244 106 138 66
is_linear=0
shrinkage=0.05


Tree=44
num_leaves=5
num_cat=0
split_feature=16 13 3 6
split_gain=20.6494 30.8578 5.48497 1.06953
threshold=0.363842323422432 0.33710718154907232 0.44699460268020635 0.73080334067344677
decision_type=8 8 2 8
left_child=-1 -2 3 -3
right_child=1 2 -4 -5
leaf_value=-0.043613788607728167 -0.042255909981705725 0.028223697437323909 0.0038114336813822418 0.082060075846125569
leaf_weight=16.285618491470814 10.066615156829359 2.4904239028692254 3.3573606610298148 12.316962957382202
leaf_count=122 62 10 10 40
internal_value=-0.000299004 0.0253249 0.0630278 0.0753637
internal_weight=44.517 28.2314 18.1647 14.8074
internal_count=244 122 60 50
is_linear=0
shrinkage=0.05


Tree=45
num_leaves=3
num_cat=0
split_feature=19 1
split_gain=45.925 11.6105
threshold=0.1940620765089989 0.25403150916099554
decision_type=8 2
left_child=-1 -2
right_child=1 -3
leaf_value=0.073553497701734208 0.046544537373509068 -0.044399074435161445
leaf_weight=13.865719631314276 3.1936829686164883 26.605050511658192
leaf_count=25 9 213
internal_value=0.00141007 -0.0334574
internal_weight=43.6645 29.7987
internal_count=247 222
is_linear=0
shrinkage=0.05


Tree=46
num_leaves=4
num_cat=0
split_feature=22 30 21
split_gain=53.326 2.13739 0.073204
threshold=0.18232199549674991 0.21428620070219043 0.22240882366895678
decision_type=8 8 10
left_child=2 -2 -1
right_child=1 -3 -4
leaf_value=0.035684570020301669 0.015704930656141113 -0.044473475794197692 0.075320097454290122
leaf_weight=2.9872077405452719 1.0843155533075357 26.807485863566399 12.795130848884581
leaf_count=10 6 207 24
internal_value=-0.000506537 -0.0416714 0.0703914
internal_weight=43.6741 27.8918 15.7823
internal_count=247 213 34
is_linear=0
shrinkage=0.05


Tree=47
num_leaves=6
num_cat=0
split_feature=27 9 18 27 11
split_gain=21.8883 14.3126 10.4869 6.94531 0.674429
threshold=0.23357092589139941 0.28114046156406408 0.5844227969646455 0.034888735041022308 0.0055690018925815829
decision_type=8 10 8 10 10
left_child=1 2 -1 -4 -2
right_child=4 -3 3 -5 -6
leaf_value=0.060482487853643296 -0.043313307416707907 0.073013260099063837 0.05080768676785824 -0.041872529533319727 -0.010875118301372826
leaf_weight=3.9627255052328119 15.431460894644262 10.446756139397619 1.6020395979285247 9.6784820780158025 2.670848384499549
leaf_count=21 95 55 9 54 13
internal_value=0.0015487 0.0307603 -0.000909514 -0.0256448 -0.0393472
internal_weight=43.7923 25.69 15.2432 11.2805 18.1023
internal_count=247 139 84 63 108
is_linear=0
shrinkage=0.05


Tree=48
num_leaves=7
num_cat=0
split_feature=6 18 4 16 27 12
split_gain=14.4217 19.555 8.64108 4.08716 4.03153 0.703359
threshold=0.82191866636276256 0.62946876883506786 0.25684387981891638 0.363842323422432 0.36109106242656713 0.8309619426727296
decision_type=10 10 2 8 10 10
left_child=1 3 -3 -1 -2 -4
right_child=4 2 5 -5 -6 -7
leaf_value=0.016969462851579683 -0.043049330854065287 -0.031019595051619553 0.076791598601617175 -0.042145691733632556 0.031082548095378765 0.027851771078791294
leaf_weight=3.5684543773531923 15.206511408090593 1.8550260663032521 11.323697224259375 8.5139044299721718 1.3494239896535862 2.4312593564391127
leaf_count=15 110 7 47 49 6 13
internal_value=0.000116293 0.0219541 0.0573969 -0.0247238 -0.0355808 0.0706151
internal_weight=44.2483 27.6923 15.61 12.0824 16.5559 13.755
internal_count=247 131 67 64 116 60
is_linear=0
shrinkage=0.05


Tree=49
num_leaves=5
num_cat=0
split_feature=16 13 1 8
split_gain=17.5242 27.2452 2.50914 0.659527
threshold=0.363842323422432 0.33710718154907232 0.26787382364273077 0.20142128318548205
decision_type=8 8 2 10
left_child=-1 -2 -3 -4
right_child=1 2 3 -5
leaf_value=-0.043208515938647954 -0.041901467583477306 0.014294512254556411 0.074839379311452486 0.034651911062230749
leaf_weight=15.763440847396849 10.131744563579561 3.540096431970599 10.086170092225073 4.2290514856576911
leaf_count=124 65 10 32 16
internal_value=-0.00256942 0.0210211 0.0570543 0.0660048
internal_weight=43.7505 27.9871 17.8553 14.3152
internal_count=247 123 58 48
is_linear=0
shrinkage=0.05


Tree=50
num_leaves=4
num_cat=0
split_feature=19 28 5
split_gain=44.5624 5.3424 2.27055
threshold=0.1940620765089989 0.51839643716812145 -0.55889993906021107
decision_type=10 8 2
left_child=1 -1 -2
right_child=2 -3 -4
leaf_value=-0.00074700249877791565 0.017233676642820335 0.07050265120550421 -0.04412097953093401
leaf_weight=3.1125970184803036 1.0974609702825571 15.296930909156798 24.133753195405006
leaf_count=14 5 31 201
internal_value=0.0016381 0.0590383 -0.040897
internal_weight=43.6407 18.4095 25.2312
internal_count=251 45 206
is_linear=0
shrinkage=0.05


Tree=51
num_leaves=4
num_cat=0
split_feature=22 8 21
split_gain=46.3569 4.4795 0.0601551
threshold=0.18232199549674991 -1.0953868627548216 0.22240882366895678
decision_type=8 8 10
left_child=2 -2 -1
right_child=1 -3 -4
leaf_value=0.033796708439562805 0.025030434068591859 -0.043953427940775454 0.071053243270221625
leaf_weight=3.0089358836412421 1.9461356550455091 25.581379331648353 12.760657012462614
leaf_count=10 6 211 24
internal_value=0.000420534 -0.03837 0.0663837
internal_weight=43.2971 27.5275 15.7696
internal_count=251 217 34
is_linear=0
shrinkage=0.05


Tree=52
num_leaves=5
num_cat=0
split_feature=21 3 12 5
split_gain=18.7928 18.6019 15.8497 0.241212
threshold=0.26694390177726751 0.41663633286952978 0.60056015849113475 0.39969885349273687
decision_type=8 2 8 2
left_child=1 2 -1 -2
right_child=3 -3 -4 -5
leaf_value=0.067611191560910666 -0.042768229675915641 0.071171033720041479 -0.039951074527002028 -0.015433739679930803
leaf_weight=3.764185070991517 14.083615452051164 11.618116319179533 11.297536090016365 2.459881678223609
leaf_count=20 93 61 65 12
internal_value=0.000686479 0.0263317 -0.0105336 -0.0398152
internal_weight=43.2233 26.6798 15.0617 16.5435
internal_count=251 146 85 105
is_linear=0
shrinkage=0.05


Tree=53
num_leaves=6
num_cat=0
split_feature=27 0 19 30 3
split_gain=14.8616 20.1343 11.4706 2.87656 2.28837
threshold=0.4354854822158814 0.54826566576957714 0.58736082911491405 0.82243561744689953 0.34723798930644995
decision_type=10 2 10 10 2
left_child=1 3 4 -1 -2
right_child=2 -3 -4 -5 -6
leaf_value=0.0035766516117775263 0.017994665883598354 -0.043829078886945802 0.069663767299078458 0.070112173208166262 -0.037307421463633805
leaf_weight=2.4988276511430767 2.4164259135723105 22.175198502838612 9.5078756064176542 4.3265099674463272 3.4758635312318802
leaf_count=10 12 158 39 18 14
internal_value=-7.19727e-05 -0.0209923 0.0382016 0.0493228 -0.0153078
internal_weight=44.4007 29.0005 15.4002 6.82534 5.89229
internal_count=251 186 65 28 26
is_linear=0
shrinkage=0.05


Tree=54
num_leaves=5
num_cat=0
split_feature=16 7 0 21
split_gain=16.4594 27.8522 5.09311 0.235269
threshold=0.36709213256835943 0.36228898167610174 0.63217204809188854 0.17124444991350177
decision_type=8 8 2 8
left_child=-1 -2 -3 -4
right_child=1 2 3 -5
leaf_value=-0.042856578810072758 -0.042640149609896955 -0.0035438763919857343 0.033809618037645227 0.073087620877813606
leaf_weight=15.325703561305998 10.444205254316332 2.8861806318163898 3.1781886816024754 11.879205301403999
leaf_count=126 66 9 12 38
internal_value=-0.00265793 0.019764 0.0564203 0.067419
internal_weight=43.7135 28.3878 17.9436 15.0574
internal_count=251 125 59 50
is_linear=0
shrinkage=0.05


Tree=55
num_leaves=3
num_cat=0
split_feature=19 1
split_gain=35.7424 9.29061
threshold=0.1940620765089989 0.25738820433616644
decision_type=8 2
left_child=-1 -2
right_child=1 -3
leaf_value=0.06539130671469974 0.034351097774063276 -0.043644008968276811
leaf_weight=12.588889524340628 3.7182856351137188 24.7427775003016
leaf_count=23 10 214
internal_value=-0.00173233 -0.0326343
internal_weight=41.05 28.4611
internal_count=247 224
is_linear=0
shrinkage=0.05


Tree=56
num_leaves=4
num_cat=0
split_feature=22 21 30
split_gain=43.3639 3.56274 4.88188
threshold=0.1971501633524895 0.19864739477634433 0.8108629882335664
decision_type=10 10 8
left_child=1 2 -1
right_child=-2 -3 -4
leaf_value=0.052007163900435777 -0.043352539116616129 0.06737743325460363 -0.033807810849057915
leaf_weight=2.6324394047260311 22.292259275913239 15.058594927191733 2.1302646845579147
leaf_count=7 196 30 14
internal_value=0.00360197 0.0559558 0.0144178
internal_weight=42.1136 19.8213 4.7627
internal_count=247 51 21
is_linear=0
shrinkage=0.05


Tree=57
num_leaves=6
num_cat=0
split_feature=21 3 12 10 7
split_gain=17.3261 15.111 12.5201 1.08871 0.921254
threshold=0.251508578658104 0.41663633286952978 0.60056015849113475 0.30771403014659887 0.32746459543704992
decision_type=8 2 8 8 8
left_child=1 2 -1 -3 -2
right_child=4 3 -4 -5 -6
leaf_value=0.056072670151566265 -0.0064179031086055134 0.071364310698308828 -0.041282092288596306 0.017488366156406376 -0.04281046505857803
leaf_weight=3.8655267655849466 2.3972240760922459 9.7706093043088877 9.3952320516109467 1.8845642954111106 14.574738353490828
leaf_count=20 12 52 56 8 99
internal_value=-0.000601458 0.0255738 -0.0109611 0.0647232 -0.0383133
internal_weight=41.8879 24.9159 13.2608 11.6552 16.972
internal_count=247 136 76 60 111
is_linear=0
shrinkage=0.05


Tree=58
num_leaves=8
num_cat=0
split_feature=6 18 5 21 4 21 12
split_gain=13.2883 13.0592 7.14112 5.29355 2.42781 0.979824 0.0248053
threshold=0.82191866636276256 0.62946876883506786 -0.3861690610647201 0.80038666725158703 0.26090210676193243 0.3354469239711762 0.52433863282203685
decision_type=10 10 2 10 2 10 10
left_child=1 3 -3 6 -4 -2 -1
right_child=5 2 4 -5 -6 -7 -8
leaf_value=-0.041159558749926141 -0.042092091888725716 -0.031939667345517044 0.0019266671511261255 0.039583601744058908 0.064821106170288731 0.0018576690087290149 -0.014679466617547252
leaf_weight=7.3920272961258906 13.685670174658297 1.944290012121203 1.7991100475192059 1.9126377552747715 12.642890714108942 1.2977589666843403 1.6173613667488096
leaf_count=44 108 9 8 8 55 6 9
internal_value=-0.00200321 0.0186221 0.045766 -0.0225248 0.0576182 -0.0384074 -0.0383474
internal_weight=42.2917 27.3083 16.3863 10.922 14.442 14.9834 9.00939
internal_count=247 133 72 61 63 114 53
is_linear=0
shrinkage=0.05


Tree=59
num_leaves=7
num_cat=0
split_feature=28 7 1 13 17 9
split_gain=17.5667 22.4376 3.49719 1.85662 0.33725 0.324521
threshold=0.36335135996341711 0.36228898167610174 0.26074881851673132 0.36143843829631811 -1.2565817236900327 0.15938480198383334
decision_type=8 8 2 8 10 8
left_child=-1 5 -3 -4 -5 -2
right_child=1 2 3 4 -6 -7
leaf_value=-0.042304287520184863 -0.0081248061501048123 0.00069541137452488761 0.0066352660280278091 0.028521969773240386 0.07244080224185688 -0.041384833997304228
leaf_weight=14.504167303442953 1.4156507626175887 2.6856414377689388 1.606866374611857 2.342192336916928 12.190302610397332 7.8224220201373109
leaf_count=124 12 7 9 9 38 48
internal_value=0.00069016 0.0236025 0.0540077 0.0623208 0.0676544 -0.0375795
internal_weight=42.5672 28.0631 18.825 16.1394 14.5325 9.23807
internal_count=247 123 63 56 47 60
is_linear=0
shrinkage=0.05


Tree=60
num_leaves=3
num_cat=0
split_feature=19 1
split_gain=33.4746 9.30948
threshold=0.1940620765089989 0.25403150916099554
decision_type=8 2
left_child=-1 -2
right_child=1 -3
leaf_value=0.064643777768658608 0.035976605759416191 -0.043261196673675471
leaf_weight=12.262660682201384 3.5895193666219738 23.377476152032614
leaf_count=22 9 216
internal_value=-0.000798788 -0.0318048
internal_weight=39.2297 26.967
internal_count=247 225
is_linear=0
shrinkage=0.05


Tree=61
num_leaves=4
num_cat=0
split_feature=22 8 21
split_gain=36.5824 4.99506 0.791036
threshold=0.1971501633524895 -1.0953868627548216 0.19864739477634433
decision_type=8 8 10
left_child=2 -2 -1
right_child=1 -3 -4
leaf_value=0.016855238662253337 0.033120384269754354 -0.043096101015008284 0.063762826686196483
leaf_weight=1.8911755606532086 1.6394449472427366 22.664249882102016 13.333572804927824
leaf_count=8 5 207 27
internal_value=0.000746713 -0.0368491 0.0593341
internal_weight=39.5284 24.3037 15.2247
internal_count=247 212 35
is_linear=0
shrinkage=0.05


Tree=62
num_leaves=6
num_cat=0
split_feature=3 15 30 16 33
split_gain=16.4497 12.5529 9.35855 6.89635 1.36644
threshold=0.47473335266113287 0.29353436827659612 0.58647587895393383 0.5391642451286317 0.14235673099756244
decision_type=2 8 8 10 8
left_child=2 -2 3 -1 -4
right_child=1 -3 4 -5 -6
leaf_value=-0.028897877170306327 0.068428012460043305 -0.034734173254072923 0.0068042229920968591 0.063027037664446908 -0.041764521765787467
leaf_weight=2.6974775493145016 10.594220757484434 3.2593761086463919 1.2843328788876522 3.9440784901380539 18.68976262956858
leaf_count=16 57 15 10 21 128
internal_value=0.00104643 0.0434523 -0.0218003 0.0267958 -0.038466
internal_weight=40.4692 13.8536 26.6157 6.64156 19.9741
internal_count=247 72 175 37 138
is_linear=0
shrinkage=0.05


Tree=63
num_leaves=7
num_cat=0
split_feature=20 3 13 34 25 26
split_gain=12.0407 11.0545 9.61187 1.53998 0.673471 0.147325
threshold=-0.43046134710311884 0.34723798930644995 0.56511029601097118 0.57217338681221019 0.61769762635231029 -0.40836046636104578
decision_type=8 2 10 8 10 10
left_child=5 3 -3 -2 -4 -1
right_child=1 2 4 -5 -6 -7
leaf_value=-0.041556728218652486 0.055632718120928661 -0.041363125392339412 0.053086112093521702 0.006329930260737332 0.011110593006794612 -0.016479968882770368
leaf_weight=10.907665133476256 11.226870760321617 9.2454419285058957 2.6534130424261084 2.13833011686802 2.1886282712221146 2.5895074643194667
leaf_count=80 49 65 11 11 12 19
internal_value=-0.00115208 0.0177723 -0.0128855 0.0487344 0.0392625 -0.0382142
internal_weight=40.9499 27.4527 14.0875 13.3652 4.84204 13.4972
internal_count=247 148 88 60 23 99
is_linear=0
shrinkage=0.05


Tree=64
num_leaves=5
num_cat=0
split_feature=16 7 4 9
split_gain=15.0238 21.6497 2.90532 0.222387
threshold=0.363842323422432 0.36228898167610174 0.25991745293140417 0.15435136854648593
decision_type=8 8 2 8
left_child=-1 3 -3 -2
right_child=1 2 -4 -5
leaf_value=-0.041777263530158898 -0.010876847007474823 0.0091107593365892994 0.06174593676207403 -0.04111143644968273
leaf_weight=13.249967630952595 1.6047333106398589 3.6212477385997799 14.451005220413206 7.8947761952877054
leaf_count=122 14 10 50 51
internal_value=0.00016276 0.0210744 0.0522298 -0.0375264
internal_weight=40.8217 27.5718 18.0723 9.49951
internal_count=247 125 60 65
is_linear=0
shrinkage=0.05


Tree=65
num_leaves=4
num_cat=0
split_feature=13 16 24
split_gain=32.3659 4.9058 2.0947
threshold=0.23215950280427936 0.47420799732208258 1.0279754400253298
decision_type=10 8 10
left_child=1 -1 -2
right_child=2 -3 -4
leaf_value=-0.01266828712730856 -0.043029157036791443 0.060996764315923171 0.01654118351294331
leaf_weight=2.2860287651419666 20.481128767132763 14.468192487955092 1.0790548846125592
leaf_count=13 196 32 5
internal_value=0.000304125 0.0507981 -0.0394467
internal_weight=38.3144 16.7542 21.5602
internal_count=246 45 201
is_linear=0
shrinkage=0.05


Tree=66
num_leaves=4
num_cat=0
split_feature=22 29 30
split_gain=32.0785 4.99216 2.05862
threshold=0.1971501633524895 -0.89975944161415089 0.54487285017967235
decision_type=10 8 8
left_child=1 -1 -3
right_child=-2 2 -4
leaf_value=0.061898271693529107 -0.042619045485662733 0.025143302766919284 -0.031688547913849417
leaf_weight=13.105383098125456 20.27438597381115 2.7640693038702038 1.764425531029701
leaf_count=27 198 9 12
internal_value=-0.000682495 0.0472333 0.00127349
internal_weight=37.9083 17.6339 4.52849
internal_count=246 48 21
is_linear=0
shrinkage=0.05


Tree=67
num_leaves=7
num_cat=0
split_feature=3 15 30 16 33 5
split_gain=15.4938 10.588 7.84809 6.54092 2.44112 0.0247515
threshold=0.47473335266113287 0.29353436827659612 0.58647587895393383 0.5391642451286317 0.11100904271006586 0.15634925663471225
decision_type=2 8 8 10 8 2
left_child=2 -2 3 -1 -4 -6
right_child=1 -3 4 -5 5 -7
leaf_value=-0.033679752642415239 0.065287218137885725 -0.033513431471268416 0.020064820490405907 0.059791775751377556 -0.042843868419561004 -0.014573743346711562
leaf_weight=2.264959670603278 10.095077231526373 2.896679461002349 1.168805994093417 3.7382020652294159 17.330148957669742 1.4152138233184803
leaf_count=14 55 14 8 20 126 9
internal_value=-0.000248023 0.0424375 -0.022427 0.024752 -0.0371526 -0.0415557
internal_weight=38.9091 12.9918 25.9173 6.00316 19.9142 18.7454
internal_count=246 69 177 34 143 135
is_linear=0
shrinkage=0.05


Tree=68
num_leaves=7
num_cat=0
split_feature=6 12 5 22 32 20
split_gain=11.9357 9.86498 10.9366 5.96484 2.20832 0.206647
threshold=0.83007189631462108 0.632550209760666 -0.43297509849071497 0.1971501633524895 -0.25880813598632807 -0.20760766416788098
decision_type=10 8 2 10 8 10
left_child=1 -1 -3 -4 -5 -2
right_child=5 2 3 4 -6 -7
leaf_value=-0.038079760393229148 -0.040818493219680708 -0.037689705029792769 -0.028354894967496842 0.013720492620519593 0.065019644172235894 -0.007480720833300725
leaf_weight=5.1892301216721561 10.773621413856743 3.7417151927948025 1.6994587853550935 3.1581195443868637 14.255967341363432 1.0125494748353947
leaf_count=38 97 16 11 14 62 8
internal_value=0.00152853 0.0192136 0.0332728 0.0483478 0.0569667 -0.0387635
internal_weight=39.8307 28.0445 22.8553 19.1135 17.4141 11.7862
internal_count=246 141 103 87 76 105
is_linear=0
shrinkage=0.05


Tree=69
num_leaves=5
num_cat=0
split_feature=16 13 1 17
split_gain=13.3792 18.1314 5.08803 1.40282
threshold=0.363842323422432 0.33710718154907232 0.26074881851673132 -1.2565817236900327
decision_type=8 8 2 10
left_child=-1 -2 -3 -4
right_child=1 2 3 -5
leaf_value=-0.041425519043133255 -0.040030254110364052 -0.008043157227108879 0.013079975554461845 0.062930565657324952
leaf_weight=12.684987228363751 8.1856502369046229 3.4167821705341366 2.2446937561035165 13.13909791409969
leaf_count=123 62 9 9 43
internal_value=-0.000932221 0.0189019 0.0452864 0.056899
internal_weight=39.6712 26.9862 18.8006 15.3838
internal_count=246 123 61 52
is_linear=0
shrinkage=0.05


Tree=70
num_leaves=3
num_cat=0
split_feature=25 1
split_gain=32.2879 5.97827
threshold=0.19846897572278979 0.24638940393924716
decision_type=8 2
left_child=-1 -2
right_child=1 -3
leaf_value=0.058741986581590855 0.025763339087363779 -0.042758065428878417
leaf_weight=13.629875555634497 3.0084101259708431 22.273098882287741
leaf_count=26 8 222
internal_value=-0.000813169 -0.0339342
internal_weight=38.9114 25.2815
internal_count=256 230
is_linear=0
shrinkage=0.05


Tree=71
num_leaves=4
num_cat=0
split_feature=22 8 10
split_gain=32.953 4.01863 1.30731
threshold=0.1971501633524895 -1.0953868627548216 0.2331059128046036
decision_type=8 8 10
left_child=2 -2 -1
right_child=1 -3 -4
leaf_value=0.016191918131935289 0.023065072885894253 -0.042414812912099226 0.060826956424355032
leaf_weight=2.8555601090192821 1.991660952568054 21.00814646854997 13.503361314535139
leaf_count=12 6 211 27
internal_value=0.00198608 -0.0360198 0.0544172
internal_weight=39.3587 22.9998 16.3589
internal_count=256 217 39
is_linear=0
shrinkage=0.05


Tree=72
num_leaves=5
num_cat=0
split_feature=27 3 18 11
split_gain=14.6019 12.6507 10.0696 0.313966
threshold=0.23357092589139941 0.41663633286952978 0.5844227969646455 -1.0000000180025095e-35
decision_type=8 2 10 10
left_child=1 2 -1 -2
right_child=3 -3 -4 -5
leaf_value=0.046060136517661825 -0.041322727360665612 0.059233672192006426 -0.040168351750379194 -0.011678237957397732
leaf_weight=4.227445691823962 12.726613871753214 11.388069018721579 8.7274361923336965 2.0003292039036742
leaf_count=23 100 61 61 11
internal_value=-0.000459873 0.0230373 -0.0107459 -0.0382948
internal_weight=39.0699 24.343 12.9549 14.7269
internal_count=256 145 84 111
is_linear=0
shrinkage=0.05


Tree=73
num_leaves=7
num_cat=0
split_feature=21 0 31 18 4 21
split_gain=11.4241 14.2975 7.79633 1.87222 1.77285 0.016484
threshold=0.49172727763652807 0.54826566576957714 0.57594573497772228 0.84641593694686901 0.28345385193824774 0.39258150756359106
decision_type=10 2 10 10 2 10
left_child=1 3 4 -1 -2 -3
right_child=2 5 -4 -5 -6 -7
leaf_value=0.0026717104951366794 0.015702614935769688 -0.042269545959324993 0.059194178112582867 0.057781666963668557 -0.034237059103454121 -0.013657768995167505
leaf_weight=2.3662013113498714 2.4098181724548331 17.915114991366867 9.3874271661043149 4.0353394001722336 2.973307766020298 1.2635266333818425
leaf_count=10 10 155 40 17 18 6
internal_value=4.54569e-05 -0.0199586 0.0337581 0.0405245 -0.0129233 -0.0411548
internal_weight=40.3507 25.5802 14.7706 6.40154 5.38313 19.1786
internal_count=256 188 68 27 28 161
is_linear=0
shrinkage=0.05


Tree=74
num_leaves=5
num_cat=0
split_feature=16 7 0 21
split_gain=14.1755 20.7417 2.48677 0.294094
threshold=0.36709213256835943 0.36228898167610174 0.63217204809188854 0.17124444991350177
decision_type=8 8 2 8
left_child=-1 -2 -3 -4
right_child=1 2 3 -5
leaf_value=-0.041354740145752696 -0.040922696407678032 0.0013517787110792626 0.026839310298200598 0.061206995452536189
leaf_weight=13.203603360801933 8.5728698447346705 2.3954323604702976 3.1218396946787808 12.605685994029045
leaf_count=131 64 8 12 41
internal_value=-0.000761712 0.0200836 0.0495729 0.0563975
internal_weight=39.8994 26.6958 18.123 15.7275
internal_count=256 125 61 53
is_linear=0
shrinkage=0.05


Tree=75
num_leaves=4
num_cat=0
split_feature=19 16 12
split_gain=27.3349 6.01888 2.22146
threshold=0.1940620765089989 0.47420799732208258 0.99741747975349437
decision_type=10 8 10
left_child=1 -1 -2
right_child=2 -3 -4
leaf_value=-0.017313358993119816 -0.042402772072593187 0.057326974123568464 0.019723827215285563
leaf_weight=2.7714014574885395 18.249113742262129 14.996661290526388 0.98906023427843948
leaf_count=17 195 32 6
internal_value=0.00196706 0.0453827 -0.038392
internal_weight=37.0062 17.7681 19.2382
internal_count=250 49 201
is_linear=0
shrinkage=0.05


Tree=76
num_leaves=4
num_cat=0
split_feature=22 2 10
split_gain=27.211 4.60228 1.15536
threshold=0.1971501633524895 -0.81178116798400868 0.2331059128046036
decision_type=8 2 10
left_child=2 -2 -1
right_child=1 -3 -4
leaf_value=0.015538917527010261 0.030467194169777445 -0.042178064044475966 0.058276531189648262
leaf_weight=2.8511746302247039 1.7177862823009515 20.065879266709089 11.22650098800659
leaf_count=12 6 209 23
internal_value=-0.000904838 -0.0353637 0.0512255
internal_weight=35.8613 21.7837 14.0777
internal_count=250 215 35
is_linear=0
shrinkage=0.05


Tree=77
num_leaves=7
num_cat=0
split_feature=21 3 12 16 33 11
split_gain=13.1128 9.28693 6.60455 2.4306 1.56424 0.248479
threshold=0.22240882366895678 0.47473335266113287 0.60056015849113475 0.54069045186042797 0.14235673099756244 -1.0000000180025095e-35
decision_type=8 2 10 10 8 10
left_child=1 2 -1 5 -4 -2
right_child=3 -3 4 -5 -6 -7
leaf_value=0.045341371645045536 -0.041059471770728433 0.059431103506491723 0.011297336461076574 0.019165139057331918 -0.039688588912864066 -0.013115178030391701
leaf_weight=3.3550300896167773 12.669682417064905 9.7175464332103711 1.4184645190834997 1.4860194250941265 6.3089612722396851 2.1287429258227357
leaf_count=18 102 55 10 10 43 12
internal_value=0.000446362 0.0262229 -0.00540429 -0.0320901 -0.0301074 -0.0381243
internal_weight=37.0844 20.8 11.0825 16.2844 7.72743 14.7984
internal_count=250 126 71 124 53 114
is_linear=0
shrinkage=0.05


Tree=78
num_leaves=8
num_cat=0
split_feature=14 3 16 4 34 18 19
split_gain=9.57853 9.33559 7.38583 4.30384 2.53478 0.388629 0.215965
threshold=-0.35021658241748804 0.43102103471755987 0.2066885903477669 0.25549492239952093 0.57032188773155224 0.67319050431251537 0.59127461910247814
decision_type=8 2 10 2 10 8 10
left_child=-1 2 -2 -4 5 -5 -3
right_child=1 6 3 4 -6 -7 -8
leaf_value=-0.040358766245227287 -0.033687644798732534 -0.038244176635970441 -0.021272115269543312 0.017015749920239315 -0.003779824035754695 0.05886990908707266 -0.0043350807068818428
leaf_weight=9.7130984850227815 3.1075286865234437 5.502560641616582 1.8842340111732507 1.6244251951575286 1.8739036321640004 13.599353581666946 0.80419857800006855
leaf_count=82 18 53 9 9 10 61 8
internal_value=0.000119044 0.0148667 0.0300367 0.0416328 0.0493575 0.055728 -0.0351054
internal_weight=38.1093 28.3962 22.0894 18.9819 17.0977 15.2238 6.30676
internal_count=250 168 107 89 80 70 61
is_linear=0
shrinkage=0.05


Tree=79
num_leaves=5
num_cat=0
split_feature=16 13 1 8
split_gain=11.1591 15.672 5.94648 0.598031
threshold=0.363842323422432 0.33710718154907232 0.26074881851673132 0.25394984334707266
decision_type=8 8 2 10
left_child=-1 -2 -3 -4
right_child=1 2 3 -5
leaf_value=-0.040587057045870734 -0.039311034029994196 -0.017046891831384452 0.060443142629078309 0.024788029035886467
leaf_weight=11.523594580590723 7.8256815485656288 3.1087147593498257 11.392315745353697 3.5663359314203253
leaf_count=125 66 8 37 14
internal_value=-0.00164154 0.0165557 0.0415464 0.0540284
internal_weight=37.4166 25.893 18.0674 14.9587
internal_count=250 125 59 51
is_linear=0
shrinkage=0.05


Tree=80
num_leaves=5
num_cat=0
split_feature=31 10 18 34
split_gain=24.3047 3.40528 2.35993 0.00628298
threshold=0.19898372143507007 0.35997194051742559 1.0325180888175967 0.57439628243446361
decision_type=10 8 10 8
left_child=1 -1 -2 -3
right_child=2 3 -4 -5
leaf_value=-0.011519790929690001 -0.041893018011577798 0.056904034284745254 0.023481337800005515 0.03060593251138052
leaf_weight=2.1001681983470943 17.271070901304487 10.347548268735405 0.87004894018173118 4.3523451685905465
leaf_count=12 196 22 4 14
internal_value=0.00145522 0.043473 -0.0376947 0.0515631
internal_weight=34.9412 16.8001 18.1411 14.6999
internal_count=248 48 200 36
is_linear=0
shrinkage=0.05


Tree=81
num_leaves=4
num_cat=0
split_feature=28 12 21
split_gain=27.6172 1.74805 0.98809
threshold=0.19973575323820117 0.24894816428422931 0.20593544840812686
decision_type=8 8 10
left_child=2 -2 -1
right_child=1 -3 -4
leaf_value=0.010822883063804509 0.011943421865573945 -0.041915705677073839 0.055539649410395547
leaf_weight=1.9784217029809941 1.2091159969568277 18.914469517767429 12.06582500040531
leaf_count=9 5 208 26
internal_value=-0.00143421 -0.0382674 0.0503785
internal_weight=34.1678 20.1236 14.0442
internal_count=248 213 35
is_linear=0
shrinkage=0.05


Tree=82
num_leaves=6
num_cat=0
split_feature=21 3 12 15 11
split_gain=11.3718 9.12449 9.18042 0.918276 0.412697
threshold=0.26694390177726751 0.47473335266113287 0.60056015849113475 0.11143984273076059 0.0055690018925815829
decision_type=8 2 10 10 10
left_child=1 2 -1 -4 -2
right_child=4 -3 3 -5 -6
leaf_value=0.049074437527109993 -0.040310936231855415 0.056885763251820147 0.0048795803728491254 -0.037551859909024439 -0.0085890658065417395
leaf_weight=4.2331631928682354 10.618347324430941 9.1243964135646802 1.2316816300153721 8.2286255508661252 1.8183981999754895
leaf_count=23 93 53 10 58 11
internal_value=0.000125013 0.0208703 -0.00536618 -0.0320892 -0.0366572
internal_weight=35.2546 22.8179 13.6935 9.46031 12.4367
internal_count=248 144 91 68 104
is_linear=0
shrinkage=0.05


Tree=83
num_leaves=9
num_cat=0
split_feature=8 22 5 11 3 20 32 3
split_gain=8.65657 7.73788 6.51908 2.90726 4.48337 1.00638 0.732383 1.62121
threshold=0.067998234182596221 0.1971501633524895 -0.43297509849071497 -0.32430267333984369 0.23081354051828387 -0.24688240140676496 -0.3917232602834701 0.54719948768615734
decision_type=8 10 2 8 2 10 10 2
left_child=6 -2 -3 -4 -5 -6 -1 -8
right_child=1 2 3 4 5 -7 7 -9
leaf_value=-0.039585993067970671 -0.036326306859706586 -0.034088264803851055 0.057969867531205949 0.049255226494129833 -0.033395490210824309 0.012130014740689272 0.025532338379848637 -0.030371415139397118
leaf_weight=8.5183193385601026 4.4649350494146374 2.5755075141787556 10.255430001765488 3.6086821556091335 2.7353345341980506 1.1753389202058269 1.2284902185201638 2.2335748374462128
leaf_count=76 29 13 47 16 24 8 7 28
internal_value=0.00112752 0.0178467 0.0308772 0.0416048 0.0151003 -0.0200291 -0.0322103 -0.00925797
internal_weight=36.7956 24.8152 20.3503 17.7748 7.51936 3.91067 11.9804 3.46207
internal_count=248 137 108 95 48 32 111 35
is_linear=0
shrinkage=0.05


Tree=84
num_leaves=6
num_cat=0
split_feature=16 7 25 16 28
split_gain=10.8452 16.1452 1.59317 0.658432 0.393887
threshold=0.36709213256835943 0.37275862693786627 0.33782009780406957 0.46926669776439672 0.52388313412666332
decision_type=8 8 10 8 8
left_child=-1 4 -3 -4 -2
right_child=1 2 3 -5 -6
leaf_value=-0.04035117038288779 -0.0032597924989506582 0.012204783312895734 0.026832821969313317 0.062579681267871737 -0.039771079551187187
leaf_weight=11.097880154848097 1.0156925022602088 3.7049062997102764 4.2580069899558994 8.3333353698253632 7.4700832851231107
leaf_count=124 5 13 14 27 65
internal_value=-0.00132896 0.0170332 0.045246 0.0533549 -0.0362053
internal_weight=35.8799 24.782 16.2962 12.5913 8.48578
internal_count=248 124 54 41 70
is_linear=0
shrinkage=0.05


Tree=85
num_leaves=4
num_cat=0
split_feature=13 10 18
split_gain=23.7954 2.47137 2.33484
threshold=0.23215950280427936 0.36614425480365759 1.0325180888175967
decision_type=10 8 10
left_child=1 -1 -2
right_child=2 -3 -4
leaf_value=-0.0015219326505616663 -0.041917255998772718 0.051461296858032961 0.023102415614783239
leaf_weight=2.5285513848066357 17.286626894026998 13.489684030413626 0.87538626790046592
leaf_count=13 198 34 4
internal_value=0.00048574 0.0434997 -0.0377413
internal_weight=34.1802 16.0182 18.162
internal_count=249 47 202
is_linear=0
shrinkage=0.05


Tree=86
num_leaves=4
num_cat=0
split_feature=22 31 10
split_gain=25.236 2.93957 0.573788
threshold=0.1971501633524895 0.47710306942462927 0.2331059128046036
decision_type=10 10 8
left_child=1 -1 -3
right_child=-2 2 -4
leaf_value=0.0010063444275620855 -0.041238509220409947 0.019559751717112953 0.057897582371062128
leaf_weight=3.4510167464613941 16.619274459779263 2.5369608625769589 11.117776200175285
leaf_count=15 199 10 25
internal_value=0.00140126 0.042818 0.0525954
internal_weight=33.725 17.1058 13.6547
internal_count=249 50 35
is_linear=0
shrinkage=0.05


Tree=87
num_leaves=7
num_cat=0
split_feature=3 33 30 16 10 33
split_gain=9.44781 8.80276 7.11987 4.12827 1.50734 0.0400262
threshold=0.43102103471755987 0.36022178828716284 0.58647587895393383 0.5391642451286317 0.31518539786338812 0.048386285081505782
decision_type=2 8 8 10 8 10
left_child=2 4 3 -1 -2 -4
right_child=1 -3 5 -5 -6 -7
leaf_value=-0.029018023022478742 0.056775653839666922 -0.034382164429094635 -0.011067040978282691 0.050814889370503435 0.0029400034595298821 -0.040974454812899158
leaf_weight=1.7213030830025697 9.3003793656825984 3.4144470468163481 1.0150272399187077 3.5163688212633133 1.6173182204365737 13.902422722429035
leaf_count=14 55 20 8 20 7 125
internal_value=-0.00117393 0.0287453 -0.0228024 0.0241327 0.0497165 -0.0397626
internal_weight=34.4873 14.3321 20.1551 5.23767 10.9177 14.9174
internal_count=249 82 167 34 62 133
is_linear=0
shrinkage=0.05


Tree=88
num_leaves=10
num_cat=0
split_feature=8 22 16 4 2 12 12 0 29
split_gain=8.66051 7.05441 3.44606 3.25065 3.85229 2.41903 0.900137 0.510605 0.145013
threshold=0.067998234182596221 0.1971501633524895 0.54910880327224743 0.25494153797626501 0.056273780763149268 0.60056015849113475 0.83444973826408397 0.50185123085975658 -1.1956211328506468
decision_type=8 10 10 2 2 8 10 2 8
left_child=7 -2 3 -3 -5 -6 -7 -1 -9
right_child=1 2 -4 4 5 6 -8 8 -10
leaf_value=-0.0038328452281708504 -0.035919356500048051 -0.026087052955988451 -0.028746083664597574 -0.025996730562016124 -0.019338761291905572 0.059098810892146997 0.015992270089864435 -0.0078552482722055294 -0.039724133513332427
leaf_weight=1.4936004728078831 4.3235751204192665 1.2916204631328643 1.5837802737951268 1.2971718534827257 0.74190861731767377 11.939274147152899 2.3458218723535547 0.9541342556476593 9.5705211348831618
leaf_count=7 29 6 11 10 7 54 17 8 100
internal_value=-0.0012394 0.0162917 0.0292453 0.0357232 0.0418374 0.0489497 0.0535295 -0.0341684 -0.0377673
internal_weight=35.5414 23.5232 19.1996 17.6158 16.3242 15.027 14.2851 12.0183 10.5247
internal_count=249 134 105 94 88 78 71 115 108
is_linear=0
shrinkage=0.05


Tree=89
num_leaves=5
num_cat=0
split_feature=10 13 3 17
split_gain=10.6542 13.7822 4.13015 1.72425
threshold=0.34213544428348547 0.33710718154907232 0.46224899590015417 -1.1668529510498045
decision_type=8 8 2 8
left_child=-1 -2 3 -3
right_child=1 2 -4 -5
leaf_value=-0.040705734884538117 -0.038398228755494056 0.0071544358380553541 -0.010823262656854918 0.056259781697975048
leaf_weight=10.055895220488308 7.0283255167305496 2.4086524471640587 3.0290013551712027 13.197242811322214
leaf_count=113 66 14 9 47
internal_value=0.000577411 0.0176738 0.0397004 0.049568
internal_weight=35.7191 25.6632 18.6349 15.6059
internal_count=249 136 70 61
is_linear=0
shrinkage=0.05


Tree=90
num_leaves=5
num_cat=0
split_feature=13 19 3 18
split_gain=20.4228 2.39917 4.5951 2.2369
threshold=0.23215950280427936 0.1940620765089989 0.53190618753433239 1.0325180888175967
decision_type=10 8 2 10
left_child=1 -1 -3 -2
right_child=3 2 -4 -5
leaf_value=0.051246279580536139 -0.041529979424345616 -0.033070872790321025 0.052605112746054485 0.02217194314173301
leaf_weight=11.305589616298672 15.921216852962971 2.4979851394891748 1.8474406152963636 0.88906305283308107
leaf_count=24 192 19 4 4
internal_value=0.000115674 0.0399209 0.00638088 -0.0371052
internal_weight=32.4613 15.651 4.34543 16.8103
internal_count=243 47 23 196
is_linear=0
shrinkage=0.05


Tree=91
num_leaves=4
num_cat=0
split_feature=22 2 10
split_gain=22.0362 5.90542 0.76384
threshold=0.1971501633524895 -0.93131229281425465 0.2331059128046036
decision_type=8 2 10
left_child=2 -2 -1
right_child=1 -3 -4
leaf_value=0.015504674044789746 0.049672230915633692 -0.041340243618248305 0.053265287860517901
leaf_weight=2.6756419241428366 1.1337379515171075 17.308429092168808 11.127290755510328
leaf_count=11 3 204 25
internal_value=0.00156612 -0.0334781 0.0474874
internal_weight=32.2451 18.4422 13.8029
internal_count=243 207 36
is_linear=0
shrinkage=0.05


Tree=92
num_leaves=7
num_cat=0
split_feature=21 3 18 15 7 11
split_gain=10.3794 7.45048 6.15649 1.58771 0.728034 0.543705
threshold=0.26694390177726751 0.47473335266113287 0.5844227969646455 0.11143984273076059 0.36228898167610174 0.0055690018925815829
decision_type=8 2 10 10 10 10
left_child=1 2 4 -4 -1 -2
right_child=5 -3 3 -5 -6 -7
leaf_value=0.049959690921167553 -0.039751870347345723 0.053713279286845043 0.014069141052610382 -0.038814656959286903 0.0059864462874253069 -0.0045709300706586178
leaf_weight=2.7846893966197985 10.036096300929783 8.7677020430564863 1.2026354670524595 6.613419272005558 1.6572629883885381 1.5311949998140324
leaf_count=16 94 54 9 51 9 10
internal_value=0.000441947 0.0211172 -0.00449039 -0.0300047 0.0376684 -0.0358292
internal_weight=32.593 21.0257 12.258 7.81605 4.44195 11.5673
internal_count=243 139 85 60 25 104
is_linear=0
shrinkage=0.05


Tree=93
num_leaves=8
num_cat=0
split_feature=20 22 5 6 29 1 23
split_gain=6.8842 6.5015 4.91241 5.51259 0.838481 0.53535 0.107358
threshold=-0.43046134710311884 0.1971501633524895 -0.43297509849071497 0.83675652742385875 -1.4828966259956358 0.27305068075656896 -0.90040025115013111
decision_type=8 10 2 10 8 2 8
left_child=4 -2 -3 5 -1 -4 -5
right_child=1 2 3 6 -6 -7 -8
leaf_value=0.0051055764108556556 -0.036129352888876885 -0.032699959536999862 0.013801224093820251 -0.0024953989482111665 -0.039530957916211584 0.051437201555659118 -0.028773368530959822
leaf_weight=0.93767781183123589 4.5226227231323746 2.3346885889768627 1.9905068725347543 0.68377825617790222 8.9919683001935446 11.84253118932247 1.9217559285461896
leaf_count=6 33 12 9 7 89 58 29
internal_value=-0.00233995 0.0125541 0.0255164 0.0351856 -0.0352344 0.0473171 -0.0244819
internal_weight=33.2255 23.2959 18.7733 16.4386 9.92965 13.833 2.60553
internal_count=243 148 115 103 95 67 36
is_linear=0
shrinkage=0.05


Tree=94
num_leaves=7
num_cat=0
split_feature=16 7 1 17 10 25
split_gain=9.75721 12.0771 2.38043 0.462507 0.454984 0.0869389
threshold=0.363842323422432 0.36228898167610174 0.26074881851673132 -1.1223118305206297 0.37383103370666509 0.37339253723621374
decision_type=8 8 2 8 8 8
left_child=-1 4 -3 -4 -2 -5
right_child=1 2 3 5 -6 -7
leaf_value=-0.039419310906384154 -0.0010322464311173882 -0.0021451406310236828 0.019002601982459746 0.022333790601989419 -0.038773832204300598 0.056758093688430433
leaf_weight=9.7910927534103376 0.96340529620647686 2.7394002676010158 2.7845253050327301 2.0659673810005161 6.0444126464426517 9.1743601262569427
leaf_count=122 5 7 11 11 56 31
internal_value=0.000269166 0.0175472 0.0399593 0.0477787 -0.0343621 0.0527724
internal_weight=33.5632 23.7721 16.7643 14.0249 7.00782 11.2403
internal_count=243 121 60 53 61 42
is_linear=0
shrinkage=0.05


Tree=95
num_leaves=5
num_cat=0
split_feature=13 18 25 3
split_gain=20.863 2.27619 2.18758 4.20298
threshold=0.23215950280427936 1.0325180888175967 0.19846897572278979 0.53190618753433239
decision_type=10 10 8 2
left_child=2 -2 -1 -4
right_child=1 -3 3 -5
leaf_value=0.050205348237054248 -0.041262707251712778 0.023614405953925166 -0.032376074918251195 0.05031319791529635
leaf_weight=12.268406078219416 15.840074717998505 0.83823674917221147 2.3389010913670054 1.8675339370965955
leaf_count=27 205 3 19 4
internal_value=0.0014892 -0.0368507 0.0401903 0.006948
internal_weight=33.1532 16.6783 16.4748 4.20644
internal_count=258 208 50 23
is_linear=0
shrinkage=0.05


Tree=96
num_leaves=4
num_cat=0
split_feature=22 13 30
split_gain=21.0185 3.52334 0.710044
threshold=0.1971501633524895 0.45380713045597082 0.82243561744689953
decision_type=10 10 8
left_child=1 -1 -3
right_child=-2 2 -4
leaf_value=-0.0082335824060057374 -0.040668464569126678 0.058381011358753281 0.024415069321199179
leaf_weight=2.9928335919976261 15.575489256530998 8.4351311624050105 4.5357785895466813
leaf_count=14 209 19 16
internal_value=-0.000644948 0.0385006 0.0491012
internal_weight=31.5392 15.9637 12.9709
internal_count=258 49 35
is_linear=0
shrinkage=0.05


Tree=97
num_leaves=7
num_cat=0
split_feature=27 3 12 33 11 33
split_gain=9.28593 7.27441 7.30152 0.866653 0.632675 0.057937
threshold=0.23357092589139941 0.47473335266113287 0.60056015849113475 0.1346239969134331 0.0055690018925815829 0.24631970375776294
decision_type=8 2 10 8 10 10
left_child=1 2 -1 -4 -2 -5
right_child=4 -3 3 5 -6 -7
leaf_value=0.043914520520671553 -0.039428919115709851 0.051790801419345195 0.0061970700684356068 -0.03870104236934549 -0.0062627524087777156 -0.0098647960207538018
leaf_weight=3.972606003284457 9.7131489589810354 8.6133482158184034 1.0854667276144034 6.4300076588988277 2.1503174528479567 1.0315972566604612
leaf_count=23 97 55 9 52 13 9
internal_value=-0.000604518 0.0190478 -0.0056434 -0.0308646 -0.0343716 -0.0363513
internal_weight=32.9965 21.133 12.5197 8.54707 11.8635 7.4616
internal_count=258 148 93 70 110 61
is_linear=0
shrinkage=0.05


Tree=98
num_leaves=10
num_cat=0
split_feature=20 6 12 21 4 29 30 1 20
split_gain=7.36489 5.93651 4.54115 3.74085 2.3831 0.75087 0.227765 0.029879 0.0250071
threshold=-0.43046134710311884 0.83007189631462108 0.632550209760666 0.80038666725158703 0.25891593098640447 -1.4828966259956358 0.80333256721496593 0.31721869111061102 -0.46480129659175867
decision_type=8 8 10 10 2 8 8 2 10
left_child=5 2 -2 6 -4 -1 -3 -6 -7
right_child=1 3 4 -5 7 8 -8 -9 -10
leaf_value=0.0048950412245262354 -0.029347238155983418 -0.0027790494037691527 -0.0089490491721951389 0.036042958119979082 0.053585659159651459 -0.039124061468827499 -0.037736973070001095 0.024458721097738206 -0.010618118427223874
leaf_weight=0.92483782395720482 1.8934584036469484 0.6795753836631756 1.7031630836427201 1.5830406397581098 9.3494915068149549 8.5047781225293839 5.773372758179903 2.751671500504016 0.99790161848068137
leaf_count=6 13 5 10 7 45 86 60 15 11
internal_value=-0.000386546 0.014962 0.0321743 -0.0185009 0.0420252 -0.0335731 -0.0349223 0.049335 -0.0374266
internal_weight=34.1613 23.7338 15.6978 8.03599 13.8043 10.4275 6.45295 12.1012 9.50268
internal_count=258 155 83 72 70 103 65 60 97
is_linear=0
shrinkage=0.05


Tree=99
num_leaves=7
num_cat=0
split_feature=10 7 17 0 21 9
split_gain=9.07631 12.5296 2.8621 1.72122 0.868284 0.398909
threshold=0.34213544428348547 0.36228898167610174 -1.0635038614273069 0.63217204809188854 0.6327684521675111 0.14927649497985843
decision_type=8 8 8 2 8 8
left_child=-1 5 4 -4 -3 -2
right_child=1 2 3 -5 -6 -7
leaf_value=-0.040018220451895875 -0.0029638683415794398 0.021369648740971938 0.0042206472209566645 0.055533535669157211 -0.016594317342575542 -0.039039632151091706
leaf_weight=9.1588620804250223 1.0449455380439783 1.772320859134197 2.0787014737725285 11.512819916009901 2.2997764348983765 6.5690443031489849
leaf_count=117 11 8 7 43 13 59
internal_value=0.000120441 0.0156334 0.0381684 0.0485128 0.000884444 -0.0350074
internal_weight=34.4365 25.2776 17.6636 13.5915 4.0721 7.61399
internal_count=258 141 71 50 21 70
is_linear=0
shrinkage=0.05


Tree=100
num_leaves=3
num_cat=0
split_feature=19 1
split_gain=17.58 4.6633
threshold=0.1940620765089989 0.24638940393924716
decision_type=8 2
left_child=-1 -2
right_child=1 -3
leaf_value=0.049535078546875895 0.021308488205478066 -0.040872211317631274
leaf_weight=9.7144084572792071 3.0284935534000423 15.525987915694712
leaf_count=22 8 210
internal_value=-0.00201147 -0.0301523
internal_weight=28.2689 18.5545
internal_count=240 218
is_linear=0
shrinkage=0.05


Tree=101
num_leaves=3
num_cat=0
split_feature=22 20
split_gain=19.0888 1.67278
threshold=0.1971501633524895 -0.13362843543291089
decision_type=10 8
left_child=1 -1
right_child=-2 -3
leaf_value=0.046774607436168042 -0.040062798217193905 0.0035295356183412362
leaf_weight=12.147069372236727 13.440192148089407 2.9015628620982197
leaf_count=34 192 14
internal_value=0.00170252 0.0391759
internal_weight=28.4888 15.0486
internal_count=240 48
is_linear=0
shrinkage=0.05


Tree=102
num_leaves=7
num_cat=0
split_feature=21 3 12 33 2 5
split_gain=8.60633 6.63379 4.70647 2.23512 0.0888723 0.082289
threshold=0.26694390177726751 0.47473335266113287 0.60056015849113475 0.075788576155900969 0.26794266700744634 0.39969885349273687
decision_type=8 2 8 8 2 2
left_child=1 2 -1 -4 -5 -2
right_child=5 -3 3 4 -6 -7
leaf_value=0.035251467081962744 -0.038652143240967135 0.051180332912121387 0.025199926333663719 -0.038220658876857251 -0.0083872611462626565 -0.010375935577689798
leaf_weight=3.8442446440458307 8.2885523959994334 8.1159594655036909 1.0958948060870159 6.129998780786992 0.9456186108291148 1.1905864402651776
leaf_count=22 89 53 7 51 10 8
internal_value=0.000638906 0.0189909 -0.00501304 -0.0257335 -0.0357659 -0.0364297
internal_weight=29.6109 20.1317 12.0158 8.17151 7.07562 9.47914
internal_count=240 143 90 68 61 97
is_linear=0
shrinkage=0.05


Tree=103
num_leaves=9
num_cat=0
split_feature=20 3 12 22 6 9 19 19
split_gain=6.62874 6.01593 3.98764 0.918575 0.747167 0.5549 0.101106 0.0943425
threshold=-0.43046134710311884 0.42897365987300878 0.84352496266365062 0.58350074291229259 0.8286612629890443 0.16105781495571139 0.59520220756530773 0.56238561868667614
decision_type=8 2 10 8 8 8 10 8
left_child=5 2 3 7 -4 -1 -3 -2
right_child=1 6 4 -5 -6 -7 -8 -9
leaf_value=4.457949560786539e-05 0.024054572712783794 -0.03503942721266768 0.0079618863530873159 0.0037265480868111087 -0.029856809310380251 -0.038649441186479651 -0.0052149966287225076 0.050593006062041257
leaf_weight=1.029880002140996 3.5234899595379892 3.8437186405062667 1.6898514553904527 1.7294039577245719 2.0584134832024574 8.0332094170153141 0.71738211810588826 7.8345794901251802
leaf_count=6 19 44 9 11 15 89 8 39
internal_value=-0.00100648 0.0141705 0.0278122 0.040174 -0.0147208 -0.034685 -0.0321298 0.0449729
internal_weight=30.4599 21.3968 16.8357 13.0875 3.74826 9.06309 4.5611 11.3581
internal_count=240 145 93 69 24 95 52 58
is_linear=0
shrinkage=0.05


Tree=104
num_leaves=5
num_cat=0
split_feature=10 7 35 0
split_gain=8.60281 12.0456 2.29037 1.70038
threshold=0.34213544428348547 0.36228898167610174 -1.1584175229072569 0.63217204809188854
decision_type=8 8 8 2
left_child=-1 -2 -3 -4
right_child=1 2 3 -5
leaf_value=-0.039546245061755636 -0.038594981410850944 -0.0045401178003738659 0.0026058099462242384 0.053101697765821201
leaf_weight=8.478852931410076 6.1456142365932491 2.4025238901376724 2.0395972579717663 11.785648100078104
leaf_count=114 60 13 7 46
internal_value=0.000652214 0.0169264 0.0389727 0.0463304
internal_weight=30.8522 22.3734 16.2278 13.8252
internal_count=240 126 66 53
is_linear=0
shrinkage=0.05


Tree=105
num_leaves=5
num_cat=0
split_feature=13 18 19 3
split_gain=15.9261 1.99257 1.57089 3.68502
threshold=0.23215950280427936 1.0325180888175967 0.1940620765089989 0.53190618753433239
decision_type=10 10 8 2
left_child=2 -2 -1 -4
right_child=1 -3 3 -5
leaf_value=0.046948184128653023 -0.040346815769129886 0.020096485490796446 -0.030982751280254201 0.047610571052313796
leaf_weight=10.128369584679604 13.205624602735039 0.911442771553994 2.1270824633538732 1.8836861848831175
leaf_count=24 193 4 18 4
internal_value=0.00096139 -0.0353732 0.0371795 0.0080643
internal_weight=28.2562 14.1171 14.1391 4.01077
internal_count=243 197 46 22
is_linear=0
shrinkage=0.05


Tree=106
num_leaves=4
num_cat=0
split_feature=22 5 10
split_gain=17.7766 1.41291 1.08123
threshold=0.1971501633524895 0.73260512948036205 0.23739112168550494
decision_type=8 2 10
left_child=2 -2 -1
right_child=1 -3 -4
leaf_value=0.00951345081703092 -0.040286644309026828 0.0091941674476079087 0.049130517681235705
leaf_weight=2.7257433906197575 14.253130644559858 1.2266843393445004 9.5445417165756208
leaf_count=12 202 5 24
internal_value=-0.00140944 -0.0360456 0.04171
internal_weight=27.7501 15.4798 12.2703
internal_count=243 207 36
is_linear=0
shrinkage=0.05


Tree=107
num_leaves=7
num_cat=0
split_feature=21 3 24 2 21 11
split_gain=8.95873 5.34922 4.85591 2.70586 0.32546 0.111198
threshold=0.26694390177726751 0.47473335266113287 0.77214741706848156 0.013353857211768629 0.12674119323492053 -1.0000000180025095e-35
decision_type=8 2 10 2 8 10
left_child=1 2 3 -1 -4 -2
right_child=5 -3 4 -5 -6 -7
leaf_value=-0.013470725608021773 -0.038536846871490983 0.049837137563022174 -0.0025839722288942585 0.049283170786504564 -0.036410361091364078 -0.0092795843576139597
leaf_weight=2.1340476647019404 8.415474768728016 7.8129726201295844 0.99524237960576745 3.7655860781669617 4.7302427105605629 1.1210364028811479
leaf_count=13 93 53 8 23 45 8
internal_value=0.00118559 0.0204551 -0.00167528 0.0279211 -0.0317889 -0.0363047
internal_weight=28.9746 19.4381 11.6251 5.89963 5.72549 9.53651
internal_count=243 142 89 36 53 101
is_linear=0
shrinkage=0.05


Tree=108
num_leaves=7
num_cat=0
split_feature=6 12 22 21 12 29
split_gain=5.98429 7.21432 3.21639 1.94599 1.17815 0.116556
threshold=0.83007189631462108 0.632550209760666 0.1971501633524895 0.78789669275283825 0.83021229505538952 -1.6935303807258604
decision_type=8 10 10 10 8 8
left_child=1 -1 -3 5 -4 -2
right_child=3 2 4 -5 -6 -7
leaf_value=-0.035739982727031966 -0.0078187693531857842 -0.025885084239416475 0.048410210533826353 0.017557529249769499 0.0098034119759099758 -0.039107668732061791
leaf_weight=4.3834631554782453 0.89896693080663681 1.4373055286705483 9.4370463639497721 1.3005065172910679 3.1755021139979371 8.8755628056824172
leaf_count=45 6 11 49 6 17 109
internal_value=-0.00229339 0.0149588 0.0321002 -0.0298688 0.0401243 -0.0372228
internal_weight=29.5084 18.4333 14.0499 11.075 12.6125 9.77453
internal_count=243 122 77 121 66 115
is_linear=0
shrinkage=0.05


Tree=109
num_leaves=6
num_cat=0
split_feature=10 31 3 8 22
split_gain=8.17056 10.446 2.62417 1.3535 1.2521
threshold=0.34213544428348547 0.3318475633859635 0.46224899590015417 0.20142128318548205 0.58518725633621227
decision_type=8 8 2 10 10
left_child=-1 -2 3 -3 -5
right_child=1 2 -4 4 -6
leaf_value=-0.039131044037344215 -0.036986660374761539 0.054675521705532443 -0.0076680614368462175 -0.0081004254180090732 0.038228458959702089
leaf_weight=7.9519988708198097 5.7019448932260302 9.7414354085922259 2.5197534561157218 2.3426462449133387 1.9240328371524809
leaf_count=113 64 36 8 15 7
internal_value=0.00150167 0.0170955 0.036799 0.0447756 0.0160831
internal_weight=30.1818 22.2298 16.5279 14.0081 4.26668
internal_count=243 130 66 58 22
is_linear=0
shrinkage=0.05


Tree=110
num_leaves=3
num_cat=0
split_feature=19 1
split_gain=15.7912 4.46611
threshold=0.1940620765089989 0.25403150916099554
decision_type=8 2
left_child=-1 -2
right_child=1 -3
leaf_value=0.047678989500651907 0.021137451536921273 -0.040195465701730937
leaf_weight=9.8208789825439471 3.0285655707120922 14.005788236856459
leaf_count=24 8 211
internal_value=-7.47602e-05 -0.0287236
internal_weight=26.8552 17.0344
internal_count=243 219
is_linear=0
shrinkage=0.05


Tree=111
num_leaves=4
num_cat=0
split_feature=22 21 5
split_gain=15.3846 3.18844 2.24271
threshold=0.1971501633524895 0.19864739477634433 0.56219273805618297
decision_type=10 10 2
left_child=1 2 -1
right_child=-2 -3 -4
leaf_value=-0.032363309815311568 -0.039550650392544476 0.046457219665508045 0.030235189721945312
leaf_weight=2.1820129528641732 12.24240582436323 10.86128520965576 1.617147274315357
leaf_count=16 192 29 6
internal_value=0.000123501 0.0336639 -0.00496973
internal_weight=26.9029 14.6604 3.79916
internal_count=243 51 22
is_linear=0
shrinkage=0.05


Tree=112
num_leaves=6
num_cat=0
split_feature=27 3 18 7 10
split_gain=7.83307 6.01381 4.75316 0.631411 0.364522
threshold=0.23357092589139941 0.41663633286952978 0.5844227969646455 0.3101689219474793 0.30771403014659887
decision_type=8 2 10 8 8
left_child=1 2 -1 -2 -3
right_child=3 4 -4 -5 -6
leaf_value=0.03203808953998067 -0.0014088094135146269 0.049575754446403948 -0.036464592678426201 -0.038838106877912004 0.013289878570517097
leaf_weight=3.2169171944260615 1.3699462637305266 7.7702550739049885 5.4714100658893585 8.2910543978214264 1.7378039807081229
leaf_count=21 10 54 57 92 9
internal_value=0.000211938 0.0192902 -0.0104121 -0.0341606 0.0448396
internal_weight=27.8574 18.1964 8.68833 9.661 9.50806
internal_count=243 141 78 102 63
is_linear=0
shrinkage=0.05


Tree=113
num_leaves=8
num_cat=0
split_feature=6 12 16 21 22 4 29
split_gain=5.17211 6.74005 2.52765 2.31917 1.02127 0.206981 0.175325
threshold=0.83007189631462108 0.632550209760666 0.21567593514919284 0.78789669275283825 0.58350074291229259 0.26354116201400762 -1.7181962132453916
decision_type=8 10 10 10 10 2 8
left_child=1 -1 -3 6 5 -4 -2
right_child=3 2 4 -5 -6 -7 -8
leaf_value=-0.035332493766985301 -0.0053015904557067546 -0.02368265664355056 0.018399214410285674 0.01997115709474891 0.0018468464301014944 0.049357616741445301 -0.038871759572879215
leaf_weight=4.2374048791825834 0.76443187892436981 1.1869025640189637 2.3702482506632787 1.4915548712015141 1.72760560363531 7.5622299462556839 8.8350062593817675
leaf_count=44 5 10 13 7 11 39 114
internal_value=-0.00305335 0.0139798 0.0316218 -0.0282772 0.0386774 0.0443286 -0.0369509
internal_weight=28.1754 17.0844 12.847 11.091 11.6601 9.93248 9.59944
internal_count=243 117 73 126 63 52 119
is_linear=0
shrinkage=0.05


Tree=114
num_leaves=5
num_cat=0
split_feature=16 13 1 34
split_gain=7.60959 9.44074 2.96645 0.527806
threshold=0.363842323422432 0.33710718154907232 0.26074881851673132 0.42899449169635778
decision_type=8 8 2 8
left_child=-1 -2 -3 -4
right_child=1 2 3 -5
leaf_value=-0.037764207396727895 -0.036238473922690105 -0.0074029416260630622 0.018706293969300954 0.05035877372523645
leaf_weight=7.5594825185835388 5.3189699724316624 3.0604939758777645 3.3631715998053524 10.562549918889999
leaf_count=118 62 8 15 40
internal_value=0.0026439 0.0173715 0.03524 0.0444799
internal_weight=29.8647 22.3052 16.9862 13.9257
internal_count=243 125 63 55
is_linear=0
shrinkage=0.05


Tree=115
num_leaves=3
num_cat=0
split_feature=19 1
split_gain=12.9043 3.98185
threshold=0.1940620765089989 0.25403150916099554
decision_type=8 2
left_child=-1 -2
right_child=1 -3
leaf_value=0.04397024746378838 0.018426170620764935 -0.039860023139664094
leaf_weight=8.548629432916643 3.056698843836787 13.209656400606034
leaf_count=22 8 212
internal_value=-0.00278103 -0.0284743
internal_weight=24.815 16.2664
internal_count=242 220
is_linear=0
shrinkage=0.05


Tree=116
num_leaves=3
num_cat=0
split_feature=22 21
split_gain=14.2182 2.21321
threshold=0.1971501633524895 0.18802786618471148
decision_type=10 10
left_child=1 -1
right_child=-2 -3
leaf_value=-0.0014111327571898879 -0.039159504049604721 0.043925065877327509
leaf_weight=3.4358126521110561 11.327369896695016 10.493470288813112
leaf_count=19 193 30
internal_value=0.00060397 0.0333969
internal_weight=25.2567 13.9293
internal_count=242 49
is_linear=0
shrinkage=0.05


Tree=117
num_leaves=6
num_cat=0
split_feature=27 3 18 7 9
split_gain=6.7937 4.97389 4.69769 0.980723 0.156982
threshold=0.23357092589139941 0.41663633286952978 0.5844227969646455 0.3101689219474793 0.29829713702201849
decision_type=8 2 10 8 10
left_child=1 2 -1 -2 -3
right_child=3 4 -4 -5 -6
leaf_value=0.033294363805062989 0.002961127259235169 0.016675647747723597 -0.035845639816514785 -0.038225370983511205 0.047646624644623138
leaf_weight=3.1811735630035418 1.5751628801226623 1.9832195043563823 5.0353024303913116 7.5312954559922227 7.0858685821294785
leaf_count=21 11 11 56 91 52
internal_value=0.0014382 0.0195718 -0.00836868 -0.0315132 0.0432027
internal_weight=26.392 17.2856 8.21648 9.10646 9.06909
internal_count=242 140 77 102 63
is_linear=0
shrinkage=0.05


Tree=118
num_leaves=7
num_cat=0
split_feature=6 30 12 6 21 29
split_gain=5.30374 6.35863 2.83703 2.55332 1.80353 0.218563
threshold=0.82584136724472057 0.62118670344352733 0.83021229505538952 0.67670038342475902 0.80038666725158703 -1.6748012304306028
decision_type=10 10 10 8 10 8
left_child=1 4 -3 -4 -1 -2
right_child=5 2 3 -5 -6 -7
leaf_value=-0.036904359634065263 -0.0025815266067761044 0.046326365050396029 0.03559560893008272 -0.031511089652581314 0.017839385836254881 -0.037290260222325143
leaf_weight=5.3498495016247096 0.64584673941135406 8.7482248246669752 1.4674165397882455 2.3446579799056053 1.3072862327098844 6.949300628155469
leaf_count=52 5 48 7 19 6 105
internal_value=-0.00215088 0.0119134 0.0320078 -0.00365011 -0.0252283 -0.0349826
internal_weight=26.8126 19.2174 12.5603 3.81207 6.65714 7.59515
internal_count=242 132 74 26 58 110
is_linear=0
shrinkage=0.05


Tree=119
num_leaves=5
num_cat=0
split_feature=10 25 17 6
split_gain=7.21981 8.52972 2.37017 0.561497
threshold=0.34213544428348547 0.35032141208648687 -1.3212991356849668 0.7130827307701112
decision_type=8 8 10 8
left_child=-1 -2 -3 -4
right_child=1 2 3 -5
leaf_value=-0.038325612839526672 -0.035826359281380435 -0.0001174610049820752 0.014639377855843764 0.049676708835769995
leaf_weight=6.9539583548903492 4.8871218133717802 3.8645655699074331 2.4678703732788501 9.9089125841856003
leaf_count=111 62 17 12 40
internal_value=0.00262566 0.0172267 0.0343427 0.0443071
internal_weight=28.0824 21.1285 16.2413 12.3768
internal_count=242 131 69 52
is_linear=0
shrinkage=0.05


Tree=120
num_leaves=5
num_cat=0
split_feature=19 24 10 10
split_gain=13.2542 2.55994 1.23807 0.00329344
threshold=0.1940620765089989 1.1205838918685915 0.37242271006107336 0.39869742095470434
decision_type=10 10 8 10
left_child=2 -2 -1 -4
right_child=1 -3 3 -5
leaf_value=0.00044643942680221171 -0.039980609409675634 0.032637925032433547 0.049780900929480405 0.026461132280142269
leaf_weight=2.0799935162067422 11.648437550291415 0.59980835765600282 5.7805535867810249 4.6566643491387367
leaf_count=13 194 2 14 17
internal_value=0.00136311 -0.0342293 0.0361464 0.0425999
internal_weight=24.7655 12.2482 12.5172 10.4372
internal_count=240 196 44 31
is_linear=0
shrinkage=0.05


Tree=121
num_leaves=4
num_cat=0
split_feature=22 5 10
split_gain=14.4736 1.32811 0.957755
threshold=0.1971501633524895 0.73260512948036205 0.23739112168550494
decision_type=8 2 10
left_child=2 -2 -1
right_child=1 -3 -4
leaf_value=0.0083151644909041766 -0.039359922751122933 0.0091162794910255897 0.046256328478603788
leaf_weight=2.595879144966605 11.869501158595083 1.2112233340740193 9.0633449256420118
leaf_count=12 197 5 26
internal_value=0.000350011 -0.0345426 0.039133
internal_weight=24.7399 13.0807 11.6592
internal_count=240 202 38
is_linear=0
shrinkage=0.05


Tree=122
num_leaves=6
num_cat=0
split_feature=21 3 12 7 19
split_gain=6.32038 4.94492 4.62552 0.79052 0.100362
threshold=0.25569431483745581 0.42897365987300878 0.62154674530029308 0.3101689219474793 0.59127461910247814
decision_type=8 2 10 8 10
left_child=1 2 -1 -2 -3
right_child=3 4 -4 -5 -6
leaf_value=0.034650060044989411 -0.00085336076446340366 0.04729675788345275 -0.035788586869922555 -0.037937120146234772 0.014842027119915856
leaf_weight=2.8390753418207195 1.7975003495812423 6.6958014890551549 5.035418264567852 7.2352641969919214 1.4748795628547666
leaf_count=19 13 50 56 93 9
internal_value=0.000112521 0.0186413 -0.00934982 -0.0313781 0.0436956
internal_weight=25.0779 16.0452 7.87449 9.03276 8.17068
internal_count=240 134 75 106 59
is_linear=0
shrinkage=0.05


Tree=123
num_leaves=10
num_cat=0
split_feature=32 34 12 3 21 18 6 19 11
split_gain=4.9113 2.99899 2.09933 1.39255 1.1355 0.827772 0.577053 0.515461 0.13199
threshold=-0.24082870036363599 0.20741909742355349 0.84548699855804454 0.23641819506883624 0.80038666725158703 0.67319050431251537 0.78375014662742626 0.59127461910247814 0.38945181667804724
decision_type=10 10 10 2 10 8 8 10 10
left_child=3 -2 5 -1 7 -3 -4 8 -5
right_child=1 2 6 4 -6 -7 -8 -9 -10
leaf_value=0.017982492314890221 -0.027961760137957425 0.0014473060868485945 0.012920521348182638 -0.038351212412640882 0.012795425218260915 0.04480276124405181 -0.02509296329713628 -0.0034497661536514973 -0.0070785665578330702
leaf_weight=1.2808485180139566 1.9235357623547304 1.3324625790119142 0.93251428008079473 7.9585994835942966 1.0772186964750279 7.9801873415708551 1.3157321959733961 1.6183942668139923 0.88547160476446141
leaf_count=8 22 10 5 103 5 46 16 17 8
internal_value=-0.000275844 0.0200785 0.0296614 -0.021588 -0.027064 0.0393413 -0.0102023 -0.0319262 -0.0362573
internal_weight=26.305 13.4844 11.5609 12.8205 11.5397 9.31265 2.24825 10.4625 8.84407
internal_count=240 99 77 141 133 56 21 128 111
is_linear=0
shrinkage=0.05


Tree=124
num_leaves=6
num_cat=0
split_feature=10 7 17 13 9
split_gain=6.21816 7.8602 2.63824 0.47386 0.425683
threshold=0.35150939226150518 0.36228898167610174 -1.0635038614273069 0.33710718154907232 0.14618661254644397
decision_type=8 8 8 10 8
left_child=-1 4 -3 -4 -2
right_child=1 2 3 -5 -6
leaf_value=-0.038265375320740452 0.0010235141399472022 -0.004008032073544123 0.015548443927752349 0.051782530030111011 -0.036980655352612517
leaf_weight=7.1258857157081392 0.78305362910032528 3.3122150115668774 2.2455118298530561 7.7213313430547714 4.8195118438452482
leaf_count=117 9 18 10 31 55
internal_value=-0.00146377 0.0136512 0.0339512 0.0457812 -0.0323184
internal_weight=26.0075 18.8816 13.2791 9.96684 5.60257
internal_count=240 123 59 41 64
is_linear=0
shrinkage=0.05


Tree=125
num_leaves=5
num_cat=0
split_feature=13 12 19 4
split_gain=11.6352 2.47882 1.29898 3.85855
threshold=0.23215950280427936 1.0668204426765444 0.17425196617841723 0.26479202508926397
decision_type=10 10 8 2
left_child=2 -2 -1 -4
right_child=1 -3 3 -5
leaf_value=0.044596977308942541 -0.039963745645297782 0.031607833055847703 0.042788329518646841 -0.032731824059017443
leaf_weight=7.3519788980484018 11.389482324942943 0.60601013526320535 2.7218822762370118 2.1468003988265991
leaf_count=20 195 2 7 20
internal_value=-0.000620317 -0.034194 0.0324285 0.00958522
internal_weight=24.2162 11.9955 12.2207 4.86868
internal_count=244 197 47 27
is_linear=0
shrinkage=0.05


Tree=126
num_leaves=4
num_cat=0
split_feature=22 31 18
split_gain=13.9526 1.67976 0.555076
threshold=0.1971501633524895 0.47710306942462927 0.83372363448143016
decision_type=10 10 10
left_child=1 -1 -3
right_child=-2 2 -4
leaf_value=0.00044717516288762495 -0.03875749082292676 0.052694472034577999 0.01971149163818546
leaf_weight=2.8126977533102062 10.636146387085317 6.6587493121623975 3.6535253971815109
leaf_count=14 197 18 15
internal_value=0.00185851 0.0351864 0.0437844
internal_weight=23.7611 13.125 10.3123
internal_count=244 47 33
is_linear=0
shrinkage=0.05


Tree=127
num_leaves=6
num_cat=0
split_feature=15 9 10 12 24
split_gain=6.03236 4.8364 1.64882 3.22461 0.817107
threshold=0.29353436827659612 0.1830316558480263 0.31518539786338812 0.60056015849113475 0.65471231937408458
decision_type=8 10 8 10 10
left_child=1 4 -3 -4 -1
right_child=-2 2 3 -5 -6
leaf_value=0.0088755655026902074 -0.037317266168649103 0.044525685461921254 0.03943796965642174 -0.026689016052854477 -0.033514998730834245
leaf_weight=1.0247548148036028 6.8698277622461346 7.3312422633171055 2.7159074246883401 2.7021923884749413 3.7691137306392193
leaf_count=7 90 58 18 25 46
internal_value=-0.000663132 0.0149288 0.0304519 0.00743833 -0.0244855
internal_weight=24.413 17.5432 12.7493 5.4181 4.79387
internal_count=244 154 101 43 53
is_linear=0
shrinkage=0.05


Tree=128
num_leaves=7
num_cat=0
split_feature=14 22 5 6 12 11
split_gain=4.78342 4.63128 3.09114 3.66414 0.378433 0.162568
threshold=-0.35021658241748804 0.1971501633524895 -0.43297509849071497 0.83418399095535289 0.83021229505538952 -0.19344859570264814
decision_type=8 10 2 10 10 8
left_child=-1 -2 -3 4 -4 -5
right_child=1 2 3 5 -6 -7
leaf_value=-0.036492856204504751 -0.033671292225625725 -0.028774121884854922 0.045088161551412896 0.0018323788965829103 0.015611898934020757 -0.026912631483837414
leaf_weight=5.7679143883287907 3.6099483184516492 1.7550623863935548 10.000921849161378 0.45288858935236931 2.803139053285121 1.7078458331525337
leaf_count=79 35 11 60 7 16 36
internal_value=0.000136344 0.0117523 0.0229064 0.0303902 0.0402335 -0.0222141
internal_weight=26.0977 20.3298 16.7199 14.9648 12.8041 2.16073
internal_count=244 165 130 119 76 43
is_linear=0
shrinkage=0.05


Tree=129
num_leaves=6
num_cat=0
split_feature=10 7 17 22 19
split_gain=5.77201 6.98262 2.98517 1.52814 0.0524
threshold=0.34213544428348547 0.37393729388713842 -1.0635038614273069 0.48265965282917028 0.33964659273624426
decision_type=8 8 8 8 10
left_child=-1 3 -3 -2 -4
right_child=1 2 4 -5 -6
leaf_value=-0.037882213033451698 0.018602935331209752 -0.0087062875874828454 0.022565699555379709 -0.037262425339724195 0.049164363123149535
leaf_weight=6.607301605865362 0.86884149909019726 3.0920548625290394 3.0058833658695203 5.3587491661310196 7.5096141248941422
leaf_count=114 4 18 12 64 32
internal_value=-0.000627465 0.0130051 0.03239 -0.0279729 0.0441809
internal_weight=26.4424 19.8351 13.6076 6.22759 10.5155
internal_count=244 130 62 68 44
is_linear=0
shrinkage=0.05


Tree=130
num_leaves=5
num_cat=0
split_feature=13 24 19 1
split_gain=10.6723 2.37651 1.37554 2.92261
threshold=0.23215950280427936 1.1205838918685915 0.17425196617841723 0.27498799562454229
decision_type=10 10 8 2
left_child=2 -2 -1 -4
right_child=1 -3 3 -5
leaf_value=0.043884008003037073 -0.039645588147599047 0.030571066839935525 0.037059470794620207 -0.03138975036845653
leaf_weight=7.0941734611988077 10.925739267840978 0.61119674146175462 2.4466229751706132 1.8778279833495615
leaf_count=20 201 2 8 17
internal_value=-0.00129183 -0.0337839 0.0316138 0.00702339
internal_weight=22.9556 11.5369 11.4186 4.32445
internal_count=248 203 45 25
is_linear=0
shrinkage=0.05


Tree=131
num_leaves=3
num_cat=0
split_feature=22 3
split_gain=11.6475 1.88915
threshold=0.1971501633524895 0.55881348252296459
decision_type=10 2
left_child=1 -1
right_child=-2 -3
leaf_value=0.041037921106363534 -0.038320400584692278 -0.00097193487316146732
leaf_weight=9.6974112913012522 9.7872872818261367 3.5082440450787535
leaf_count=33 197 18
internal_value=0.000885453 0.0305947
internal_weight=22.9929 13.2057
internal_count=248 51
is_linear=0
shrinkage=0.05


Tree=132
num_leaves=7
num_cat=0
split_feature=15 9 19 10 29 2
split_gain=6.08176 4.95067 1.39092 1.05801 0.927777 0.445384
threshold=0.29353436827659612 0.1830316558480263 0.59127461910247814 0.31518539786338812 -0.2090489789843559 0.24954393506050113
decision_type=8 10 10 10 8 2
left_child=1 5 4 -4 -3 -1
right_child=-2 2 3 -5 -6 -7
leaf_value=-0.033067556639014034 -0.036835685407401036 0.042818311277046162 0.022495969792032031 -0.025616234739334304 -0.0038274009114203848 0.0019714491367518639
leaf_weight=3.2609921880066421 6.3784249536693123 9.8241421766579133 1.3260279521346086 1.2488890662789343 1.0092836171388615 1.0151212215423582
leaf_count=39 87 79 11 11 9 12
internal_value=0.00166709 0.0167825 0.0312666 -0.00147747 0.0385164 -0.0259524
internal_weight=24.0629 17.6845 13.4083 2.57492 10.8334 4.27611
internal_count=248 161 110 22 88 51
is_linear=0
shrinkage=0.05


Tree=133
num_leaves=10
num_cat=0
split_feature=20 12 18 21 4 14 32 3 9
split_gain=4.01031 3.71479 1.51189 1.35868 0.980017 0.639325 0.508048 0.432222 0.0729656
threshold=-0.43046134710311884 0.84352496266365062 0.64717864990234386 0.80038666725158703 0.25991745293140417 -0.35021658241748804 -0.33018812537193293 0.33470544219017034 0.14927649497985843
decision_type=10 10 10 10 2 10 10 2 10
left_child=3 2 -2 5 -4 -1 -7 -3 -9
right_child=1 7 4 -5 -6 6 -8 8 -10
leaf_value=-0.037399925125804458 -0.015849145774500525 0.0064929588203787511 -0.0013128373964148737 0.015915214357862733 0.041892544063543619 0.011784613446052391 -0.022459875292411106 -0.0037949870570521656 -0.031430638236288631
leaf_weight=6.664622724056243 1.0515213683247555 0.70065824687480871 1.460738968104123 1.2484109848737706 8.2242472879588586 1.3665885496884587 1.0629617311060453 0.57785949856042895 2.6864287257194519
leaf_count=88 9 4 10 6 55 13 12 5 46
internal_value=-0.00113068 0.0152769 0.0298796 -0.0237439 0.0358631 -0.0302254 -0.00537812 -0.022319 -0.0285756
internal_weight=25.044 14.7015 10.7365 10.3426 9.68499 9.09417 2.42955 3.96495 3.26429
internal_count=248 129 74 119 65 113 25 55 51
is_linear=0
shrinkage=0.05


Tree=134
num_leaves=6
num_cat=0
split_feature=10 7 17 16 9
split_gain=5.54991 6.85891 2.34516 1.33446 0.445179
threshold=0.34213544428348547 0.36228898167610174 -1.0635038614273069 0.5179126262664796 0.14618661254644397
decision_type=8 8 10 8 8
left_child=-1 4 3 -3 -2
right_child=1 2 -4 -5 -6
leaf_value=-0.037483291951271834 0.0025847381204836895 -0.01947983792497987 0.046262339337345727 0.023109094704311255 -0.03645747332789432
leaf_weight=6.2883958909660604 0.6958488635718848 2.3976417742669573 8.4944808557629568 3.0515098869800568 4.4995874613523483
leaf_count=117 8 16 39 10 58
internal_value=-9.96198e-05 0.0134346 0.0312292 0.00425501 -0.0316552
internal_weight=25.4275 19.1391 13.9436 5.44915 5.19544
internal_count=248 131 65 26 66
is_linear=0
shrinkage=0.05


Tree=135
num_leaves=5
num_cat=0
split_feature=13 24 19 4
split_gain=9.58167 2.27037 1.05308 2.9354
threshold=0.21822343021631244 1.1205838918685915 0.17425196617841723 0.26479202508926397
decision_type=10 10 8 2
left_child=2 -2 -1 -4
right_child=1 -3 3 -5
leaf_value=0.04288398714507663 -0.039292116814135893 0.029573464224972357 0.03924366078169874 -0.03078456973764155
leaf_weight=6.2504440248012552 10.14680063910782 0.61514087393879968 2.2867173776030549 1.7890246473252771
leaf_count=18 196 2 6 17
internal_value=-0.00163727 -0.0331762 0.0312596 0.00849608
internal_weight=21.0881 10.7619 10.3262 4.07574
internal_count=239 198 41 23
is_linear=0
shrinkage=0.05


Tree=136
num_leaves=4
num_cat=0
split_feature=28 31 18
split_gain=9.79856 2.21554 0.64361
threshold=0.18790266662836078 0.47710306942462927 0.82932117581367504
decision_type=10 10 10
left_child=1 -1 -3
right_child=-2 2 -4
leaf_value=-0.009293098828201448 -0.038207064592422089 0.050594521732684743 0.015143020874872688
leaf_weight=2.5785066112875965 9.4437016695737821 4.9998178184032422 3.1041752994060516
leaf_count=15 196 14 14
internal_value=-0.00315111 0.0284573 0.04017
internal_weight=20.1262 10.6825 8.10399
internal_count=239 43 28
is_linear=0
shrinkage=0.05


Tree=137
num_leaves=9
num_cat=0
split_feature=15 1 0 7 18 0 8 19
split_gain=5.29541 1.99611 1.6786 1.81722 1.48355 0.472322 0.191165 0.0744141
threshold=0.29353436827659612 0.27279116213321691 0.75182563066482555 0.43385045230388647 0.5844227969646455 0.80708524584770214 0.14893005043268207 0.33209185302257543
decision_type=8 2 2 10 10 2 10 10
left_child=1 7 4 6 -3 -5 -4 -1
right_child=-2 2 3 5 -6 -7 -8 -9
leaf_value=-0.0042485349566679766 -0.03646821997883485 0.027604265863901491 0.045264160811106492 -0.022339353763927608 -0.028436015425057727 0.012175173708413426 0.011261096290496838 -0.026349259236175499
leaf_weight=0.99394143372774069 6.0792263615876463 0.97340424358844702 6.7330158203840238 1.0788349546492093 2.0439591743052006 1.0144475214183328 1.2865821421146391 1.359875939786434
leaf_count=11 90 7 55 12 31 10 13 10
internal_value=-0.000311944 0.0152346 0.0227725 0.0318427 -0.00798626 -0.00708425 0.0416624 -0.0210662
internal_weight=21.5633 15.4841 13.1302 10.1129 3.01736 2.09328 8.0196 2.35382
internal_count=239 149 128 90 38 22 68 21
is_linear=0
shrinkage=0.05


Tree=138
num_leaves=8
num_cat=0
split_feature=14 16 12 3 0 16 6
split_gain=3.97552 3.55042 2.75239 1.18642 1.10636 0.432568 2.3248
threshold=-0.35021658241748804 0.2066885903477669 0.84548699855804454 0.41903977096080786 0.54826566576957714 0.3920064270496369 0.66749995946884166
decision_type=8 10 10 2 2 8 8
left_child=-1 -2 3 5 -4 -3 -7
right_child=1 2 4 -5 -6 6 -8
leaf_value=-0.035024135088281512 -0.031752864612996257 0.046173857502123467 0.021741233002458407 -0.0040035777830513914 -0.030625097856416646 0.040606617771323919 -0.019880701322540009
leaf_weight=4.6953425873070955 2.8865142669528785 6.222621090710164 0.61406204104423467 1.8657309859991063 2.4075629394501448 3.2499030828475961 1.7720211148262022
leaf_count=74 32 38 3 16 42 19 15
internal_value=0.00191553 0.0123294 0.0216101 0.0311466 -0.0172232 0.0368295 0.0195061
internal_weight=23.7138 19.0184 16.1319 13.1103 3.02162 11.2445 5.02192
internal_count=239 165 133 88 45 72 34
is_linear=0
shrinkage=0.05


Tree=139
num_leaves=7
num_cat=0
split_feature=10 7 17 16 21 13
split_gain=5.21956 6.18088 2.39522 1.46575 1.01707 0.0766579
threshold=0.34213544428348547 0.37275862693786627 -1.0635038614273069 0.45916524529457098 0.6327684521675111 0.3699877411127091
decision_type=8 8 8 8 10 10
left_child=-1 3 4 -2 -3 -4
right_child=1 2 5 -5 -6 -7
leaf_value=-0.036733412537964048 0.019144882001962668 0.020280624662420064 0.020176138284107289 -0.036457358497391373 -0.024066877928022038 0.047482364600752065
leaf_weight=5.4750163368880775 0.82378724217415111 1.4199963584542277 2.5761379823088628 4.7171294130384922 1.8127765655517576 7.8508992493152618
leaf_count=108 3 7 11 61 13 36
internal_value=0.00243163 0.014865 0.0323196 -0.0265277 -0.00439799 0.043092
internal_weight=24.6757 19.2007 13.6598 5.54092 3.23277 10.427
internal_count=239 131 67 64 20 47
is_linear=0
shrinkage=0.05


Tree=140
num_leaves=5
num_cat=0
split_feature=31 24 16 10
split_gain=9.30762 2.25259 1.24252 0.0184659
threshold=0.19898372143507007 1.1205838918685915 0.4845630824565888 0.41264000535011297
decision_type=10 10 8 10
left_child=2 -2 -1 -4
right_child=1 -3 3 -5
leaf_value=0.00012642398310222627 -0.038643367822025015 0.030859267724989915 0.044250034250098109 0.020341015387561064
leaf_weight=2.5820991210639486 9.3606303762644494 0.56877160072326738 5.89587327465415 2.9559397324919701
leaf_count=18 196 1 18 12
internal_value=0.00152503 -0.0322029 0.0310492 0.0391411
internal_weight=21.3633 9.9294 11.4339 8.85181
internal_count=245 197 48 30
is_linear=0
shrinkage=0.05


Tree=141
num_leaves=4
num_cat=0
split_feature=22 31 17
split_gain=10.3934 1.68663 0.668184
threshold=0.1971501633524895 0.48511354625225073 -1.1223118305206297
decision_type=10 10 10
left_child=1 -1 -3
right_child=-2 2 -4
leaf_value=-0.0026394949031283794 -0.037798887027029826 0.048626694133448806 0.013879495046934955
leaf_weight=2.9098304808139828 8.9345070440322143 6.1426462829112998 3.0158891752362242
leaf_count=16 196 19 14
internal_value=0.000783012 0.0300529 0.0396772
internal_weight=21.0029 12.0684 9.15854
internal_count=245 49 33
is_linear=0
shrinkage=0.05


Tree=142
num_leaves=6
num_cat=0
split_feature=15 3 12 27 16
split_gain=5.44555 3.57793 4.25468 1.54226 0.0620954
threshold=0.29353436827659612 0.47473335266113287 0.60056015849113475 0.034888735041022308 0.54910880327224743
decision_type=8 2 10 8 10
left_child=1 2 -1 -4 -5
right_child=-2 -3 3 4 -6
leaf_value=0.038166534574843369 -0.036322919425797642 0.04391848109802541 0.021484750060445382 -0.035967116118380063 -0.0072388726080205483
leaf_weight=3.1312294676899892 6.0698592476546791 5.811749964952468 0.83711794763803482 5.0172764249145985 0.79952535033226002
leaf_count=23 92 52 6 62 10
internal_value=0.000443729 0.0160787 -0.0029954 -0.0248213 -0.0336596
internal_weight=21.6668 15.5969 9.78515 6.65392 5.8168
internal_count=245 153 101 78 72
is_linear=0
shrinkage=0.05


Tree=143
num_leaves=8
num_cat=0
split_feature=6 18 12 6 21 15 8
split_gain=3.71981 4.39587 1.5393 1.51948 1.44748 0.715511 0.121783
threshold=0.82191866636276256 0.62946876883506786 0.82144874334335338 0.68260455131530773 0.80038666725158703 0.35990595817565924 0.22923360019922259
decision_type=10 10 10 8 10 8 10
left_child=1 4 -3 -4 6 -2 -1
right_child=5 2 3 -5 -6 -7 -8
leaf_value=-0.034522849771735142 -0.035847818341538142 0.04096651739450978 0.031051105569739654 -0.024071600957744292 0.017053360664206759 0.011862744977962712 -0.0054956544813770363
leaf_weight=4.0859374403953614 5.7363499887287608 7.46684582531452 1.2079991549253466 1.8820254206657407 1.3755897283554075 0.41130188107490528 0.84920757636427868
leaf_count=50 106 51 6 17 7 3 5
internal_value=-0.000996465 0.0112388 0.0299426 -0.000199058 -0.0198656 -0.0314427 -0.0312956
internal_weight=23.0153 16.8676 10.5569 3.09002 6.31073 6.14765 4.93515
internal_count=245 136 74 23 62 109 55
is_linear=0
shrinkage=0.05


Tree=144
num_leaves=6
num_cat=0
split_feature=10 13 17 20 6
split_gain=4.89354 5.56732 1.40651 1.07475 0.413776
threshold=0.34213544428348547 0.33710718154907232 -1.0635038614273069 -0.073114292696118341 0.73966574668884288
decision_type=10 8 8 10 8
left_child=3 -2 -3 -1 -4
right_child=1 2 4 -5 -6
leaf_value=-0.038721191066592886 -0.033378743681302767 0.00013695056057716853 0.0137026139742883 0.0067541616516195559 0.046462553430066424
leaf_weight=6.5664278771728286 3.6394412051886293 2.8573380224406719 2.3562197238206837 1.2445065602660195 6.5050108432769784
leaf_count=108 59 18 12 18 30
internal_value=-0.00154996 0.0146937 0.0310742 -0.0315314 0.0400245
internal_weight=23.1689 15.358 11.7186 7.81093 8.86123
internal_count=245 119 60 126 42
is_linear=0
shrinkage=0.05


Tree=145
num_leaves=3
num_cat=0
split_feature=13 29
split_gain=11.1313 0.596271
threshold=0.23215950280427936 -0.56531637907028187
decision_type=10 8
left_child=1 -1
right_child=-2 -3
leaf_value=0.0090573715340153786 -0.038801772717453983 0.039845873573068735
leaf_weight=2.8258339539170265 9.6363768335431796 7.2556962035596388
leaf_count=16 204 26
internal_value=-0.00237007 0.032812
internal_weight=19.7179 10.0815
internal_count=246 42
is_linear=0
shrinkage=0.05


Tree=146
num_leaves=3
num_cat=0
split_feature=28 30
split_gain=9.99194 1.33404
threshold=0.19973575323820117 0.85237440466880809
decision_type=10 8
left_child=1 -1
right_child=-2 -3
leaf_value=0.0392313551567861 -0.037399102684852414 -0.00012162420138914559
leaf_weight=8.9219188168644905 8.3753968607634288 2.7426617853343496
leaf_count=32 198 16
internal_value=0.00181387 0.0306994
internal_weight=20.04 11.6646
internal_count=246 48
is_linear=0
shrinkage=0.05


Tree=147
num_leaves=7
num_cat=0
split_feature=15 9 2 7 2 3
split_gain=4.69789 3.84633 1.211 0.911424 0.384919 0.275789
threshold=0.29353436827659612 0.1830316558480263 -0.080687623471021638 0.43159490823745733 0.24954393506050113 0.31027872860431677
decision_type=8 10 2 10 2 2
left_child=1 4 -3 5 -1 -4
right_child=-2 2 3 -5 -6 -7
leaf_value=-0.031839306184983977 -0.035879731934667383 -0.01060712206367782 0.010765009918921525 0.0027856922054438193 0.0015484077886142613 0.045464359235128204
leaf_weight=2.8683307468891139 5.6512227281928089 1.293629117310046 1.4320077300071696 2.0748693943023682 0.99602607637643803 6.3888951539993286
leaf_count=39 91 11 15 18 13 59
internal_value=-0.000569896 0.0140948 0.0284139 0.0340203 -0.0246845 0.0410516
internal_weight=20.705 15.0538 11.1894 9.89577 3.86436 7.8209
internal_count=246 155 103 92 52 74
is_linear=0
shrinkage=0.05


Tree=148
num_leaves=6
num_cat=0
split_feature=21 0 19 10 18
split_gain=3.34252 5.42791 2.41645 0.945609 0.414295
threshold=0.49172727763652807 0.54826566576957714 0.58736082911491405 0.34566761553287512 0.84860721230506908
decision_type=10 2 10 10 10
left_child=1 4 3 -2 -1
right_child=2 -3 -4 -5 -6
leaf_value=0.003339804080225182 0.012551209842374645 -0.036943803507587906 0.040103696242782497 -0.028092013590925054 0.036787891790911957
leaf_weight=1.5519956350326563 2.0768930241465555 8.9949661251157504 5.3827118501067162 1.7958914227783678 2.510401651263237
leaf_count=10 11 153 38 18 16
internal_value=-0.000666661 -0.0164745 0.0210664 -0.00819316 0.0271933
internal_weight=22.3129 13.0574 9.2555 3.87278 4.0624
internal_count=246 179 67 29 26
is_linear=0
shrinkage=0.05


Tree=149
num_leaves=5
num_cat=0
split_feature=16 13 10 17
split_gain=4.91121 6.60879 1.59784 0.950483
threshold=0.363842323422432 0.33710718154907232 0.45279616117477423 -1.2565817236900327
decision_type=8 10 10 10
left_child=-1 2 -2 -3
right_child=1 3 -4 -5
leaf_value=-0.03554326145729611 -0.037127233887109125 0.0077556204382439918 0.016793937289428785 0.044281372651609731
leaf_weight=5.534068780019882 4.6426862850785282 2.8021215721964827 1.1702307574450967 8.3641053810715658
leaf_count=124 62 12 7 41
internal_value=0.00165228 0.0150782 -0.0254004 0.0365062
internal_weight=22.5132 16.9791 5.81292 11.1662
internal_count=246 122 69 53
is_linear=0
shrinkage=0.05


Tree=150
num_leaves=3
num_cat=0
split_feature=19 5
split_gain=9.56558 3.6091
threshold=0.1940620765089989 -0.55889993906021107
decision_type=8 2
left_child=-1 -2
right_child=1 -3
leaf_value=0.042177914368994318 0.020783936072690811 -0.038681014503673061
leaf_weight=7.4854369759559658 2.6330331712961206 9.8803594689816201
leaf_count=25 11 220
internal_value=0.000597339 -0.0255565
internal_weight=19.9988 12.5134
internal_count=256 231
is_linear=0
shrinkage=0.05


Tree=151
num_leaves=4
num_cat=0
split_feature=22 30 18
split_gain=10.0088 1.77003 0.409448
threshold=0.1971501633524895 0.21428620070219043 0.83372363448143016
decision_type=8 8 10
left_child=2 -2 -1
right_child=1 -3 -4
leaf_value=0.042780890433441077 0.02177122607822193 -0.038374762273707362 0.014178666302095452
leaf_weight=5.9383198618888873 0.73283979296683988 9.9570136833935976 3.2181600108742714
leaf_count=20 5 215 16
internal_value=-0.00125256 -0.0327418 0.0351141
internal_weight=19.8463 10.6899 9.15648
internal_count=256 220 36
is_linear=0
shrinkage=0.05


Tree=152
num_leaves=7
num_cat=0
split_feature=15 3 18 10 15 13
split_gain=4.24666 4.01984 3.40046 0.709159 0.036262 0.00397758
threshold=0.29353436827659612 0.42897365987300878 0.5844227969646455 0.34213544428348547 0.12242860347032548 0.30240736901760107
decision_type=8 2 10 10 8 10
left_child=1 2 5 -3 -4 -1
right_child=-2 3 4 -5 -6 -7
leaf_value=0.031956021315505512 -0.035499425189117299 0.043480477262127962 -0.0060205230528977884 0.0021046471309072341 -0.034699647824169108 0.0092073011164831315
leaf_weight=1.6346837282180771 5.3831848129630115 5.9978957921266547 0.59812309220433235 1.3389240428805349 4.6861859187483788 1.1334213986992834
leaf_count=14 92 57 9 7 68 9
internal_value=-0.000941469 0.0125754 -0.0113885 0.0370878 -0.0329281 0.0275568
internal_weight=20.7724 15.3892 8.05241 7.33682 5.28431 2.76811
internal_count=256 164 100 64 77 23
is_linear=0
shrinkage=0.05


Tree=153
num_leaves=7
num_cat=0
split_feature=26 34 3 4 28 24
split_gain=3.4967 3.40251 2.51816 1.77268 0.526879 0.385385
threshold=-0.40836046636104578 0.20741909742355349 0.46224899590015417 0.25494153797626501 0.58477371931076061 0.71768659353256237
decision_type=8 10 2 2 8 8
left_child=-1 -2 3 -3 5 -5
right_child=1 2 -4 4 -6 -7
leaf_value=-0.034703170468139088 -0.031772548457516668 -0.018102490904722567 -0.026702196095133576 0.0068193678126639568 0.0026599903993094272 0.041091346223451272
leaf_weight=4.634429419413209 2.9759877212345662 1.2464105486869801 1.6694523207843293 1.3820438235998107 1.3782094717025763 8.8847965598106384
leaf_count=82 39 9 38 14 12 62
internal_value=-0.000218203 0.0102755 0.0203589 0.0279369 0.0339065 0.0374926
internal_weight=22.1713 17.5369 14.5609 12.8915 11.645 10.2668
internal_count=256 174 135 97 88 76
is_linear=0
shrinkage=0.05


Tree=154
num_leaves=6
num_cat=0
split_feature=10 13 35 6 15
split_gain=4.7875 5.82513 1.40115 0.838338 0.524453
threshold=0.34213544428348547 0.33710718154907232 -1.0526760816574094 0.68260455131530773 0.55041503906250011
decision_type=8 8 8 8 10
left_child=-1 -2 4 -4 -3
right_child=1 2 3 -5 -6
leaf_value=-0.036273415971658736 -0.033600373884455186 0.017607143271848324 0.0085045289858562186 0.045655865904786361 -0.014334196180086377
leaf_weight=5.228366361930969 3.9119023270905044 1.3785643354058268 2.481039255857465 7.7323805838823327 1.7961664609611032
leaf_count=117 69 8 11 39 12
internal_value=0.00166276 0.0144834 0.0298918 0.0381943 0.000430908
internal_weight=22.5284 17.3001 13.3882 10.2134 3.17473
internal_count=256 139 70 50 20
is_linear=0
shrinkage=0.05


Tree=155
num_leaves=4
num_cat=0
split_feature=19 28 10
split_gain=8.97436 1.90509 0.168088
threshold=0.1940620765089989 0.50752660632133495 0.41264000535011297
decision_type=10 8 10
left_child=1 -1 -3
right_child=-2 2 -4
leaf_value=-0.014209221405873999 -0.038119457540759003 0.04332075281527855 0.016169827272776188
leaf_weight=1.6335436068475253 8.4661908429115993 5.6876916773617268 2.5168875753879547
leaf_count=14 201 18 12
internal_value=-0.0026773 0.0285255 0.0376534
internal_weight=18.3043 9.83812 8.20458
internal_count=245 44 30
is_linear=0
shrinkage=0.05


Tree=156
num_leaves=4
num_cat=0
split_feature=28 29 14
split_gain=7.89164 1.48441 1.61031
threshold=0.19973575323820117 -0.89975944161415089 -0.60248851776123036
decision_type=10 8 10
left_child=1 -1 -3
right_child=-2 2 -4
leaf_value=0.038739915039449457 -0.036624970128388792 0.022836321090360545 -0.028210364182958844
leaf_weight=7.2772081643342972 7.2303297622129312 2.7685219421982765 1.6230557523667828
leaf_count=28 192 10 15
internal_value=0.00157216 0.026263 0.00223716
internal_weight=18.8991 11.6688 4.39158
internal_count=245 53 25
is_linear=0
shrinkage=0.05


Tree=157
num_leaves=6
num_cat=0
split_feature=27 3 18 7 17
split_gain=4.11196 2.98806 3.22472 0.614507 0.169563
threshold=0.23357092589139941 0.41663633286952978 0.5844227969646455 0.3101689219474793 -0.96069589257240284
decision_type=8 2 10 8 10
left_child=1 2 -1 -2 -3
right_child=3 4 -4 -5 -6
leaf_value=0.030634117463259676 0.002864224594804704 0.0080211479856853122 -0.033317537163323467 -0.035836991214449325 0.041591477209241834
leaf_weight=2.37488094717264 1.0560766085982347 0.98748493939638127 3.8183888252824545 5.3292406182736158 5.3491166830062866
leaf_count=19 10 6 62 94 54
internal_value=9.68521e-05 0.0164718 -0.00794498 -0.029915 0.0381663
internal_weight=18.9152 12.5299 6.19327 6.38532 6.3366
internal_count=245 141 81 104 60
is_linear=0
shrinkage=0.05


Tree=158
num_leaves=8
num_cat=0
split_feature=28 6 5 18 26 17 12
split_gain=3.05148 2.86064 2.47078 2.19665 0.505815 0.190188 0.0439221
threshold=0.19973575323820117 0.83007189631462108 -0.43297509849071497 0.62946876883506786 -0.35203090310096735 -0.92768332362174977 0.8309619426727296
decision_type=10 10 2 8 8 8 10
left_child=-1 2 -2 -4 -5 -3 -6
right_child=1 5 3 4 6 -7 -8
leaf_value=-0.03391396471724497 -0.027185340108491232 0.0022311886988826972 -0.023019585344874624 0.002765583300797494 0.041826020465606212 -0.030767492167929473 0.01525713929978492
leaf_weight=4.0805224776268032 1.5822549536824251 0.34785728715360165 1.1813169736415119 1.2529782801866529 7.6597952321171743 2.7749403193593021 1.7711492106318472
leaf_count=53 12 6 25 9 57 71 12
internal_value=0.000224662 0.0100832 0.0200936 0.0280214 0.0351522 -0.0274421 0.0387774
internal_weight=20.6508 16.5703 13.4475 11.8652 10.6839 3.1228 9.43094
internal_count=245 192 115 103 78 77 69
is_linear=0
shrinkage=0.05


Tree=159
num_leaves=5
num_cat=0
split_feature=16 31 9 34
split_gain=4.00223 4.61059 1.7945 0.585101
threshold=0.363842323422432 0.33901244401931768 0.56011685729026806 0.42899449169635778
decision_type=8 8 8 8
left_child=-1 -2 3 -3
right_child=1 2 -4 -5
leaf_value=-0.034727396267007798 -0.032550273880512737 0.009688621911135141 -0.0069994664806928069 0.04283501493630737
leaf_weight=4.9278225768357542 3.377664249390361 2.4268121868371937 2.7225021421909341 7.2832305058836946
leaf_count=123 64 14 9 35
internal_value=0.000625901 0.0130554 0.0269463 0.0362289
internal_weight=20.738 15.8102 12.4325 9.71004
internal_count=245 122 58 49
is_linear=0
shrinkage=0.05


Tree=160
num_leaves=4
num_cat=0
split_feature=13 22 10
split_gain=8.99198 1.77801 0.466932
threshold=0.23215950280427936 0.51350924372673046 0.41669212281703955
decision_type=10 8 10
left_child=1 -1 -3
right_child=-2 2 -4
leaf_value=-0.013668531865314137 -0.037661134591251033 0.043590283800831513 0.012795479674339763
leaf_weight=1.583637427538634 7.9596642162650815 6.5174071863293648 2.7758630253374577
leaf_count=14 200 21 16
internal_value=0.000164053 0.0286847 0.0365287
internal_weight=18.8366 10.8769 9.29327
internal_count=251 51 37
is_linear=0
shrinkage=0.05


Tree=161
num_leaves=4
num_cat=0
split_feature=22 31 30
split_gain=8.98467 1.442 0.248262
threshold=0.1971501633524895 0.47710306942462927 0.83242622017860424
decision_type=10 10 10
left_child=1 -1 -3
right_child=-2 2 -4
leaf_value=-0.0017149083098722926 -0.036672196585899458 0.04603903983533441 0.016330459637181161
leaf_weight=2.579495798796418 7.403604074381291 5.9015965759754163 2.5148749351501465
leaf_count=15 202 21 13
internal_value=0.00313539 0.0307607 0.039839
internal_weight=18.3996 10.996 8.41647
internal_count=251 49 34
is_linear=0
shrinkage=0.05


Tree=162
num_leaves=8
num_cat=0
split_feature=15 9 7 11 21 18 24
split_gain=3.73264 3.34555 1.00854 0.998825 0.771638 0.574545 0.116831
threshold=0.29353436827659612 0.1830316558480263 0.43159490823745733 0.38945181667804724 0.15906160324811938 0.89623960852622997 0.69110047817230236
decision_type=8 10 10 10 10 10 10
left_child=1 6 3 5 -4 -3 -1
right_child=-2 2 4 -5 -6 -7 -8
leaf_value=-0.002976161156468188 -0.0349581356589099 0.043350889100880793 0.020241548311459707 -0.0081357013070778843 -0.023983545530944242 0.001423537783939477 -0.030161770186421907
leaf_weight=0.70862071216106359 5.0230225101113346 6.2522420324385148 0.8601435236632814 0.97526122257113446 1.1355461217463014 0.99902080371975888 2.6436107736080885
leaf_count=6 91 64 9 9 13 12 47
internal_value=-0.00193574 0.0118439 0.0256278 0.0326414 -0.00452843 0.0384471 -0.0264193
internal_weight=18.5975 13.5744 10.2222 8.22652 1.99569 7.25126 3.35223
internal_count=251 160 107 85 22 76 53
is_linear=0
shrinkage=0.05


Tree=163
num_leaves=8
num_cat=0
split_feature=26 22 5 6 11 0 15
split_gain=2.89121 2.82779 2.33639 2.26542 0.284531 1.34611 0.123813
threshold=-0.40836046636104578 0.1971501633524895 -0.43297509849071497 0.83418399095535289 -0.2950682789087295 0.52030742168426525 0.25798761844635015
decision_type=8 10 2 10 8 2 10
left_child=-1 -2 -3 4 -4 -6 -5
right_child=1 2 3 6 5 -7 -8
leaf_value=-0.033819741105980509 -0.030796819714560681 -0.027126471931471455 0.041497239431791989 -0.023867403469609243 0.032851700133262676 -0.018417556273145876 0.002520836238062445
leaf_weight=4.1229792796075344 2.6994183249771657 1.6071956902742428 6.4651798978447914 1.3197184205055243 2.7023115232586776 1.1717678457498548 0.33130629733204831
leaf_count=79 36 13 46 39 20 12 6
internal_value=-0.000864099 0.00894663 0.0184059 0.0261275 0.0345184 0.0167475 -0.0196187
internal_weight=20.4199 16.2969 13.5975 11.9903 10.3393 3.87408 1.65102
internal_count=251 172 136 123 78 32 45
is_linear=0
shrinkage=0.05


Tree=164
num_leaves=7
num_cat=0
split_feature=10 7 17 15 20 9
split_gain=3.88068 4.4709 1.81204 0.824685 0.66504 0.329069
threshold=0.34213544428348547 0.36228898167610174 -1.0635038614273069 0.5692429542541505 -0.073114292696118341 0.14618661254644397
decision_type=10 8 8 8 10 10
left_child=4 5 3 -3 -1 -2
right_child=1 2 -4 -5 -6 -7
leaf_value=-0.036568009227012768 0.00285322253396161 0.017698007204013301 0.041318962065873342 -0.021976257963622146 0.0061683834970390605 -0.033568064134726273
leaf_weight=5.2968567032366991 0.55444200336932903 1.7021935880184171 7.602046824991703 1.5491802990436556 0.75785382278263824 3.1670385841280222
leaf_count=112 8 10 42 12 12 55
internal_value=-0.000352988 0.0135979 0.0292936 -0.00192832 -0.0311027 -0.0286868
internal_weight=20.6296 14.5749 10.8534 3.25137 6.05471 3.72148
internal_count=251 127 64 22 124 63
is_linear=0
shrinkage=0.05


Tree=165
num_leaves=5
num_cat=0
split_feature=13 24 28 10
split_gain=6.89786 2.04148 1.02951 0.150457
threshold=0.23215950280427936 1.1205838918685915 0.51839643716812145 0.41623103618621832
decision_type=10 10 8 10
left_child=2 -2 -1 -4
right_child=1 -3 3 -5
leaf_value=-0.0034935683881145252 -0.037189375405271709 0.028857240014576919 0.04210773777833654 0.016560336489159035
leaf_weight=1.7860388904809958 7.4209485296159965 0.60797749087214459 5.4360150471329689 2.7902534939348698
leaf_count=14 204 2 18 16
internal_value=0.00300782 -0.0295459 0.0294253 0.0361765
internal_weight=18.0412 8.02893 10.0123 8.22627
internal_count=254 206 48 34
is_linear=0
shrinkage=0.05


Tree=166
num_leaves=4
num_cat=0
split_feature=22 2 3
split_gain=7.78461 1.3631 1.03293
threshold=0.1971501633524895 -0.93131229281425465 0.55881348252296459
decision_type=8 2 2
left_child=2 -2 -1
right_child=1 -3 -4
leaf_value=0.041093264686121268 0.016734642823385149 -0.037465009704578098 -0.00025138032304829557
leaf_weight=5.906807720661166 0.74579742550849992 8.5572183104231918 1.9181101843714712
leaf_count=24 2 217 11
internal_value=-0.00252407 -0.0319174 0.0320785
internal_weight=17.1279 9.30302 7.82492
internal_count=254 219 35
is_linear=0
shrinkage=0.05


Tree=167
num_leaves=7
num_cat=0
split_feature=15 9 1 4 8 24
split_gain=3.62841 2.89601 1.32396 0.951381 0.655129 0.36172
threshold=0.29353436827659612 0.1830316558480263 0.27498799562454229 0.31693299114704138 0.20142128318548205 0.65471231937408458
decision_type=8 10 2 2 10 10
left_child=1 5 -3 4 -4 -1
right_child=-2 2 3 -5 -6 -7
leaf_value=0.0040725430868014884 -0.034238162105071426 -0.014060654108782496 0.042504423901833649 -0.0085296519505816491 0.0035299447143058191 -0.029879420123020941
leaf_weight=0.72659272700548116 4.5192432627081898 1.2700875028967846 6.8914224319159949 0.94259940832853395 1.471133906394243 2.5486898869276047
leaf_count=6 89 13 73 12 14 47
internal_value=0.000396742 0.0132422 0.025542 0.0317874 0.0367574 -0.0231566
internal_weight=18.3698 13.8505 10.5752 9.30516 8.36256 3.27528
internal_count=254 165 112 99 87 53
is_linear=0
shrinkage=0.05


Tree=168
num_leaves=8
num_cat=0
split_feature=6 18 12 6 21 15 10
split_gain=2.91831 2.75853 1.38948 1.53615 1.2908 0.888531 0.138324
threshold=0.82191866636276256 0.62946876883506786 0.82410100102424633 0.68260455131530773 0.80038666725158703 0.49076673388481146 0.2524723112583161
decision_type=10 10 10 8 10 10 8
left_child=1 4 -3 -4 6 -2 -1
right_child=5 2 3 -5 -6 -7 -8
leaf_value=-0.0026969724444070239 -0.034541310734118306 0.040545991941086344 0.029300942540960426 -0.026816543221905076 0.017763748672498178 0.014678825421374941 -0.032057141971759455
leaf_weight=0.66177602112293543 4.8638668656349173 5.7940056696534139 1.2979738116264345 1.5988384895026682 1.4066184312105177 0.51246671378612507 3.0828211233019829
leaf_count=4 116 49 8 16 8 4 49
internal_value=7.49046e-06 0.0121611 0.0281824 -0.000605384 -0.0150563 -0.0282834 -0.0285304
internal_weight=19.2184 13.842 8.69082 2.89681 5.15122 5.37633 3.7446
internal_count=254 134 73 24 61 120 53
is_linear=0
shrinkage=0.05


Tree=169
num_leaves=6
num_cat=0
split_feature=10 7 35 25 10
split_gain=3.50037 4.6531 1.55734 0.634693 0.358691
threshold=0.34213544428348547 0.36228898167610174 -1.0526760816574094 0.35032141208648687 0.37242271006107336
decision_type=8 8 8 10 8
left_child=-1 4 -3 -4 -2
right_child=1 2 3 -5 -6
leaf_value=-0.035413305147007128 0.0033831449583732612 -0.0065608070099428097 0.010138733822118783 0.044367132311396489 -0.034496842994283176
leaf_weight=4.4816652443259981 0.52904815785586556 2.3661079443991184 2.5714088156819326 6.0700556561350822 3.5860728872939944
leaf_count=118 5 18 15 34 64
internal_value=-0.000939251 0.0108401 0.0272997 0.0362899 -0.0299176
internal_weight=19.6044 15.1227 11.0076 8.64146 4.11512
internal_count=254 136 67 49 69
is_linear=0
shrinkage=0.05


Tree=170
num_leaves=4
num_cat=0
split_feature=19 5 16
split_gain=5.4284 2.00396 1.98974
threshold=0.17425196617841723 -0.55889993906021107 0.47420799732208258
decision_type=10 2 8
left_child=2 -2 -1
right_child=1 -3 -4
leaf_value=-0.015142286465671834 0.020908276569436581 -0.03732104667420099 0.037679222280836568
leaf_weight=1.7028295211493976 1.1426747515797622 6.7249632226303202 6.9244227483868608
leaf_count=17 6 198 27
internal_value=0.000809093 -0.0274599 0.0267635
internal_weight=16.4949 7.86764 8.62725
internal_count=248 204 44
is_linear=0
shrinkage=0.05


Tree=171
num_leaves=4
num_cat=0
split_feature=22 18 3
split_gain=6.21997 1.51982 1.08751
threshold=0.1971501633524895 0.19884105026721957 0.55881348252296459
decision_type=8 8 2
left_child=2 -2 -1
right_child=1 -3 -4
leaf_value=0.040067670249186255 0.019347042365034883 -0.037284644975639991 -0.0018859073199757473
leaf_weight=4.7501072585582724 0.73744195699691673 8.0247387951239944 1.9933005198836324
leaf_count=19 5 212 12
internal_value=-0.00473303 -0.0310248 0.0290245
internal_weight=15.5056 8.76218 6.74341
internal_count=248 217 31
is_linear=0
shrinkage=0.05


Tree=172
num_leaves=8
num_cat=0
split_feature=15 9 1 7 9 24 0
split_gain=3.55846 2.18305 1.1105 0.802162 0.834879 0.482832 0.0850361
threshold=0.29353436827659612 0.1830316558480263 0.27498799562454229 0.43078403174877172 0.35090346634387976 0.59562611579895031 0.76199927926063549
decision_type=8 10 2 10 10 10 2
left_child=1 5 -3 6 -5 -1 -4
right_child=-2 2 3 4 -6 -7 -8
leaf_value=0.0081249031724551033 -0.033979992528518126 -0.011169419748746714 0.012711647209357222 -0.01872513102160861 0.025793885212615747 -0.028501320683026916 0.043088633857555521
leaf_weight=0.74241473525762502 4.3964761588722494 1.3388230428099621 1.3663874343037585 1.2172576300799849 1.0208175852894781 2.1797208357602358 4.8821160718798637
leaf_count=6 91 14 14 15 10 44 54
internal_value=0.000450535 0.0139332 0.0247581 0.0310058 0.00327549 -0.0194969 0.0391161
internal_weight=17.144 12.7475 9.8254 8.48658 2.23808 2.92214 6.2485
internal_count=248 157 107 93 25 50 68
is_linear=0
shrinkage=0.05


Tree=173
num_leaves=8
num_cat=0
split_feature=32 12 21 34 0 24 16
split_gain=2.68739 2.15446 1.3937 1.27292 0.795538 0.336431 0.183674
threshold=-0.3917232602834701 0.84548699855804454 0.80038666725158703 0.20741909742355349 0.54826566576957714 0.71768659353256237 0.54438406229019176
decision_type=10 10 10 10 2 8 10
left_child=2 3 -1 -2 -3 -5 -7
right_child=1 4 -4 5 -6 6 -8
leaf_value=-0.035113213616563312 -0.01889681708746193 0.017045217111359045 0.014730129978497448 0.0046926490272682754 -0.029873104734048785 0.038160376313763303 0.0072290778872986725
leaf_weight=4.9602899495512274 0.82031621597707172 0.49901647865772192 1.2178063392639158 1.4407601170241804 2.4115134943276644 5.8239690326154241 1.0958456322550771
leaf_count=91 12 3 7 17 57 52 9
internal_value=-1.89985e-05 0.013463 -0.0246049 0.0248123 -0.0195271 0.0306616 0.0347933
internal_weight=18.2695 12.0914 6.1781 9.18089 2.91053 8.36057 6.91981
internal_count=248 150 98 90 60 78 61
is_linear=0
shrinkage=0.05


Tree=174
num_leaves=6
num_cat=0
split_feature=16 7 1 16 17
split_gain=3.301 3.98092 1.12795 1.02254 0.337052
threshold=0.363842323422432 0.37275862693786627 0.26074881851673132 0.45916524529457098 -1.139248192310333
decision_type=8 8 2 8 8
left_child=-1 3 -3 -2 -4
right_child=1 2 4 -5 -6
leaf_value=-0.033204058778724795 0.01499435979711441 -0.00317511280904813 0.0096424195177764963 -0.033765715296608372 0.040101703416146807
leaf_weight=3.9575934503227499 0.77487845718860349 2.1437409222126016 1.8848428726196287 3.5472465809434652 7.2256617471575719
leaf_count=118 3 6 10 67 44
internal_value=0.00273489 0.0133184 0.0283737 -0.0238491 0.0353771
internal_weight=19.534 15.5764 11.2542 4.32213 9.1105
internal_count=248 130 60 70 54
is_linear=0
shrinkage=0.05


end of trees

feature_importances:
right_shoulder_x=52
right_index_x=47
right_elbow_y=46
right_index_y=43
left_wrist_x=40
right_wrist_y=40
left_index_y=38
left_wrist_y=34
left_index_x=32
left_shoulder_y=31
left_elbow_x=29
left_elbow_y=29
left_shoulder_x=26
right_elbow_x=23
left_elbow_z=21
right_wrist_x=21
right_shoulder_z=20
right_pinky_x=20
right_wrist_z=18
left_thumb_y=18
right_elbow_z=17
right_shoulder_y=16
left_thumb_x=15
left_pinky_x=14
right_pinky_y=14
left_index_z=12
right_pinky_z=12
right_thumb_x=11
left_shoulder_z=10
right_thumb_y=10
left_pinky_y=8
left_wrist_z=6
left_pinky_z=5
left_thumb_z=5
right_thumb_z=3
right_index_z=2

parameters:
[boosting: gbdt]
[objective: multiclass]
[metric: multi_logloss,multi_error]
[tree_learner: serial]
[device_type: cpu]
[data_sample_strategy: bagging]
[data: ]
[valid: ]
[num_iterations: 300]
[learning_rate: 0.05]
[num_leaves: 31]
[num_threads: 0]
[seed: 42]
[deterministic: 0]
[force_col_wise: 1]
[force_row_wise: 0]
[histogram_pool_size: -1]
[max_depth: -1]
[min_data_in_leaf: 10]
[min_sum_hessian_in_leaf: 0.001]
[bagging_fraction: 0.9]
[pos_bagging_fraction: 1]
[neg_bagging_fraction: 1]
[bagging_freq: 1]
[bagging_seed: 400]
[bagging_by_query: 0]
[feature_fraction: 0.9]
[feature_fraction_bynode: 1]
[feature_fraction_seed: 30056]
[extra_trees: 0]
[extra_seed: 12879]
[early_stopping_round: 0]
[early_stopping_min_delta: 0]
[first_metric_only: 0]
[max_delta_step: 0]
[lambda_l1: 0]
[lambda_l2: 1]
[linear_lambda: 0]
[min_gain_to_split: 0]
[drop_rate: 0.1]
[max_drop: 50]
[skip_drop: 0.5]
[xgboost_dart_mode: 0]
[uniform_drop: 0]
[drop_seed: 17869]
[top_rate: 0.2]
[other_rate: 0.1]
[min_data_per_group: 100]
[max_cat_threshold: 32]
[cat_l2: 10]
[cat_smooth: 10]
[max_cat_to_onehot: 4]
[top_k: 20]
[monotone_constraints: ]
[monotone_constraints_method: basic]
[monotone_penalty: 0]
[feature_contri: ]
[forcedsplits_filename: ]
[refit_decay_rate: 0.9]
[cegb_tradeoff: 1]
[cegb_penalty_split: 0]
[cegb_penalty_feature_lazy: ]
[cegb_penalty_feature_coupled: ]
[path_smooth: 0]
[interaction_constraints: ]
[verbosity: -1]
[saved_feature_importance_type: 0]
[use_quantized_grad: 0]
[num_grad_quant_bins: 4]
[quant_train_renew_leaf: 0]
[stochastic_rounding: 1]
[linear_tree: 0]
[max_bin: 255]
[max_bin_by_feature: ]
[min_data_in_bin: 3]
[bin_construct_sample_cnt: 200000]
[data_random_seed: 175]
[is_enable_sparse: 1]
[enable_bundle: 1]
[use_missing: 1]
[zero_as_missing: 0]
[feature_pre_filter: 0]
[pre_partition: 0]
[two_round: 0]
[header: 0]
[label_column: ]
[weight_column: ]
[group_column: ]
[ignore_column: ]
[categorical_feature: ]
[forcedbins_filename: ]
[precise_float_parser: 0]
[parser_config_file: ]
[objective_seed: 16083]
[num_class: 5]
[is_unbalance: 0]
[scale_pos_weight: 1]
[sigmoid: 1]
[boost_from_average: 1]
[reg_sqrt: 0]
[alpha: 0.9]
[fair_c: 1]
[poisson_max_delta_step: 0.7]
[tweedie_variance_power: 1.5]
[lambdarank_truncation_level: 30]
[lambdarank_norm: 1]
[label_gain: ]
[lambdarank_position_bias_regularization: 0]
[eval_at: ]
[multi_error_top_k: 1]
[auc_mu_weights: ]
[num_machines: 1]
[local_listen_port: 12400]
[time_out: 120]
[machine_list_filename: ]
[machines: ]
[gpu_platform_id: -1]
[gpu_device_id: -1]
[gpu_use_dp: 0]
[num_gpu: 1]

end of parameters

pandas_categorical:null
