tree
version=v4
num_class=3
num_tree_per_iteration=3
label_index=0
max_feature_idx=37
objective=multiclass num_class:3
feature_names=left_hip_x left_hip_y left_hip_z right_hip_x right_hip_y right_hip_z left_shoulder_x left_shoulder_y left_shoulder_z right_shoulder_x right_shoulder_y right_shoulder_z left_knee_x left_knee_y left_knee_z right_knee_x right_knee_y right_knee_z left_ankle_x left_ankle_y left_ankle_z right_ankle_x right_ankle_y right_ankle_z left_heel_x left_heel_y left_heel_z right_heel_x right_heel_y right_heel_z left_foot_index_x left_foot_index_y left_foot_index_z right_foot_index_x right_foot_index_y right_foot_index_z bbox_w bbox_h
feature_infos=[0.09263937920331955:0.93869531154632568] [0.024840358644723892:1.692130446434021] [-0.71393030881881714:0.85579770803451538] [0.10417288541793823:0.92954850196838379] [0.1018228679895401:1.7420367002487183] [-0.85594367980957031:0.71285784244537354] [0.099446877837181091:0.86759114265441895] [0.14834119379520416:0.9320414662361145] [-1.7081167697906494:1.2193659543991089] [0.10721496492624283:0.92614144086837769] [0.1628260612487793:1.0945725440979004] [-1.6904778480529785:1.3238615989685059] [-0.27188855409622192:1.1541596651077271] [0.016179447993636131:1.4643324613571167] [-1.4992873668670654:1.1610590219497681] [-0.11148465424776077:1.2278136014938354] [-0.15709775686264038:1.3362160921096802] [-1.2377570867538452:1.1432315111160278] [-0.26027917861938477:1.2081830501556396] [0.086240790784358978:1.4111852645874023] [-2.0521206855773926:2.2206194400787354] [0.099899813532829285:1.2721689939498901] [0.072889238595962524:1.1199557781219482] [-1.9984921216964722:2.0144929885864258] [-0.32395833730697632:1.239293098449707] [0.096628978848457336:1.4947605133056641] [-2.1901242733001709:2.3340535163879395] [0.032851912081241608:1.5704610347747803] [0.066187836229801178:1.1957418918609619] [-2.1293127536773682:2.1111383438110352] [0.0061277812346816063:1.2849316596984863] [-0.038768146187067032:1.2426667213439941] [-2.4419910907745361:2.3407354354858398] [0.009508596733212471:1.3755254745483398] [-0.086289875209331512:1.2408509254455566] [-2.3644442558288574:2.0034279823303223] [0.056694220751523972:0.57210367918014526] [0.11565043032169342:0.99167376756668091]
tree_sizes=1815 2210 1727 3489 3460 3488 3472 3454 3493 3499 3468 3463 3491 3482 3487 3508 3477 3483 3511 3478 3483 3484 3481 3499 3500 3471 3487 3515 3481 3491 3500 3484 3504

Tree=0
num_leaves=16
num_cat=0
split_feature=37 36 10 29 7 14 3 0 0 0 0 0 0 2 0
split_gain=2206.45 1114.5 73.3729 157.112 25.4659 0.19297 2.27374e-13 1.13687e-13 1.13687e-13 1.13687e-13 2.84217e-14 1.42109e-14 3.55271e-15 3.55271e-15 8.88178e-16
threshold=0.602168768644333 0.10837388038635255 0.26988810300827032 0.24271706491708758 0.26693607866764074 -0.53433525562286366 0.64131465554237377 0.66109097003936779 0.79338213801383983 0.33878816664218908 0.54749891161918651 0.33023680746555334 0.53731849789619457 0.050592049956321723 0.82469597458839428
decision_type=2 2 2 10 2 8 10 10 10 10 10 10 10 10 10
left_child=1 4 3 12 7 -2 -7 -1 9 11 -5 -4 13 -3 -10
right_child=5 2 8 10 -6 6 -8 -9 14 -11 -12 -13 -14 -15 -16
leaf_value=-1.3854076406763203 -1.3953110506177824 -1.5834758395055641 -1.5834758395055641 -1.3854076406763201 -1.4985894685787453 -1.3854076406763203 -1.3854076406763203 -1.3854076406763203 -1.5834758395055641 -1.5834758395055641 -1.3854076406763203 -1.5834758395055641 -1.5834758395055641 -1.5834758395055641 -1.5834758395055641
leaf_weight=72.954670667648315 5.0487661361694336 11.864600419998174 116.87893605232239 7.8255875110626203 5.3012044429779044 183.01777243614197 8.078025817871092 6.5633959770202628 5.3012044429779035 891.10722303390503 7.068272590637207 11.612162113189695 5.8060810565948477 12.874353647232054 5.553642749786377
leaf_count=289 20 47 463 31 21 725 32 26 21 3530 28 46 23 51 22
internal_value=-1.54077 -1.56698 -1.58073 -1.51855 -1.39248 -1.38566 -1.38541 -1.38541 -1.58348 -1.58348 -1.38541 -1.58348 -1.58348 -1.58348 -1.58348
internal_weight=1356.86 1160.71 1075.89 45.4389 84.8193 196.145 191.096 79.5181 1030.45 1019.6 14.8939 128.491 30.545 24.739 10.8548
internal_count=5375 4598 4262 180 336 777 757 315 4082 4039 59 509 121 98 43
is_linear=0
shrinkage=1


Tree=1
num_leaves=20
num_cat=0
split_feature=37 37 1 14 7 37 0 10 0 0 5 37 0 14 0 0 0 0 0
split_gain=1191.97 1008.32 986.957 156.861 45.9756 14.7304 105.063 7.02255 1.31812 0.775555 0.56998 0.265058 0.338799 0.148535 4.54747e-13 2.27374e-13 2.84217e-14 2.84217e-14 1.42109e-14
threshold=0.35548739135265356 0.602168768644333 0.50336715579032909 -0.58714738488197316 0.40948836505413061 0.25814488530159002 0.43802495300769811 0.27288509905338293 0.33344168961048132 0.35806049406528478 -0.15044801682233808 0.25317433476448065 0.53889968991279613 -0.53433525562286366 0.68843442201614391 0.58043205738067638 0.67994123697280895 0.6690124273300172 0.54542216658592235
decision_type=2 2 10 8 2 2 10 2 10 10 10 2 10 8 10 10 10 10 10
left_child=5 2 3 -2 7 11 9 -4 -5 -7 -8 15 -13 -3 -9 -1 -10 -15 -12
right_child=1 13 4 8 -6 6 10 14 16 -11 18 12 -14 17 -16 -17 -18 -19 -20
leaf_value=-1.179628650074461 -1.0271690587975784 -1.172005670510617 -1.0779889225565393 -1.1567597113829287 -1.1578487084634779 -1.0271690587975784 -1.1643826909467729 -1.0271690587975784 -1.179628650074461 -1.0500379974891108 -1.179628650074461 -1.1643826909467729 -1.179628650074461 -1.179628650074461 -1.0271690587975784 -1.179628650074461 -1.179628650074461 -1.179628650074461 -1.179628650074461
leaf_weight=580.15372636914253 19.021433651447296 6.5591150522232056 6.887070804834365 6.5591150522232047 6.887070804834365 8.5268495678901655 6.5591150522232047 505.05185902118683 153.48329222202301 6.5591150522232047 81.98893815279007 6.5591150522232047 8.1988938152790052 182.34339845180511 19.349389404058456 73.790044337511063 6.5591150522232047 65.919106274843216 11.806407094001768
leaf_count=1769 58 20 21 20 21 26 20 1540 468 20 250 20 25 556 59 225 20 201 36
internal_value=-1.1307 -1.0939 -1.06378 -1.1632 -1.02949 -1.17663 -1.16014 -1.02783 -1.17873 -1.03711 -1.17863 -1.17948 -1.17285 -1.17943 -1.02717 -1.17963 -1.17963 -1.17963 -1.17963
internal_weight=1762.76 978.62 723.798 185.623 538.175 784.142 115.44 531.288 166.602 15.086 100.354 668.702 14.758 254.822 524.401 653.944 160.042 248.263 93.7953
internal_count=5375 2984 2207 566 1641 2391 352 1620 508 46 306 2039 45 777 1599 1994 488 757 286
is_linear=0
shrinkage=1


Tree=2
num_leaves=15
num_cat=0
split_feature=37 37 20 10 37 36 2 37 14 1 1 1 1 3
split_gain=3142.71 112.543 159.767 38.4638 12.9536 81.5356 10.4287 0.233086 0.297933 2.27374e-13 2.27374e-13 2.84217e-14 1.42109e-14 7.10543e-15
threshold=0.38627149164676672 0.35548739135265356 0.33316786587238317 0.3867510855197907 0.25814488530159002 0.2619332373142243 -0.011727710254490374 0.25317433476448065 -0.77204170823097218 1.1501505374908449 0.68162688612937938 0.57457968592643749 0.49943235516548162 0.52731892466545116
decision_type=2 2 8 2 2 2 10 2 10 10 10 10 10 10
left_child=1 4 12 10 7 6 -6 9 -9 -1 -2 -7 -3 -4
right_child=3 2 13 -5 5 11 -8 8 -10 -11 -12 -13 -14 -15
leaf_value=-0.6981516973966525 -0.83222153028259938 -0.6981516973966525 -0.83222153028259938 -0.71826217232954448 -0.75848312219532854 -0.6981516973966525 -0.83222153028259938 -0.71155868068524719 -0.6981516973966525 -0.6981516973966525 -0.83222153028259938 -0.6981516973966525 -0.6981516973966525 -0.83222153028259938
leaf_weight=719.4012099802494 955.47221356630325 39.531637251377106 30.954017847776413 7.4587994813919059 7.4587994813919094 102.18555289506912 13.42583906650543 7.4587994813919094 9.3234993517398816 24.241098314523697 60.416275799274445 8.2046794295310956 8.9505593776702863 10.069379299879072
leaf_count=1929 2562 106 83 20 20 274 36 20 25 65 162 22 24 27
internal_value=-0.770088 -0.706152 -0.7596 -0.831391 -0.700787 -0.715291 -0.805886 -0.698283 -0.70411 -0.698152 -0.832222 -0.698152 -0.698152 -0.832222
internal_weight=2004.55 981.205 89.5056 1023.35 891.699 131.275 20.8846 760.425 16.7823 743.642 1015.89 110.39 48.4822 41.0234
internal_count=5375 2631 240 2744 2391 352 56 2039 45 1994 2724 296 130 110
is_linear=0
shrinkage=1


Tree=3
num_leaves=31
num_cat=0
split_feature=37 10 20 37 36 10 20 0 25 14 37 21 2 0 1 36 37 29 9 37 10 2 36 36 34 7 0 37 3 37
split_gain=1792.69 991.587 57.3031 56.2025 21.4593 9.54122 0.0150162 0.0182775 0.00209994 0.00208061 0.00102684 0.000893364 0.0022347 0.00026239 0.000558914 0.000109992 0.000210453 0.000101642 6.42591e-05 3.48252e-05 3.19544e-05 3.15629e-05 9.96751e-06 7.99934e-06 7.14789e-06 3.6814e-06 2.88879e-06 2.05325e-06 1.32618e-05 3.92956e-06
threshold=0.53616175055503856 0.32525181770324713 -0.18311130255460736 0.77762803435325634 0.10660514608025552 0.3167529851198197 0.91876569390296947 0.63934043049812328 0.83539888262748729 -0.49467013776302332 0.39191742241382604 0.30307996273040777 -0.012658757623285053 0.33344168961048132 0.49769301712512976 0.17754764854907992 0.25814488530159002 1.0288991928100588 0.47901903092861181 0.60046309232711803 0.27402122318744665 -0.028715967200696465 0.1146867759525776 0.14097128063440326 0.8025045394897462 0.3693732768297196 0.50451645255088817 0.27797964215278631 0.44860655069351202 0.25317433476448065
decision_type=2 2 8 2 2 2 10 10 8 8 2 8 10 10 10 2 2 10 2 2 2 10 2 2 8 2 10 2 10 2
left_child=4 2 -2 19 -1 6 8 -8 -4 -10 15 12 -11 14 -13 16 22 -15 -18 -3 -12 -20 -6 -23 -22 -26 -14 29 -29 -17
right_child=1 3 5 -5 10 -7 7 -9 9 11 20 13 26 17 -16 27 18 -19 21 -21 24 23 -24 -25 25 -27 -28 28 -30 -31
leaf_value=0.058056484774200667 -0.019150973247566733 -0.041961307033151832 0.13307839079294839 0.13224220010768392 -0.041902305712232468 0.075497489862209971 0.13224220010768395 0.13623436222144727 0.13323179853856487 0.13345146710413075 -0.042089139287031806 0.13285688942096149 0.13228934961327388 0.13224220010768392 0.13224220010768392 -0.041833817437060383 -0.042144988396763547 0.13245674675650917 -0.041834533835342275 -0.042093708922715654 -0.042015059268703497 -0.042023857812818199 -0.041833206129931688 -0.041959493651408906 -0.041960251059513141 -0.041916385166754958 0.13224220010768392 -0.041745584875370154 -0.041830418642124501 -0.041877917745551441
leaf_weight=5.4049746990203849 6.481320858001709 120.05354610085487 9.0110582709312421 4.8074417412281027 5.6103113889694205 7.5482823550701132 5.9386045038700086 5.5433452427387238 5.9092380106449127 5.621417015790942 4.9422471821308127 5.6384166479110744 5.6544755697250348 241.22045913338661 10.746046245098112 401.20721340179443 4.9599063992500296 5.6497038602828971 4.855966478586196 5.1807676255702964 5.9001667797565469 5.9046598672866812 74.798041135072708 26.457437723875046 230.04618939757347 4.8845474720001212 7.6353486478328705 4.8258993029594413 101.49135649204254 5.1156794726848593
leaf_count=20 26 490 32 17 23 28 21 20 21 20 20 20 20 853 38 1652 20 20 20 21 24 24 308 108 939 20 27 20 418 21
internal_value=7.42382e-05 0.0810331 0.128019 -0.0355265 -0.0412671 0.131037 0.132395 0.13417 0.132327 0.132303 -0.0418765 0.132284 0.132616 0.13226 0.132454 -0.0418429 -0.0418855 0.132247 -0.0419759 -0.0419668 -0.0419633 -0.0419534 -0.041838 -0.0419712 -0.0419607 -0.0419593 0.132262 -0.0418328 -0.0418266 -0.0418344
internal_weight=1339.04 452.639 322.598 130.042 886.405 316.116 308.568 11.4819 297.086 288.075 881 282.166 18.9112 263.255 16.3845 635.226 122.586 246.87 42.178 125.234 245.773 37.2181 80.4084 32.3621 240.831 234.931 13.2898 512.64 106.317 406.323
internal_count=5311 1674 1146 528 3637 1120 1092 41 1051 1019 3617 998 67 931 58 2614 503 873 172 511 1003 152 331 132 983 959 47 2111 438 1673
is_linear=0
shrinkage=0.05


Tree=4
num_leaves=31
num_cat=0
split_feature=1 7 10 13 1 8 13 16 10 36 4 14 36 16 11 7 3 13 10 10 10 6 15 13 4 22 9 1 0 31
split_gain=843.518 699.314 495.327 265.24 281.165 127.508 122.483 62.7484 29.8717 16.0532 16.3692 11.4292 9.8293 4.3394 2.70273 2.37227 0.615801 0.431697 0.00584086 0.00347589 0.00137916 0.00271133 0.00124054 0.0010614 0.000448467 0.000432027 0.000432024 0.000419865 0.000125844 0.000116199
threshold=0.49769301712512976 0.40744227170944219 0.28298084437847143 0.72984823584556591 0.64234501123428356 0.5907874107360841 0.63764518499374401 0.58665063977241527 0.42099757492542272 0.11605510488152505 0.50639188289642345 -0.68779477477073658 0.13853160291910174 0.55306020379066478 0.38321012258529669 0.41945275664329534 0.27640318870544439 0.72396606206893932 0.27683407068252569 0.27535390853881841 0.3867510855197907 0.27331697940826422 0.80324783921241771 0.79565379023551952 0.77770122885704052 0.83245596289634716 0.18681432306766513 0.50110569596290599 0.33344168961048132 0.89771187305450451
decision_type=8 2 2 10 10 2 8 8 2 2 10 8 2 10 2 2 10 10 2 2 2 2 10 10 10 8 2 10 10 10
left_child=11 2 6 5 -5 8 13 -8 9 -4 -11 -1 -3 19 23 -14 -13 20 28 -2 22 -22 24 -6 27 -9 -17 -12 -18 -28
right_child=1 12 3 4 14 -7 7 25 -10 10 17 16 15 -15 -16 26 18 -19 -20 -21 21 -23 -24 -25 -26 -27 29 -29 -30 -31
leaf_value=0.018306712741578215 0.094375305200472479 0.010937824845037513 0.029655552796845643 -0.048286841984158876 0.092952331147818826 -0.04810099367544652 0.093079992560333807 -0.04867850883136883 -0.017824588994360843 0.015333954731771477 0.093349213981114676 -0.032370403783631062 -0.017126780080949974 0.046272894475683585 0.059630449455191574 -0.048303734147249922 -0.048516239722636682 0.080942017385106632 -0.047917848945902695 0.092952331147818826 0.092952331147818798 0.09415400561853958 0.093533239100133239 0.093576528696250341 0.09330665982858273 -0.048295605451867896 -0.047916950449427842 0.09295565930224288 -0.048294389736429126 -0.048118937213754098
leaf_weight=6.6026592552661896 8.9088250994682365 7.4921222031116477 10.649950057268141 88.504287153482437 48.99169260263443 17.550396591424942 8.2751623392105085 7.7647803127765647 6.4609025716781607 6.9157484471797934 6.8865578472614279 6.372219204902648 6.4088821411132804 6.7080289721488944 6.7744832932949057 7.6907343268394461 6.772455781698226 7.5415441393852225 482.41870439052582 8.2802860736846906 12.42042911052704 7.545861989259719 9.9762545526027662 7.9100147783756247 9.6438980400562269 143.69013810157776 234.69332441687584 426.08292549848557 113.85741797089577 7.3430653512477866
leaf_count=20 26 23 32 276 142 55 24 24 20 21 20 20 20 20 20 24 21 22 1519 24 36 22 29 23 28 448 739 1235 355 23
internal_value=-0.000120325 0.0257067 0.0476028 0.0674403 0.00936031 0.0843832 -0.025195 -0.04099 0.0889954 0.0903822 0.0917102 -0.0471234 -0.0455127 0.0803797 0.0894848 -0.0471639 -0.0478323 0.0928104 -0.0479957 0.0936898 0.0929998 0.0934065 0.0929819 0.0930391 0.0929694 -0.0483152 -0.0479348 0.0929619 -0.0483068 -0.0479231
internal_weight=1737.13 1121.11 857.482 673.855 152.18 521.674 183.627 159.73 504.124 497.663 487.013 616.023 263.628 23.8971 63.6762 256.136 609.421 480.097 603.049 17.1891 472.556 19.9663 452.59 56.9017 442.613 151.455 249.727 432.969 120.63 242.036
internal_count=5311 3376 2547 1981 461 1520 566 496 1465 1445 1413 1935 829 70 185 806 1915 1392 1895 50 1370 58 1312 165 1283 472 786 1255 376 762
is_linear=0
shrinkage=0.05


Tree=5
num_leaves=31
num_cat=0
split_feature=37 37 20 10 29 1 4 10 37 30 4 16 14 10 37 25 9 2 20 37 16 1 1 1 11 18 2 26 20 36
split_gain=2760.74 94.9262 142.653 37.1101 15.5279 17.2331 6.78163 49.3608 1.09531 3.14617 0.0949253 0.0349959 0.0812577 0.0037635 0.00241001 0.00158269 0.000490701 0.000478532 0.000424944 0.000424767 0.000307007 0.00029431 0.000262529 0.000248671 0.000218708 0.000121816 0.000109907 0.000103433 0.000164163 8.96525e-05
threshold=0.38627149164676672 0.35548739135265356 0.33316786587238317 0.3867510855197907 0.90747454762458812 0.39212563633918768 0.77770122885704052 0.48083937168121343 0.33685611188411718 0.15260912477970126 0.76042470335960399 0.68305870890617382 0.12879184633493426 0.28298084437847143 0.602168768644333 1.0166115760803225 0.32365156710147863 0.15096163004636767 0.91876569390296947 0.25317433476448065 0.62599667906761181 0.50198936462402355 0.61880266666412365 0.49943235516548162 0.95589974522590648 0.73715698719024669 0.083233248442411437 -0.19582728296518323 -0.14984193444252011 0.1146867759525776
decision_type=2 2 8 2 10 10 8 2 2 10 10 10 8 2 2 10 2 10 10 2 8 10 10 10 2 10 10 8 8 2
left_child=1 4 21 13 6 -6 8 -8 10 -10 11 15 -13 18 23 17 -9 24 20 -19 -2 -3 -4 -15 29 27 -24 -22 -29 -1
right_child=3 2 22 -5 5 -7 7 16 9 -11 -12 12 -14 14 -16 -17 -18 19 -20 -21 25 -23 26 -25 -26 -27 -28 28 -30 -31
leaf_value=0.06784771469696825 -0.059116033003558811 0.067681689197256423 -0.058799241922476264 0.049843337807858552 0.067681689197256437 -0.039881331496850934 -0.040558198637282362 0.068108128105138971 0.029726766495688468 0.067693406075047591 0.062116681945628749 0.067699019154263879 0.061441620300360447 -0.059340936284038429 -0.05934190897482098 0.068424259346149027 0.067681689197256423 0.067681689197256409 -0.059621326850517735 0.068146140519075221 -0.059517282444791486 0.06802178549094047 -0.059080274020244621 -0.059079155052968763 0.067942883339869142 -0.059136306067653882 -0.059299395435761418 -0.059105213467690744 -0.059338420765889355 0.06768186378548538
leaf_weight=8.2472154796123487 17.337237060070041 41.990553855895996 7.3651855885982505 7.8646516799926749 7.4983131885528547 7.3972999453544617 12.243117570877073 7.49518859386444 7.4698214530944851 20.24532675743103 7.8647650778293601 16.871053040027618 7.4922142624855068 9.2301196157932264 108.57026147842407 7.4938237071037284 67.484818696975708 8.9979758262634295 12.200650721788405 10.869455277919768 7.7608228623867035 7.496965378522872 25.448354601860046 528.51119345426559 8.2467263638973218 7.7463208436965934 7.3828455805778495 7.7460908889770508 292.46787494421005 679.34711545705795
leaf_count=22 47 112 20 21 20 20 33 20 20 54 21 45 20 25 294 20 180 24 33 29 21 20 69 1433 22 21 20 21 792 1812
internal_value=5.55214e-05 0.0599179 0.0109004 -0.0583402 0.0648837 0.0142649 0.06575 0.0525252 0.067223 0.0574606 0.0675811 0.0676386 0.0657747 -0.0591982 -0.059127 0.0677014 0.0677243 0.0676938 -0.0593315 0.0679358 -0.0593209 0.0677332 -0.059069 -0.0590836 0.0676869 -0.0593321 -0.0591295 -0.0593371 -0.0593324 0.0676839
internal_weight=1974.38 974.948 89.6839 999.435 885.264 14.8956 870.369 87.2231 783.145 27.7151 755.43 747.566 24.3633 991.571 646.312 723.202 74.98 715.708 345.259 19.8674 333.058 49.4875 40.1964 537.741 695.841 315.721 32.8312 307.975 300.214 687.594
internal_count=5311 2603 241 2708 2362 40 2322 233 2089 74 2015 1994 65 2687 1752 1929 200 1909 935 53 902 132 109 1458 1856 855 89 834 813 1834
is_linear=0
shrinkage=0.05


Tree=6
num_leaves=31
num_cat=0
split_feature=37 10 37 20 36 10 14 3 37 11 24 9 33 36 14 21 36 36 21 15 4 20 32 20 37 3 29 7 18 10
split_gain=1608.75 821.59 49.4864 44.541 23.536 5.86964 0.00673977 0.0246907 0.00348367 0.00181599 0.00353356 0.00396761 0.00248144 0.00056663 0.000508133 0.00040768 0.000877289 0.000252648 0.000174797 0.000281661 0.000125159 0.00010107 6.84653e-05 5.93883e-05 5.13995e-05 0.000100723 5.13597e-05 4.72535e-05 4.71766e-05 4.61991e-05
threshold=0.53616175055503856 0.32525181770324713 0.77762803435325634 -0.18135989457368848 0.10452904924750329 0.3167529851198197 0.37174968421459204 0.45499837398529058 0.35548739135265356 0.038692511618137367 0.23372417688369754 0.25954353809356695 0.19803575426340106 0.2619332373142243 -0.49467013776302332 0.30307996273040777 0.11605510488152505 0.11984558030962945 0.51958450675010692 0.60773718357086193 0.50765538215637218 0.7122517228126527 -1.6757884621620176 0.95414522290229808 0.549381583929062 0.54280620813369762 0.97587472200393688 0.40144884586334234 0.73715698719024669 0.27402122318744665
decision_type=2 2 2 8 2 2 10 10 2 2 10 2 8 2 10 8 2 2 10 8 10 8 8 10 2 10 10 2 10 2
left_child=4 3 -3 -2 -1 6 9 -8 22 15 11 -11 -12 17 -14 16 -5 -10 -16 -20 -19 -9 -6 24 25 -17 -24 29 -26 -22
right_child=1 2 -4 5 8 -7 7 21 13 10 12 -13 14 -15 18 23 -18 20 19 -21 27 -23 26 -25 28 -27 -28 -29 -30 -31
leaf_value=0.060715449544603201 -0.018711161886787925 -0.041514746222707219 0.11537329824228182 0.11611067107607252 -0.041098768842009768 0.07830796256974927 0.11910796186696959 0.11559225961110234 -0.041870192242149822 0.11735629916135254 0.11650472533206346 0.11555718887922702 0.11587938272915937 -0.041303187629318242 0.11537158276954147 0.11562882450840679 0.11535379056057156 -0.041749735527437222 0.11582416151193753 0.11537038413359386 -0.041660248617735859 0.11534419107190932 -0.041286136605604151 0.11523696893011254 0.11537212957460322 0.11537105615318018 -0.041419613023759155 -0.041654599472018765 0.11551285653614565 -0.041503585320492337
leaf_weight=5.6845024228095999 6.4012689590454102 123.88522861897945 5.2388234734535208 6.1396549642086056 4.8268592208623886 10.928246527910231 6.0447811782360104 6.1563730239868137 5.0990057736635199 6.1006050407886487 6.1271602511405936 6.1574800610542297 6.4546372592449179 33.401670768857002 51.156022518873215 6.1552141308784512 10.170501708984373 5.5505822747945777 6.1489526331424695 7.7042677700519562 4.7974887788295737 12.32848942279816 546.09499689936638 7.0927923321723929 180.27824306488037 9.8614285588264448 7.303365781903266 5.5099057704210272 6.1588708460330954 246.39759814739227
leaf_count=20 26 522 17 20 21 38 20 20 21 20 20 20 21 143 166 20 33 23 20 25 20 40 2341 23 585 32 31 23 20 1039
internal_value=0.000239886 0.0729555 -0.0351495 0.111994 -0.0406891 0.114377 0.115536 0.116334 -0.0413602 0.115474 0.115664 0.116453 0.115539 -0.0414974 0.115456 0.115398 0.115639 -0.0415216 0.115414 0.115572 -0.0415148 0.115427 -0.0412863 0.115379 0.115384 0.11547 -0.0412879 -0.0415098 0.115377 -0.0415066
internal_weight=1351.36 486.689 129.124 357.565 864.666 351.164 340.235 24.5296 858.981 315.706 89.8491 12.2581 77.591 300.756 71.4639 225.857 16.3102 267.355 65.0092 13.8532 262.256 18.4849 558.225 209.547 202.454 16.0166 553.398 256.705 186.437 251.195
internal_count=5390 1708 539 1169 3682 1143 1105 80 3662 1025 292 40 252 1269 232 733 53 1126 211 45 1105 60 2393 680 657 52 2372 1082 605 1059
is_linear=0
shrinkage=0.05


Tree=7
num_leaves=31
num_cat=0
split_feature=37 37 1 14 4 37 0 30 3 6 37 16 37 16 36 4 7 10 37 10 10 16 32 12 13 6 32 26 36 1
split_gain=958.823 797.382 739.805 112.19 43.6505 16.3163 98.5962 1.28112 1.26271 0.357764 0.242445 0.37415 0.149714 0.0967064 0.0431725 0.0145424 0.0112191 0.010747 0.00469213 0.00300477 0.00213381 0.00616108 0.00204979 0.00095244 0.00305745 0.00183881 0.000474033 0.00165371 0.000296902 0.000944652
threshold=0.35548739135265356 0.602168768644333 0.50336715579032909 -0.58714738488197316 0.50821307301521312 0.25814488530159002 0.42658995091915136 inf 0.29439975321292883 0.27331697940826422 0.25317433476448065 0.61065983772277843 0.62344479560852062 0.53807905316352855 0.1174604892730713 0.50765538215637218 0.40144884586334234 0.27402122318744665 0.38627149164676672 0.3867510855197907 0.28298084437847143 0.55306020379066478 -1.6757884621620176 0.27854301035404211 0.72396606206893932 0.747981756925583 -0.20742411166429517 -0.15880398452281949 0.13853160291910174 0.41231353580951696
decision_type=2 2 10 8 10 2 10 8 10 2 2 10 2 8 2 10 2 2 2 2 2 10 8 8 10 2 8 10 2 10
left_child=5 2 3 15 -4 10 9 -8 -5 -7 22 -12 -3 -6 -15 -2 17 -16 -10 20 21 -19 -1 24 25 -22 27 -14 29 -24
right_child=1 12 4 8 13 6 7 -9 18 -11 11 -13 26 14 16 -17 -18 19 -20 -21 23 -23 28 -25 -26 -27 -28 -29 -30 -31
leaf_value=-0.047632804117566652 0.087715467739773095 -0.039595049957920826 -0.04089466315872145 -0.024511186553070583 0.079285268394282932 0.074521798316383711 -0.046776960340429975 -0.022972662200142425 -0.046727319346169457 0.088965856981103 -0.030926320938466086 -0.047382442289575721 -0.048234092549078518 0.088810225519888666 0.086869040787960206 0.084816657218456645 0.08680345435605219 0.084808199379668506 -0.047393038808763971 0.085666707978634279 0.084829138583662006 0.086507254367094721 -0.046754869140437472 0.084841124485225072 0.085830713526232186 0.085674436649212982 -0.047386454842957337 -0.047404349811843327 -0.046739796075095964 -0.047447232737192938
leaf_weight=6.6148315966129303 7.4202364683151272 6.2810262739658347 6.9742261469364157 6.3621056079864493 7.4692950844764718 7.4017767608165768 95.223504185676575 6.0088824629783621 34.045609146356583 10.187619268894194 6.194369047880171 7.8078205585479736 7.6786990761756888 7.382870912551879 7.0939343571662894 10.377010732889174 8.1530093848705274 16.818504780530933 118.92658093571663 12.831966310739515 65.836926132440567 7.8147849440574637 23.021686643362049 433.28520369529724 10.332649588584898 7.1304383575916281 202.14291244745255 27.549943268299103 569.17658805847168 6.2678503692150107
leaf_count=21 21 20 22 20 21 21 310 19 111 29 20 25 24 21 20 29 23 47 380 36 184 22 75 1211 29 20 646 88 1855 20
internal_value=-7.1917e-06 0.0315991 0.0565948 -0.0330381 0.0834535 -0.0433497 -0.0263787 -0.045364 -0.0463371 0.0828877 -0.0466069 -0.0401025 -0.0472143 0.0849381 0.0850113 0.0860253 0.084962 0.0849353 -0.0472449 0.0849105 0.0848926 0.0853472 -0.0467575 0.0848709 0.0850257 0.0849117 -0.047416 -0.0475852 -0.0467478 -0.046903
internal_weight=1749.81 1011.91 768.255 177.132 591.124 737.905 118.822 101.232 159.334 17.5894 619.083 14.0022 243.653 584.15 576.68 17.7972 569.297 561.144 152.972 554.05 541.219 24.6333 605.081 516.585 83.3 72.9674 237.372 35.2286 598.466 29.2895
internal_count=5390 2995 2217 561 1656 2395 379 329 511 50 2016 45 778 1634 1613 50 1592 1569 491 1549 1513 69 1971 1444 233 204 758 112 1950 95
is_linear=0
shrinkage=0.05


Tree=8
num_leaves=31
num_cat=0
split_feature=37 37 20 7 37 0 22 6 37 16 10 37 3 32 1 10 36 10 15 10 37 18 9 37 37 10 16 6 23 5
split_gain=2511.9 94.1902 127.44 40.0299 12.1105 85.9009 0.978622 0.304977 0.155549 0.322404 0.0102718 0.00792536 0.00483191 0.00444612 0.00359072 0.00214262 0.00200529 0.00343064 0.00137631 0.00090545 0.00062446 0.00148472 0.000529126 0.000492599 0.000611543 0.000452486 0.000556152 0.000400764 0.000310286 0.000217829
threshold=0.38627149164676672 0.35548739135265356 0.32246118783950811 0.39195935428142553 0.25814488530159002 0.42658995091915136 0.79136481881141674 0.27331697940826422 0.25317433476448065 0.61065983772277843 0.28298084437847143 0.73696285486221325 0.43387413024902349 -1.6757884621620176 0.49943235516548162 0.37440508604049688 0.13853160291910174 0.60431510210037243 0.62497738003730785 0.3167529851198197 0.33685611188411718 0.25412966310977941 0.83943682909011852 0.52148562669754039 0.53891777992248546 0.27402122318744665 0.55306020379066478 0.39907285571098333 0.94482904672622692 -0.14068067073822019
decision_type=2 2 8 2 2 10 10 2 2 10 2 2 10 8 10 2 2 2 10 2 2 10 2 2 2 2 10 2 8 10
left_child=1 4 -3 10 8 7 12 -6 13 -10 23 14 -7 -1 -12 -16 17 -15 -4 -13 -14 -22 29 25 -25 -2 -27 -19 -21 -18
right_child=3 2 18 -5 5 6 -8 -9 9 -11 11 19 20 16 15 -17 22 27 -20 28 21 -23 -24 24 -26 26 -28 -29 -30 -31
leaf_value=0.065238039554185931 -0.057117127603433154 0.064047094733245297 -0.056485105016260057 0.059332207063410386 -0.045361968773185074 0.065400694195381956 0.045512649455550856 -0.058429242461205656 0.051465707060528915 0.065383185319666678 -0.057616379459809478 -0.056956834202698231 0.064025100551607192 0.065303390335634176 -0.056515409793911703 -0.057358093510254518 0.064135263664915967 0.064005703988503221 -0.057242035133447493 -0.057565677234107486 0.064896866177718046 0.064041657909776506 0.064348755698861865 -0.057405948937244523 -0.056963978484764838 -0.05650815713612474 -0.057013186298032016 0.064413245486168849 -0.057124310311423024 0.064011788684651627
leaf_weight=7.8705759644508362 7.2899099290370932 46.422023326158524 34.103446990251541 7.4844468832015982 7.688752710819247 7.4944967925548545 7.4804739952087393 10.650084614753721 7.4899461269378689 9.3630989193916303 7.6766611337661734 87.020279914140701 84.979875057935715 8.2442740499973279 532.36867436766624 7.651610553264617 37.81540709733963 18.343241006135944 7.2890124917030326 8.7748756408691388 7.4938879907131222 15.723386794328688 12.358059495687483 8.0338009595870954 303.66901206970215 17.055403262376789 8.0122001767158491 8.9881594181060773 7.2903631627559689 644.2645303606987
leaf_count=21 20 124 94 20 21 20 20 29 20 25 21 239 227 22 1467 21 101 49 20 24 20 42 33 22 834 47 22 24 20 1721
internal_value=-0.000156861 0.0565888 0.0071699 -0.0558684 0.0614308 0.0480081 0.0630397 -0.0529506 0.0639475 0.0591979 -0.0567351 -0.0566183 0.0641729 0.064056 -0.0565426 -0.0565273 0.0640433 0.0644094 -0.0566184 -0.0570205 0.0640879 0.0643177 0.0640245 -0.0569561 -0.0569754 -0.0567704 -0.0566696 0.0641397 -0.0573654 0.0640186
internal_weight=1986.39 984.063 87.8145 1002.33 896.248 141.511 123.172 18.3388 754.737 16.853 994.843 650.782 115.692 737.884 547.697 540.02 730.014 35.5757 41.3925 103.086 108.197 23.2173 694.438 344.06 311.703 32.3575 25.0676 27.3314 16.0652 682.08
internal_count=5390 2633 238 2757 2395 379 329 50 2016 45 2737 1792 309 1971 1509 1488 1950 95 114 283 289 62 1855 945 856 89 69 73 44 1822
is_linear=0
shrinkage=0.05


Tree=9
num_leaves=31
num_cat=0
split_feature=37 10 37 20 37 10 37 37 37 7 9 14 13 21 32 33 18 0 29 32 25 35 4 37 4 4 32 19 20 32
split_gain=1410.56 687.442 41.6715 37.7145 6.16873 5.20174 0.180336 0.00590616 0.00576184 0.0417099 0.00157973 0.00131527 0.000880934 0.000842598 0.000819412 0.00124844 0.000332677 0.000245255 0.000190208 0.000151537 0.000621782 9.05278e-05 8.13161e-05 6.00177e-05 0.000174206 5.25777e-05 4.93408e-05 4.8005e-05 3.94073e-05 3.88609e-05
threshold=0.53616175055503856 0.32525181770324713 0.77762803435325634 -0.15520176291465757 0.52550914883613598 0.3167529851198197 0.52148562669754039 0.35548739135265356 0.56132289767265331 0.26603554189205175 0.83101841807365429 -0.43952350318431849 0.51394152641296398 0.30542252957820898 -0.40533743798732752 0.23179017752408984 0.73295673727989208 0.35070793330669409 0.97587472200393688 -0.23053774982690808 0.84994918107986461 0.82858312129974376 0.50639188289642345 0.25317433476448065 0.77770122885704052 0.25469940900802618 -1.6757884621620176 1.105205833911896 0.32688042521476751 0.39013525843620306
decision_type=2 2 2 8 2 2 2 2 2 2 2 8 8 8 8 10 10 10 10 8 10 10 10 2 10 10 8 10 8 10
left_child=4 3 27 -2 6 8 7 18 9 13 12 -10 -9 -5 15 -13 19 -15 23 20 -16 22 -14 25 -25 -1 -27 -3 -19 -24
right_child=1 2 -4 5 -6 -7 -8 10 11 -11 -12 14 21 17 16 -17 -18 28 -20 -21 -22 -23 29 24 -26 26 -28 -29 -30 -31
leaf_value=-0.040932537799173274 -0.014290333029378394 -0.041061087401119356 0.10264998771005074 0.1033256158698893 -5.6623982770310732e-06 0.067182536998460426 -0.031244929062279603 -0.040780661736626887 0.10325859568098031 0.10696371584144038 -0.041975747525397011 0.1026576368786964 -0.041244931869262404 0.10299600251249946 0.10319797628814094 0.1035829898932096 0.10298111851114762 0.10278513873790324 -0.041027568747879391 0.10266127028236594 0.10265988550782897 -0.041247304638730331 -0.041056648091924497 -0.040785020617373859 -0.041020771967625561 -0.040606111043777426 -0.040762982501392861 -0.041225316219864222 0.10265126261869273 -0.041133645857432961
leaf_weight=4.5212895721197119 7.131066620349884 116.64583319425583 5.2627141773700705 6.5557439029216757 9.3662552982568723 10.542472571134565 4.8939756602048865 28.881006151437759 11.148674339056013 6.755579710006713 4.6048934161663047 8.2226725220680219 6.2707521468400946 6.8952091336250296 6.8880499303340939 6.5471902787685385 9.1942037940025312 6.5738861262798336 7.2989780753850928 232.53288272023201 24.338834077119827 7.1894409060478202 216.24621942639351 81.077170237898827 8.6743960976600629 5.0720243752002716 427.45445582270622 4.62613821029663 33.549584567546844 17.730505838990211
leaf_count=20 29 509 16 20 38 35 21 129 34 21 19 25 27 21 21 20 28 20 32 707 74 31 944 362 38 23 1912 20 102 77
internal_value=-0.000274882 0.0657474 -0.03509 0.0996031 -0.0403533 0.1018 -0.0408142 -0.0408717 0.102816 0.103261 -0.0410573 0.102726 -0.041042 0.102795 0.102705 0.103068 0.102685 0.102721 -0.0407741 0.102675 0.102779 -0.0410725 -0.0410672 -0.0407706 -0.0408078 -0.0407629 -0.0407611 -0.0410674 0.102673 -0.0410625
internal_weight=1332.69 503.411 126.535 376.876 829.281 369.745 819.915 815.021 359.203 60.33 280.923 298.873 276.318 53.5744 287.724 14.7699 272.954 47.0187 534.098 263.76 31.2269 247.437 240.247 526.799 89.7516 437.048 432.526 121.272 40.1235 233.977
internal_count=5375 1702 545 1157 3673 1128 3635 3614 1093 184 1227 909 1208 163 875 45 830 143 2387 802 95 1079 1048 2355 400 1955 1935 529 122 1021
is_linear=0
shrinkage=0.05


Tree=10
num_leaves=31
num_cat=0
split_feature=37 37 4 19 26 37 0 15 4 37 0 28 21 27 36 3 7 7 3 2 3 4 32 8 11 9 19 32 36 2
split_gain=876.093 712.716 627.138 115.061 36.6361 16.8223 92.0769 1.30721 0.260877 0.244849 0.373555 0.16802 0.15169 0.104456 0.0411696 0.013316 0.0087924 0.0036392 0.00270391 0.00332199 0.00191991 0.00164016 0.00163885 0.00110482 0.000920967 0.00102123 0.000886137 0.000715681 0.000625989 0.00206117
threshold=0.35548739135265356 0.602168768644333 0.50639188289642345 0.65109366178512584 -0.24041461944580075 0.25814488530159002 0.43300555646419531 0.72510525584220897 0.51028910279273998 0.25317433476448065 0.53889968991279613 0.76926869153976452 0.27755008637905126 0.7722182869911195 0.1174604892730713 0.24903085827827456 0.40144884586334234 0.42181758582592016 0.67099714279174816 -0.26981830596923823 0.4316838830709458 0.54692652821540844 -1.6757884621620176 -0.45153585076332087 -0.5169047713279723 0.35807383060455328 0.75570780038833629 -0.40533743798732752 0.22825884819030764 -0.24341936409473416
decision_type=2 2 10 8 8 2 10 10 10 2 10 8 8 8 2 10 2 2 10 10 10 10 8 2 2 2 8 8 2 10
left_child=5 2 4 -4 -2 9 13 20 -5 22 -11 -6 -3 -7 -10 -16 18 -13 23 21 -8 -20 -1 -17 25 -25 -26 -14 -28 -30
right_child=1 12 3 8 11 6 7 -9 14 10 -12 17 27 -15 15 16 -18 -19 19 -21 -22 -23 -24 24 26 -27 28 -29 29 -31
leaf_value=-0.046445826987712227 0.07572454587180695 -0.038573312328226118 -0.045744347309825448 0.070236479869173918 -0.038102489436872819 0.07421494571426368 -0.04661160586858467 -0.021738099843045363 0.082119474046988605 -0.029603550829172667 -0.046300939159630364 -0.046572424539530241 -0.046958370126670541 0.081967327953054267 0.080353065597005391 0.078931217320677691 0.080070006262407165 -0.045787341353911756 0.078816248840658035 0.078298284276403479 -0.045692581438762897 0.079775169534358092 -0.04567542345500708 0.079132055228728293 0.07886096155337656 0.078383567361357667 0.078289767986037595 -0.046529500837340913 0.079080950041812093 0.078293097291935898
leaf_weight=6.9866768419742584 6.4598757922649384 6.1223111748695365 19.269735008478165 9.7988724112510663 6.281392276287078 7.2478089332580593 6.1028364598751059 6.0519047081470481 7.5911619365215293 6.0222857892513257 7.5477498769760132 115.33876702189445 10.182954072952269 10.849450916051863 8.7251385748386365 7.6821627318859091 7.6449741423130027 16.927293509244919 9.517574757337572 17.602635025978088 82.576418787240982 8.3903431296348554 576.7780319750309 7.311153411865237 7.3201164603233329 12.098035037517546 467.58435362577438 217.58086624741554 10.972425997257231 34.105836421251297
leaf_count=23 18 20 65 27 21 20 20 20 21 20 25 378 33 30 24 21 21 57 26 48 279 23 1950 20 20 33 1275 714 30 93
internal_value=0.000407455 0.030223 0.0531625 0.0745682 -0.0406657 -0.0421858 -0.0244792 -0.0442215 0.0783297 -0.0455303 -0.0388908 -0.0460925 -0.0463399 0.0788626 0.0784604 0.078414 0.0783854 -0.046472 0.0783633 0.0787861 -0.0457558 0.0792655 -0.0456846 0.0783358 0.0783273 0.0786655 0.0783147 -0.0465487 0.0783069 0.0784849
internal_weight=1724.67 1014.51 780.622 635.615 145.007 710.163 112.828 94.7312 616.345 597.335 13.57 138.547 233.886 18.0973 606.546 598.955 590.23 132.266 582.585 35.5106 88.6793 17.9079 583.765 547.074 539.392 19.4092 519.983 227.764 512.663 45.0783
internal_count=5375 2988 2221 1747 474 2387 369 319 1682 2018 45 456 767 50 1655 1634 1610 435 1589 97 299 49 1973 1492 1471 53 1418 747 1398 123
is_linear=0
shrinkage=0.05


Tree=11
num_leaves=31
num_cat=0
split_feature=37 37 36 7 29 4 6 2 37 13 4 16 18 10 37 7 14 4 10 10 37 6 2 2 9 30 7 26 36 6
split_gain=2271.5 75.0483 111.188 32.77 14.2345 5.56281 42.2794 0.892578 0.156291 0.713352 0.0752269 0.0275318 0.0764139 0.0162064 0.0131361 0.0071553 0.00519146 0.00355805 0.00203815 0.00157954 0.00157595 0.0015153 0.00132349 0.00106282 0.00102886 0.000911801 0.00060451 0.000568549 0.000523151 0.0011037
threshold=0.38627149164676672 0.35548739135265356 0.2619332373142243 0.38725073635578161 0.90747454762458812 0.77770122885704052 0.35101240873336798 0.17548477649688723 0.33511860668659216 0.41933710873126989 0.76042470335960399 0.68305870890617382 0.76875451207160961 0.28298084437847143 0.73696285486221325 0.40948836505413061 -0.6570291519165038 0.50765538215637218 0.3167529851198197 0.37440508604049688 0.52148562669754039 0.53606849908828746 0.11252474784851076 0.15096163004636767 0.84474295377731334 0.15260912477970126 0.60645389556884777 -0.06943450495600699 0.13853160291910174 0.46540999412536627
decision_type=2 2 2 2 10 10 2 10 2 8 10 10 8 2 2 2 8 10 2 2 2 2 10 10 2 10 2 8 2 2
left_child=1 4 22 13 5 7 -7 8 10 25 11 16 -13 20 17 -8 21 -15 -16 -19 -2 -1 -3 24 28 -10 -17 -22 29 -18
right_child=3 2 -4 -5 -6 6 15 -9 9 -11 -12 12 -14 14 18 26 23 19 -20 -21 27 -23 -24 -25 -26 -27 -28 -29 -30 -31
leaf_value=0.061241643322740694 -0.0545109793165999 -0.054197657918243984 0.060939611345762715 0.050817071096405181 0.0088029662501860964 -0.041603980000189437 0.062484472947746797 0.044045425272400671 0.061578742422087274 0.043602411422650644 0.055912653470254453 0.0610822890836282 0.054967486417539062 -0.055303620384794805 -0.054853560726180264 0.06126579081285375 0.060857477633012295 -0.054289047206990619 -0.055498790046457115 -0.055003053432255512 -0.055315557470224354 0.062086644764023438 -0.054952526574458788 0.06134652054202986 0.061454584174621324 0.060929305577678089 0.060849948592177988 -0.054865232280787393 0.060854472101887908 0.061533721693600066
leaf_weight=10.416504740715029 32.780769199132919 30.895890027284622 46.458989858627319 7.4339892566204062 14.261674046516417 11.619993835687636 8.2035765051841718 8.1863382160663587 7.448169112205508 7.4081149399280539 7.808971792459487 16.36101108789444 7.4290442466735866 8.9722481071948987 81.892228424549103 10.417779475450514 18.579137355089191 525.06173649430275 14.389655590057371 7.8617996573448172 7.1782839596271515 10.812710314989088 7.1503619849681845 11.908215701580046 7.4453881084918967 19.698486000299454 54.24971330165863 297.19551441073418 645.43259125947952 8.9356206953525525
leaf_count=28 92 87 125 20 39 32 22 22 20 20 21 44 20 25 229 28 50 1477 40 22 20 29 20 32 20 53 146 831 1737 24
internal_value=-0.000172166 0.0540608 0.00903823 -0.0537629 0.0583519 0.059162 0.0469695 0.0604695 0.0606419 0.0573546 0.0607944 0.0608461 0.0591728 -0.05456 -0.0544118 0.0610934 0.0609019 -0.0543162 -0.05495 -0.0542996 -0.0548404 0.061672 -0.0543395 0.0608782 0.06087 0.0611075 0.0609169 -0.0548759 0.0608636 0.0610771
internal_weight=1953.89 971.128 84.5052 982.766 886.623 872.361 84.4911 787.87 779.684 34.5548 745.129 737.32 23.7901 975.332 638.178 72.8711 713.53 541.896 96.2819 532.924 337.155 21.2292 38.0463 692.301 680.393 27.1467 64.6675 304.374 672.947 27.5148
internal_count=5375 2619 232 2756 2387 2348 228 2120 2098 93 2005 1984 64 2736 1793 196 1920 1524 269 1499 943 57 107 1863 1831 73 174 851 1811 74
is_linear=0
shrinkage=0.05


Tree=12
num_leaves=31
num_cat=0
split_feature=37 10 37 20 2 12 3 31 21 37 10 37 13 26 9 36 14 27 7 36 14 29 15 4 10 0 37 36 10 15
split_gain=1289.44 589.441 39.8042 29.247 7.44215 6.81955 1.14223 0.122532 0.0854075 0.0194293 0.0185595 0.00763278 0.00383792 0.00808905 0.0101623 0.0021901 0.00217416 0.00218464 0.00317632 0.0011957 0.000456423 0.000336622 0.000226135 0.000205593 0.000201039 0.000121123 0.000102442 0.000101322 0.000108874 5.41048e-05
threshold=0.53161895275115978 0.32525181770324713 0.77762803435325634 -0.18135989457368848 0.34402111172676092 0.30908733606338507 0.29147662222385412 1.026208281517029 0.71354091167449962 0.54168599843978893 0.31052972376346594 0.35548739135265356 0.73884871602058422 0.93281859159469616 0.28321896493434912 0.1174604892730713 -0.3849505335092544 0.31255270540714269 0.26441796123981481 0.2619332373142243 -0.43952350318431849 0.93374276161193859 0.2948716282844544 0.50765538215637218 0.2798887044191361 0.34614071249961859 0.52148562669754039 0.12904357910156253 0.65637165307998668 0.18030176311731341
decision_type=2 2 2 8 10 8 10 10 10 2 2 2 8 8 2 2 10 8 2 2 8 10 8 10 2 10 2 2 2 8
left_child=4 3 29 -2 11 -5 -7 8 9 -8 12 21 13 16 -15 -13 -11 18 -18 23 -14 27 -19 -17 25 -24 -25 28 -1 -3
right_child=1 2 -4 5 -6 6 7 -9 -10 10 -12 15 20 14 -16 19 17 22 -20 -21 -22 -23 24 26 -26 -27 -28 -29 -30 -31
leaf_value=-0.040627649785159946 -0.017619415289973839 -0.040778492442994176 0.09273241236182761 0.041649049418437972 0.025228959211577695 0.071977635391874323 0.095657505573486054 0.099425496923756532 0.087368204040561892 0.093789540004980201 0.095545873327334455 -0.041681242823763856 0.093176008913299302 0.095097952048232473 0.092701384002200446 -0.040960524200892703 0.092918569832516576 0.09309613731162325 0.094266076686499056 -0.040299622482343853 0.092762350140438155 -0.040614747356050605 0.092968006453749655 -0.040622494858309613 0.093052006333451676 0.092758609831077907 -0.040801359572689537 -0.040282994836163356 -0.040316170997502718 -0.040627255586808561
leaf_weight=4.4037204384803754 6.2004979997873306 6.2419520169496545 5.871316820383071 6.659238800406456 4.3426969498395911 6.5515087544918051 6.8043281137943259 7.3522739708423606 6.8313488662242881 7.5587204694747916 6.8117245733737937 4.750886619091033 6.8928821980953217 10.584069669246675 7.5992872714996329 4.765470787882804 12.077181667089464 6.8950546383857736 6.8557277023792258 29.80721241235733 204.7763138115406 7.9282711446285239 7.5896815955638877 227.02590543031693 7.2416972815990439 76.662971556186676 8.2976978868246061 502.1237550675869 7.7301538735628128 112.45874629914761
leaf_count=20 26 28 17 22 17 20 20 22 20 22 20 20 20 31 22 21 35 20 20 139 593 36 22 1028 21 222 37 2345 36 509
internal_value=-0.000102799 0.0606798 -0.0343493 0.0901316 -0.0400479 0.0918198 0.0926785 0.093033 0.0929078 0.0930105 0.0929607 -0.0404037 0.092911 0.0931111 0.0940964 -0.040617 0.0929676 0.0929147 0.0934065 -0.0405983 0.0927758 -0.0402914 0.09282 -0.0406354 0.0927992 0.0927775 -0.0406288 -0.0402864 -0.0404292 -0.0406352
internal_weight=1327.69 526.517 124.572 401.945 801.176 395.744 389.085 382.533 375.181 368.35 361.545 796.833 354.734 143.064 18.1834 274.647 124.881 117.322 18.9329 269.896 211.669 522.186 98.3894 240.089 91.4944 84.2527 235.324 514.258 12.1339 118.701
internal_count=5431 1732 554 1178 3699 1152 1130 1110 1088 1068 1048 3682 1028 415 53 1245 362 340 55 1225 613 2437 285 1086 265 244 1065 2401 56 537
is_linear=0
shrinkage=0.05


Tree=13
num_leaves=31
num_cat=0
split_feature=37 37 4 10 20 37 0 22 11 10 37 15 28 22 36 3 6 7 12 6 28 31 3 32 32 10 12 10 29 4
split_gain=792.774 647.295 563.499 96.8851 23.672 17.5709 85.5692 1.31412 0.298779 0.271948 0.259391 0.364201 0.18297 0.1541 0.0253581 0.0137176 0.00756412 0.00482408 0.00236915 0.00525898 0.00195272 0.00187499 0.00171064 0.00119551 0.000952747 0.000942126 0.00207385 0.000892278 0.000806403 0.000716043
threshold=0.35548739135265356 0.602168768644333 0.50639188289642345 0.456609457731247 -0.22694034874439237 0.25814488530159002 0.43300555646419531 0.79029175639152538 -0.24922854453325269 0.27402122318744665 0.25317433476448065 0.19119039922952655 0.78335216641426098 1.0178330540657046 0.1174604892730713 0.24903085827827456 0.16562992334365848 0.42181758582592016 0.26371505856513983 0.746199131011963 0.88266798853874218 1.1095982789993288 0.43387413024902349 -1.6757884621620176 -0.42223867774009699 0.28298084437847143 0.33206509053707128 0.3167529851198197 0.90747454762458812 0.51028910279273998
decision_type=2 2 10 2 8 2 10 10 2 2 2 10 8 10 2 10 2 2 8 2 10 8 10 8 8 2 10 2 10 10
left_child=5 2 4 9 -2 10 8 22 -7 -4 23 -12 -6 24 -11 -16 -17 20 19 21 -14 -18 -8 -1 -3 26 -20 -26 -25 -27
right_child=1 13 3 -5 12 6 7 -9 -10 14 11 -13 17 -15 15 16 18 -19 25 -21 -22 -23 -24 28 27 29 -28 -29 -30 -31
leaf_value=-0.045410735608431028 0.053647102883909448 -0.046260959536043138 0.063355050528533269 -0.044789955477150464 -0.0365481605092247 0.077157965053934005 -0.045600988237194065 -0.020395492121274825 0.064367259196920906 0.07588592307950881 -0.028326663512723196 -0.045394312168363475 -0.045698205590833117 -0.037570242055073144 0.075150092719503805 0.074252553204990732 0.072962781287698508 -0.044804749075908111 0.072926267235736211 0.074479623738286094 -0.046513124594702672 0.073633800758925297 -0.044737370608200093 -0.044702923232392638 -0.0456754694237499 0.073336838889408576 0.073917397467302901 -0.046124054479556476 -0.04523304798640651 0.07289375708200635
leaf_weight=6.1468193829059601 6.3354554772377014 7.8340426981449127 7.3275380134582511 17.981424480676651 5.7781395316123954 12.136235624551775 6.1850428879261008 5.8996963500976554 7.3190582096576682 7.7532385289669028 5.8442198336124402 6.7191230356693268 105.67711183428764 5.9550502300262442 7.385323077440261 11.490939825773237 59.180479794740677 15.139799654483793 18.238153606653217 7.4129743278026572 7.9006454944610587 12.632653474807737 78.625429183244705 562.66746973991394 205.26757591962814 9.2962828576564771 7.4271185994148246 11.718217581510542 7.2662155330181113 476.11915770173073
leaf_count=21 18 26 20 63 20 33 21 20 20 21 20 23 357 20 20 31 159 53 49 20 26 34 276 1978 694 25 20 39 25 1279
internal_value=-0.000157451 0.0280849 0.0497733 0.0696348 -0.0408033 -0.0411322 -0.0228053 -0.0432131 0.0723461 0.0729307 -0.0445622 -0.0374548 -0.0452524 -0.045509 0.0730445 0.0730083 0.072982 -0.0456431 0.0729573 0.0732117 -0.0457549 0.0730808 -0.0448004 -0.0447172 -0.0457193 0.0729179 0.0732131 -0.0456997 -0.0447097 0.0729022
internal_weight=1712.66 1013.85 783.076 642.245 140.831 698.809 110.165 90.7102 19.4553 624.264 588.644 12.5633 134.496 230.775 616.936 609.183 601.798 128.718 590.307 79.2261 113.578 71.8131 84.8105 576.081 224.82 511.081 25.6653 216.986 569.934 485.415
internal_count=5431 2994 2215 1741 474 2437 370 317 53 1678 2067 43 456 779 1658 1637 1617 436 1586 213 383 193 297 2024 759 1373 69 733 2003 1304
is_linear=0
shrinkage=0.05


Tree=14
num_leaves=31
num_cat=0
split_feature=37 37 20 10 4 10 9 4 17 10 37 37 29 9 1 10 37 37 32 2 20 15 30 6 7 1 30 16 7 37
split_gain=2073.33 75.0634 137.657 23.6594 7.04728 37.4468 10.2224 0.095151 0.30404 0.0224947 0.0221889 0.0187893 0.0114827 0.0092815 0.00411286 0.00385844 0.00297211 0.00418045 0.00237085 0.00185184 0.00176217 0.00115148 0.000741038 0.000651148 0.000619605 0.000589548 0.000564224 0.000558965 0.000558272 0.000369995
threshold=0.38627149164676672 0.33685611188411718 0.33316786587238317 0.3815238773822785 0.76042470335960399 0.48083937168121343 0.57069995999336254 0.71713569760322582 -0.21018496155738828 0.28298084437847143 0.3622888326644898 0.71660032868385326 0.90747454762458812 0.30835954844951635 0.49943235516548162 0.3167529851198197 0.52148562669754039 0.54168599843978893 -1.6757884621620176 0.15096163004636767 -0.076440948992967592 0.62816107273101818 0.64222425222396862 0.86054015159606945 0.33941878378391271 0.6869013011455537 0.15744820982217791 0.77814415097236644 0.60645389556884777 0.25317433476448065
decision_type=2 2 8 2 8 2 2 10 8 2 2 2 10 2 10 2 2 2 8 10 8 10 10 2 2 10 10 8 2 2
left_child=1 4 26 9 7 6 -6 12 24 16 -4 14 18 -7 -11 -13 -2 -18 -1 23 -19 -12 -17 -20 -9 -16 -3 -27 -15 -21
right_child=3 2 10 -5 5 13 -8 8 -10 11 21 15 -14 28 25 22 17 20 19 29 -22 -23 -24 -25 -26 27 -28 -29 -30 -31
leaf_value=0.059032150456422142 -0.052532803101832518 0.058715024015872058 -0.0549860162055332 0.037472261207066974 0.022170121438606763 0.060060421083996784 -0.05564877864355703 0.058493850990486387 0.046518667160087707 -0.053557312514958204 -0.052274300094880634 -0.052972148467855709 0.059934353705849652 0.058481183594105368 -0.052326096444803794 -0.054212983384291979 -0.054011710648750835 -0.053782041474457448 0.058134272414154808 0.058404478226396453 -0.052982052823646812 -0.052990623355999737 -0.053505901090002951 0.058607117607663586 0.059120998676754001 -0.052941694723658395 0.058270807838391094 -0.05243799471123857 0.058128638023085204 0.05883634101429374
leaf_weight=7.7425176799297333 32.346462488174438 8.0980015099048597 11.006881475448607 7.337449073791503 7.2920400202274349 7.3815309107303611 10.017380416393278 7.3528259396553031 7.3398122489452389 7.0364394485950461 28.417556285858154 87.133149981498718 9.2519076168537122 13.970127254724501 478.60780057311058 7.1024813354015333 10.61663296818733 7.0554297864437103 700.08246725797653 9.5545221865177172 282.77644357085228 6.9902432560920706 7.7473114430904388 7.3573629558086386 8.4810019433498365 6.9843626022338867 60.953310191631317 26.053464949131012 57.237831354141235 10.312705606222151
leaf_count=21 93 22 31 20 20 20 28 20 20 20 82 249 25 38 1380 20 30 20 1908 26 808 20 22 20 23 20 166 75 156 28
internal_value=0.000209392 0.0514252 0.0135635 -0.0519682 0.0564888 0.0437095 -0.0228656 0.0580856 0.0549305 -0.0526565 -0.0530252 -0.0524787 0.0581839 0.0583727 -0.0523567 -0.0530991 -0.0529882 -0.0530372 0.0581618 0.0581526 -0.0530015 -0.0524157 -0.0538441 0.0581392 0.0588298 -0.0523402 0.0583229 -0.0525445 0.0581978 0.0586287
internal_weight=1939.64 978.84 115.466 960.797 863.374 95.8989 17.3094 767.475 23.1736 953.46 46.4147 620.665 744.301 78.5895 518.682 101.983 332.795 300.449 735.05 727.307 289.832 35.4078 14.8498 707.44 15.8338 511.646 69.0513 33.0378 71.208 19.8672
internal_count=5431 2674 321 2757 2353 262 48 2091 63 2737 133 1786 2028 214 1495 291 951 858 2003 1982 828 102 42 1928 43 1475 188 95 194 54
is_linear=0
shrinkage=0.05


Tree=15
num_leaves=31
num_cat=0
split_feature=37 10 20 37 2 30 16 15 10 37 37 3 12 36 13 26 20 33 36 36 15 4 29 14 36 10 10 10 37 37
split_gain=1149.09 498.051 34.7808 29.9786 7.47395 6.27162 0.97706 0.0725683 0.137319 0.0371098 0.00848119 0.00348601 0.00353715 0.00221877 0.00209288 0.00342721 0.00311062 0.00143923 0.00143353 0.000606368 0.00173799 0.000334228 0.000200694 0.000170318 0.000133854 0.000156676 0.000106948 9.70829e-05 9.20991e-05 7.61912e-05
threshold=0.53161895275115978 0.32525181770324713 -0.18135989457368848 0.77762803435325634 0.34402111172676092 0.23689560592174533 0.65027859807014476 0.71395999193191539 0.3167529851198197 0.54168599843978893 0.35548739135265356 0.29439975321292883 0.32218788564205175 0.11837129667401315 0.73884871602058422 -0.11808970943093298 0.93298926949501049 0.20161914825439456 0.2619332373142243 0.086394265294075026 0.41190429031848913 0.50765538215637218 0.90747454762458812 -0.42660455405712122 0.12904357910156253 0.66776224970817577 0.28074145317077642 0.3096469789743424 0.60046309232711803 0.52148562669754039
decision_type=2 2 8 2 10 8 8 10 2 2 2 10 8 2 8 10 10 8 2 2 8 10 10 8 2 2 2 2 2 2
left_child=4 2 -2 28 10 -4 -7 8 9 -8 22 -11 -13 -12 15 -14 17 -17 21 20 -19 -15 24 -16 25 -1 -21 -25 -3 -23
right_child=1 3 5 -5 -6 6 7 -9 -10 11 13 12 14 18 23 16 -18 19 -20 26 -22 29 -24 27 -26 -27 -28 -29 -30 -31
leaf_value=-0.040241456846409743 -0.027310854208394072 -0.040202417363683636 0.035132717230244671 0.084810040496585179 0.02704133942160299 0.068132612344005181 0.088234795351245204 0.080355781130725779 0.091578916931045751 0.086107023447753173 -0.041275618126182974 0.086093098249750366 0.086047544094482162 -0.040596851240985471 0.085102431657593555 0.085557354689904205 0.086068024194122503 0.0858169243958119 -0.039850101306739501 0.08487227609208868 0.084838746609460253 -0.040196608167419698 -0.040084363879718948 0.084866639910235492 -0.039827485943127766 -0.039858342322698102 0.085073558764276067 0.084683581906173935 -0.040438172068921266 -0.040358260296192605
leaf_weight=4.2455083429813367 7.1441395878791809 107.52092476189137 6.4673343598842612 5.0097292065620413 4.1855135858058921 8.6373231112957001 9.1515559554100019 7.7884136438369742 8.3339912593364698 7.1175794899463645 4.6019832491874686 7.1174809038639131 9.254038989543913 5.495717078447341 7.5053954422473907 10.342939823865889 7.1168482303619376 7.1244800388813019 31.179032042622566 85.858790099620819 12.522827804088594 213.85031893849373 7.9802151769399634 197.47993829846382 473.64748725295067 7.1847790479660034 7.1487799882888785 7.5185311436653128 4.3086199611425391 7.5464615374803534
leaf_count=20 31 506 21 14 16 25 26 22 24 20 20 20 26 25 21 29 20 20 152 240 35 1007 38 552 2314 35 20 21 20 35
internal_value=-0.000167249 0.0563057 0.0820549 -0.0348509 -0.0395889 0.0839771 0.0847668 0.0851339 0.0852309 0.0850899 -0.0399579 0.0850113 0.0849896 -0.0401874 0.0849672 0.0851178 0.0850517 0.0849929 -0.040168 0.0849411 0.0851935 -0.0402117 -0.0398357 0.0848685 -0.0398316 -0.0400006 0.0848877 0.0848599 -0.0402115 -0.0402021
internal_weight=1290.39 530.47 413.63 116.839 759.917 406.486 400.019 391.382 383.593 375.259 755.732 366.108 358.99 262.674 351.873 139.369 130.115 122.998 258.072 112.655 19.6473 226.892 493.058 212.504 485.078 11.4303 93.0076 204.998 111.83 221.397
internal_count=5375 1713 1173 540 3662 1142 1121 1096 1074 1050 3646 1024 1004 1239 984 390 364 344 1219 315 55 1067 2407 594 2369 55 260 573 526 1042
is_linear=0
shrinkage=0.05


Tree=16
num_leaves=31
num_cat=0
split_feature=37 37 4 10 20 37 0 25 2 4 37 7 28 1 36 3 37 10 4 10 28 12 6 13 32 10 32 29 3 18
split_gain=705.206 557.953 508.968 91.3931 32.7337 16.2801 74.7044 1.30366 0.565355 0.292723 0.253111 0.368354 0.171852 0.155269 0.020852 0.0168509 0.00586572 0.00428823 0.00773976 0.00415956 0.0027001 0.00206627 0.0074658 0.0011231 0.000966236 0.000820702 0.000732863 0.000675625 0.000599584 0.00051459
threshold=0.35548739135265356 0.602168768644333 0.50639188289642345 0.456609457731247 -0.76153215765953053 0.25814488530159002 0.43300555646419531 1.1168338656425478 0.0099565843120217341 0.50933560729026806 0.25317433476448065 0.3436874151229859 0.77267688512802135 0.62017914652824413 0.11913204193115236 0.24903085827827456 0.38231718540191656 0.38509790599346166 0.77770122885704052 0.27535390853881841 0.88266798853874218 0.26371505856513983 0.746199131011963 0.72596085071563732 -1.6757884621620176 0.3167529851198197 -0.40533743798732752 0.90747454762458812 0.26487225294113165 0.73715698719024669
decision_type=2 2 10 2 8 2 10 8 10 10 2 2 8 10 2 10 2 2 10 2 10 8 2 10 8 2 8 10 10 10
left_child=5 2 4 9 -2 10 8 -8 -7 -4 24 -12 -6 25 -11 -16 -14 19 -19 -17 -18 22 23 -21 -1 26 -3 -26 -23 -30
right_child=1 13 3 -5 12 6 7 -9 -10 14 11 -13 16 -15 15 17 20 18 -20 21 -22 28 -24 -25 27 -27 -28 -29 29 -31
leaf_value=-0.044441036460053977 0.071733544072354702 -0.045366512845078116 0.058784186433181188 -0.043919750118089573 -0.036110263949697685 0.072250057761027039 -0.04389017132193429 -0.018895896356593389 0.054732015612119315 0.070892822111457685 -0.044508070120434735 -0.027238064248301431 -0.043867012086188095 -0.036613989354075692 0.07087474359715433 0.069499889635948706 -0.044888969086186385 0.070224535661268517 0.068373180442265202 0.068447309857435856 -0.045874446698482473 0.06884198579885123 0.070177765755421201 0.069080603828903436 -0.043820058195239438 -0.045335429207821597 -0.044874138056133578 -0.044346828550540264 0.068371656032538128 0.068530526479466392
leaf_weight=6.4642195999622345 6.3431885242462158 7.8670576214790344 7.7748349308967581 18.649169921875 5.8978632092475882 12.288724750280382 81.090394765138626 5.5757357776165 7.3664928972721091 9.3331345319747907 6.7611818909645063 5.6826696693897247 13.955458790063856 5.7853588759899131 7.4475194513797751 9.3578449487686139 109.22114065289497 9.7075727283954638 13.490601718425749 63.705493688583374 7.4230565130710593 7.48976707458496 7.4727524220943442 7.8651207387447348 532.45148333907127 11.089545160531996 191.98400178551674 6.1573890149593344 416.35888120532036 58.080127596855164
leaf_count=23 17 27 21 68 21 33 296 19 20 25 24 20 51 20 20 25 381 26 36 170 25 20 20 21 1950 38 670 22 1111 155
internal_value=-0.000330333 0.0262703 0.0459991 0.0651343 -0.039299 -0.040253 -0.0223228 -0.0422821 0.0656845 0.0684248 -0.0436724 -0.0366215 -0.0444588 -0.0446951 0.0685476 0.0685112 -0.0448358 0.0684815 0.0691479 0.0684544 -0.0449517 0.068437 0.0686739 0.0685169 -0.0438334 -0.0449168 -0.0448935 -0.0438261 0.0683981 0.0683911
internal_weight=1660.14 996.299 779.574 636.733 142.841 663.838 106.321 86.6661 19.6552 618.084 557.517 12.4439 136.498 216.726 610.309 600.976 130.6 593.528 23.1982 570.33 116.644 560.972 79.0434 71.5706 545.073 210.941 199.851 538.609 481.929 474.439
internal_count=5375 2968 2213 1718 495 2407 368 315 53 1650 2039 44 478 755 1629 1604 457 1584 62 1522 406 1497 211 191 1995 735 697 1972 1286 1266
is_linear=0
shrinkage=0.05


Tree=17
num_leaves=31
num_cat=0
split_feature=37 37 20 7 37 0 7 37 9 10 2 37 25 29 4 10 10 37 37 32 26 32 8 27 9 36 6 1 37 12
split_gain=1863.1 61.8205 119.474 27.7398 6.6526 51.0774 0.574923 0.133785 0.280143 0.0257613 0.0211305 0.0193994 0.0103552 0.0068157 0.0052944 0.00444294 0.00340606 0.00315615 0.00820428 0.00182439 0.00133897 0.000867151 0.000694605 0.000618013 0.000585082 0.000471164 0.001129 0.000412994 0.0003784 0.000324428
threshold=0.38627149164676672 0.34160162508487707 0.33316786587238317 0.38569399714469915 0.25814488530159002 0.43300555646419531 0.37463204562664038 0.25317433476448065 0.29903545975685125 0.28298084437847143 0.12547734379768374 0.602168768644333 0.8934994935989381 0.90747454762458812 0.50765538215637218 0.3167529851198197 0.37440508604049688 0.52148562669754039 0.53891777992248546 -1.6757884621620176 -0.073453638702630983 -0.2411336153745651 0.28069575130939489 0.54333373904228222 0.84474295377731334 0.13853160291910174 0.51631814241409313 0.53493961691856395 0.35548739135265356 0.31340707838535314
decision_type=2 2 8 2 2 10 2 2 2 2 10 2 8 10 10 2 2 2 2 8 8 10 2 10 2 2 2 10 2 8
left_child=1 4 21 9 7 6 -6 13 -9 17 23 14 22 19 -11 27 -16 -2 -19 -1 -20 -3 -7 -4 25 26 -21 -13 -23 -22
right_child=3 2 10 -5 5 12 -8 8 -10 11 -12 15 -14 -15 16 -17 -18 18 20 24 29 28 -24 -25 -26 -27 -28 -29 -30 -31
leaf_value=0.056511305042358045 -0.050836062349893567 0.056383547225681757 -0.050596554046260733 0.047044067900300565 -0.053407101010714636 0.055771157165140556 -0.033663964239657014 0.057206901295881213 0.04393078183085667 -0.051877359320623873 -0.053653876164681237 -0.050906710717009189 0.057784628840862939 0.057241925193368903 -0.050609081032435888 -0.05225725679715746 -0.051706332136534805 -0.053071240605706373 -0.052026435480678895 0.05578986062548779 -0.051660245175207266 0.056139290801270648 0.056186941643909617 -0.051126716152159982 0.056203951058198587 0.055753836480493701 0.056498668270044364 -0.05131343351478021 0.055810946665292863 -0.05131226896544766
leaf_weight=8.3454230427741987 29.456725001335144 9.7843846380710584 28.656078726053238 7.2760200202465048 7.7155229747295362 75.743337005376816 7.062802642583847 8.7441887557506579 7.2831603586673728 8.5925509929656965 7.2905300855636588 6.7803804278373709 7.3158544301986685 8.0227106511592847 478.51785558462143 13.501633316278456 7.178729534149169 6.9914026558399192 6.8878132104873657 24.891046643257141 6.866393357515336 10.853098243474959 11.58057591319084 6.8016510605812064 7.6012513339519492 663.56133940815926 7.2555061280727378 78.528548568487167 45.820703983306885 273.46653884649277
leaf_count=23 87 27 85 20 22 210 20 24 20 25 21 20 20 22 1419 39 21 20 20 69 20 30 32 20 21 1840 20 230 127 801
internal_value=0.00040685 0.0494067 0.0140051 -0.0501989 0.0539813 0.0424782 -0.0439715 0.0556921 0.051174 -0.0509707 -0.0512023 -0.0507749 0.0559777 0.0557927 -0.0506471 -0.0514145 -0.0506253 -0.0513295 -0.0513789 0.0557764 -0.0513377 0.0559489 0.0558263 -0.0506983 0.0557677 0.0557629 0.0559498 -0.0512811 0.0558738 -0.0513208
internal_weight=1878.37 954.329 109.206 924.045 845.123 109.418 14.7783 735.705 16.0273 916.769 42.7483 593.1 94.6398 719.677 494.289 98.8106 485.697 323.669 294.212 711.655 287.221 66.4582 87.3239 35.4577 703.309 695.708 32.1466 85.3089 56.6738 280.333
internal_count=5375 2653 310 2722 2343 304 42 2039 44 2702 126 1754 262 1995 1465 289 1440 948 861 1973 841 184 242 105 1950 1929 89 250 157 821
is_linear=0
shrinkage=0.05


Tree=18
num_leaves=31
num_cat=0
split_feature=37 10 37 20 2 10 37 12 37 17 22 7 13 9 3 15 13 10 7 26 16 37 29 4 19 14 15 20 37 4
split_gain=1030.28 437.097 29.2274 18.4697 10.3225 3.91029 1.63519 0.0117313 0.00922742 0.00455781 0.0022549 0.00522717 0.00139967 0.000777765 0.000672914 0.00062565 0.00057793 0.00391801 0.00130313 0.00163905 0.000391283 0.000384978 0.000332083 0.000182545 0.000127251 0.000125577 0.000121222 0.000102557 8.95183e-05 0.000375668
threshold=0.53616175055503856 0.32525181770324713 0.77762803435325634 -0.15520176291465757 0.34402111172676092 0.3167529851198197 0.53161895275115978 0.311968743801117 0.35548739135265356 0.54005342721939098 0.82794380187988292 0.26505373418331152 0.51394152641296398 0.83101841807365429 0.30764085054397589 0.32009692490100866 0.72984823584556591 0.2798887044191361 0.26799561083316809 0.26881343126297003 0.65207824110984813 0.54168599843978893 0.90747454762458812 0.50639188289642345 1.105205833911896 -0.45512622594833368 0.69532838463783275 0.86036342382431041 0.25317433476448065 0.77770122885704052
decision_type=2 2 2 8 10 2 2 8 2 10 8 2 8 2 10 8 8 2 2 10 10 2 10 10 10 8 10 10 2 10
left_child=4 3 24 -2 6 7 8 -5 22 10 11 15 -10 23 -12 -9 17 18 21 -20 -17 -16 28 -14 -3 -18 -27 -23 -1 -30
right_child=1 2 -4 5 -6 -7 -8 9 12 -11 14 -13 13 -15 16 20 25 -19 19 -21 -22 27 -24 -25 -26 26 -28 -29 29 -31
leaf_value=-0.039394615981403175 -0.0058099837819276696 -0.039788862968661722 0.078346254512519239 0.080539370287225936 0.031650867240585044 0.048849833605395271 -0.0086033721604881746 0.078988705271835893 -0.039424999815813912 0.079799042300749926 0.078964675186649139 0.080054025175116894 -0.040105554624745826 -0.040441604503315326 0.078064660659020249 0.078848635410284529 0.078633636217467093 0.079665829562229062 0.078395132234488685 0.079453377386737523 0.078432866993624437 0.078465719302566156 -0.039740055583842124 -0.039800791963138564 -0.040071262664467817 0.078420886524910305 0.078622987250182116 0.078272561182541139 -0.039416805987680464 -0.039784270607825439
leaf_weight=386.24763986468315 6.7183925807476044 104.38383363187313 5.4999910295009604 7.6397605240345019 5.1539109945297232 11.361903816461561 4.296282857656478 9.5124257504940033 24.681406304240227 7.2940595448017111 7.3177654445171347 7.6502768695354453 5.0251671373844138 4.9425692707300177 7.3401136696338645 7.3208703100681296 7.6925505995750427 7.6651005446910849 7.3321309983730298 7.3038032352924347 24.925987213850021 63.77437224984169 7.4897367209196082 221.01298287510872 4.1475724726915351 208.94782900810242 7.6928699910640708 7.7018377482891074 69.482228234410286 7.7289424985647193
leaf_count=1978 28 512 15 21 19 34 18 26 126 20 20 21 24 23 20 20 21 21 20 20 68 174 37 1083 20 570 21 21 355 38
internal_value=-0.000604467 0.0526053 -0.0341012 0.076419 -0.038862 0.0777715 -0.0393592 0.078599 -0.0395411 0.0785609 0.0785373 0.0788525 -0.0397829 -0.0398211 0.0784905 0.0786324 0.0784798 0.0785791 0.07849 0.0789232 0.0785273 0.0784095 -0.0394098 -0.0398076 -0.0397997 0.0784351 0.0784281 0.0784449 -0.0394044 -0.0394536
internal_weight=1265.28 529.223 114.031 415.192 736.061 408.474 730.907 397.112 726.611 389.472 382.178 49.4096 255.662 230.981 332.768 41.7593 325.451 101.117 93.4523 14.6359 32.2469 78.8163 470.949 226.038 108.531 224.333 216.641 71.4762 463.459 77.2112
internal_count=5394 1693 547 1146 3701 1118 3682 1084 3664 1063 1043 135 1256 1130 908 114 888 276 255 40 88 215 2408 1107 532 612 591 195 2371 393
is_linear=0
shrinkage=0.05


Tree=19
num_leaves=31
num_cat=0
split_feature=37 37 1 20 13 37 0 10 0 11 3 37 16 23 6 36 37 6 1 9 31 11 10 30 28 32 32 10 32 32
split_gain=670.482 523.11 439.561 68.0219 15.3149 14.5064 67.264 5.5127 1.18008 0.619207 0.55334 0.257366 0.382709 0.157301 0.0488408 0.0192489 0.0102764 0.00490489 0.00426075 0.00407183 0.01895 0.00387108 0.00536536 0.00159344 0.00138105 0.00133776 0.000793234 0.000623169 0.00061264 0.00115593
threshold=0.35548739135265356 0.602168768644333 0.50259616971015941 -0.58229613304138172 0.52235770225524913 0.25814488530159002 0.43300555646419531 0.27288509905338293 0.33572274446487432 -0.1776107922196388 0.49582996964454656 0.25317433476448065 0.61065983772277843 -0.29626853764057154 0.80578196048736583 0.11913204193115236 0.38627149164676672 0.16562992334365848 0.50017625093460094 0.7240549921989442 0.92959913611412059 -0.53845652937889088 0.33072969317436224 0.95492601394653331 0.88266798853874218 -0.42223867774009699 -1.6757884621620176 0.3167529851198197 0.41781498491764074 0.84671938419342052
decision_type=2 2 10 8 8 2 10 2 10 2 8 2 10 8 2 2 2 2 10 2 8 2 2 8 10 8 8 2 10 10
left_child=5 2 3 18 -4 11 10 -6 -5 -8 -7 26 -13 -3 15 -9 -10 -17 -2 21 -21 22 -19 -11 -18 -15 -1 -27 -23 -30
right_child=1 13 4 8 7 6 9 14 16 23 -12 12 -14 25 -16 17 24 19 -20 20 -22 28 -24 -25 -26 27 -28 -29 29 -31
leaf_value=-0.043576506013640069 0.066496282181297592 -0.035687840142230864 -0.0095546897537237829 -0.021015068522078535 0.021456948616953811 0.050758098818532438 -0.025643985318804043 0.066947098881119826 -0.043050647323616686 -0.043055324750448536 0.068131081648214339 -0.025907385431792104 -0.043809670274092119 -0.044833419848678696 0.060607333348233455 0.065605847720338867 -0.044112410906100213 0.066191146198551862 0.064869826651750534 0.064577632543038097 0.067101033851807171 0.064566311133138501 0.064512079121974195 -0.043855696885357565 -0.044877397174186748 -0.044127710467729252 -0.043019403803174122 -0.044535193829463533 0.065339599090158323 0.064557014009212488
leaf_weight=6.4695526361465454 8.247261047363283 5.6121140122413635 7.1320613622665396 5.8694854676723471 7.4770904779434195 7.4232094883918789 5.4212747812271109 9.3657315671443921 26.209845572710037 70.26389092206955 11.980618953704832 5.4971207082271558 6.5334374308586121 7.3890334665775299 7.3858514726161948 13.476510614156721 97.478049904108047 8.9841798841953295 7.8681727945804587 36.336018562316895 9.355707645416258 501.58361586928368 10.113679528236387 6.8224093914031974 6.2799836695194236 187.07159453630447 516.80776020884514 9.8781018853187543 7.4954814314842251 12.736311882734297
leaf_count=24 22 20 24 20 22 20 20 25 100 268 32 20 24 26 20 36 352 24 21 97 25 1339 27 25 22 675 1975 35 20 34
internal_value=0.000462955 0.0261426 0.0449264 -0.0314223 0.0632993 -0.0395684 -0.0222784 0.0641316 -0.0429449 -0.0419775 0.0614848 -0.0428601 -0.0356296 -0.0439461 0.0646489 0.0646978 -0.0439353 0.0646627 0.0657022 0.0646411 0.0650943 0.0646028 0.065302 -0.0431262 -0.0441587 -0.0441729 -0.0430263 -0.0441481 0.0645772 0.0648469
internal_weight=1630.57 993.346 783.395 151.953 631.442 637.219 101.911 624.31 135.837 82.5076 19.4038 535.308 12.0306 209.951 616.833 609.447 129.968 600.082 16.1154 586.605 45.6917 540.913 19.0979 77.0863 103.758 204.339 523.277 196.95 521.815 20.2318
internal_count=5394 2986 2230 537 1693 2408 365 1669 494 313 52 2043 44 756 1647 1627 474 1602 43 1566 122 1444 51 293 374 736 1999 710 1393 54
is_linear=0
shrinkage=0.05


Tree=20
num_leaves=31
num_cat=0
split_feature=37 37 20 10 29 37 8 26 37 9 10 37 1 37 37 26 10 1 32 21 8 15 16 12 13 11 10 5 37 18
split_gain=1697.55 63.1514 83.6136 31.4536 8.69481 4.165 31.818 6.21824 0.131663 0.279361 0.0287535 0.0196729 0.00513507 0.00417465 0.00737257 0.00425648 0.00371074 0.00301772 0.00143717 0.00124322 0.00107588 0.00076055 0.000743548 0.000545815 0.000525899 0.000486507 0.000859099 0.000496672 0.000389596 0.000326079
threshold=0.38627149164676672 0.35548739135265356 0.33316786587238317 0.40326131880283361 0.90747454762458812 0.25814488530159002 -0.23955288529396054 0.23969624936580661 0.25317433476448065 0.29903545975685125 0.28298084437847143 0.602168768644333 0.49943235516548162 0.52148562669754039 0.53891777992248546 -0.073453638702630983 0.3167529851198197 0.70263412594795238 -1.6757884621620176 0.26691488921642309 0.28069575130939489 0.63419753313064586 0.4279655665159226 0.311968743801117 0.7323557734489442 -0.53845652937889088 0.32821536064147955 0.31972397863864904 0.33685611188411718 0.24583917111158374
decision_type=2 2 8 2 10 2 2 8 2 2 2 2 10 2 2 8 2 10 8 8 2 10 10 8 10 2 2 10 2 10
left_child=1 4 19 10 5 8 -7 20 18 -10 13 12 -12 -2 -15 -16 24 25 -1 -3 28 -4 -22 -17 -13 26 -14 -27 -8 -30
right_child=3 2 21 -5 -6 6 7 -9 9 -11 11 16 17 14 15 23 -18 -19 -20 -21 22 -23 -24 -25 -26 27 -28 -29 29 -31
leaf_value=0.05432497765225356 -0.049274807145271986 0.054403507113822386 -0.049062725759880126 0.055499232736219088 0.010808544532257587 -0.051559813875198271 0.053664819991417589 0.0104164579618479 0.055139552182839995 0.041774178491196218 -0.05046543381353185 -0.049349556673191651 -0.048366753028384481 -0.051489517573218707 -0.051103499270296615 -0.050278793586711112 -0.050681703745327072 -0.049938657643454773 0.053672135414128901 0.053690983269312542 0.053826140547289215 -0.049653509257907555 0.05453232829670214 -0.049821789229770298 -0.049815147991739778 -0.049104263544176463 -0.049089600535707795 -0.048769235878149395 0.054185517011284878 0.05377193183023167
leaf_weight=8.5343921780586225 28.884510934352875 7.4713824391365042 31.036498039960861 7.195291429758071 12.937743932008742 8.1958819627761823 69.538022011518478 8.9631592333316785 8.5948361158370954 7.1723181903362265 7.0323664844036093 6.5760968625545493 6.4149177670478847 7.1634764075279227 6.7620163857936859 6.701641410589219 13.152970910072325 10.60752362012863 689.78817024827003 33.895179063081741 7.4263798594474775 6.6074417233467093 7.4835361838340759 260.3740693628788 78.04043897986412 446.0538966357708 11.442234247922896 11.343702822923659 7.1013867855072048 14.490164846181868
leaf_count=24 88 21 95 20 37 24 197 25 24 20 21 20 20 21 20 20 39 32 1954 96 21 20 21 784 235 1364 35 35 20 41
internal_value=5.4132e-06 0.0475113 0.00475275 -0.0486252 0.0514848 0.0521133 0.0436232 0.0504066 0.0535781 0.0490598 -0.0494571 -0.0492525 -0.049124 -0.0498472 -0.049906 -0.0498646 -0.0499004 -0.0491046 0.0536801 0.0538197 0.0537868 -0.0491664 0.0541806 -0.0498333 -0.049779 -0.049086 -0.0488299 -0.049096 0.0537224 0.053908
internal_weight=1836.98 929.236 79.0105 907.745 850.226 837.288 123.199 115.003 714.09 15.7672 900.55 590.664 492.895 309.886 281.001 273.838 97.7695 485.862 698.323 41.3666 106.039 37.6439 14.9099 267.076 84.6165 475.255 17.8572 457.398 91.1296 21.5916
internal_count=5394 2640 232 2754 2408 2371 349 325 2022 44 2734 1801 1507 933 845 824 294 1486 1978 117 300 115 42 804 255 1454 55 1399 258 61
is_linear=0
shrinkage=0.05


Tree=21
num_leaves=31
num_cat=0
split_feature=10 13 1 16 13 36 13 0 26 10 33 3 23 10 9 20 8 3 4 5 22 8 10 7 4 36 10 15 36 20
split_gain=741.957 249.087 187.74 155.247 49.8235 12.2166 21.8948 2.70075 0.108986 0.0628105 0.0194257 0.0202861 0.0175454 0.0113497 0.00681671 0.00744955 0.010534 0.00664804 0.00307744 0.00272623 0.00245939 0.00206579 0.0018531 0.000886365 0.000750936 0.000706051 0.000700448 0.000504169 0.00078363 0.000461948
threshold=0.28440193831920629 0.72984823584556591 0.63500171899795543 0.62599667906761181 0.63764518499374401 0.11913204193115236 0.68474727869033825 0.26576684415340429 -0.053172970190644257 0.3167529851198197 0.81086206436157238 0.29859057068824774 0.86349558830261242 0.36265496909618383 0.7696988880634309 0.80582663416862499 0.44146092236042028 0.2569472342729569 0.49658408761024481 0.31972397863864904 0.82006525993347179 0.01324186008423567 0.63817676901817333 0.57117900252342235 0.51642024517059337 0.17794051021337512 0.47066661715507513 0.78700324892997753 0.17500400543212893 0.75747287273406994
decision_type=2 10 10 8 8 2 10 10 8 2 10 10 8 2 2 10 2 10 10 10 8 2 2 2 10 2 2 10 2 10
left_child=3 5 9 24 -5 6 22 -6 -9 -3 11 -10 -11 17 15 20 -17 -7 -19 27 21 -13 -2 -4 -1 26 -15 -20 -29 -22
right_child=1 2 23 4 7 13 -8 8 10 12 -12 14 -14 25 -16 16 -18 18 19 -21 29 -23 -24 -25 -26 -27 -28 28 -30 -31
leaf_value=-0.038987859647707568 -0.040310549381026406 0.07308353175522847 -0.039393404311043934 -0.039415894037755111 0.039511172999031764 -0.041285941762116161 0.074320247402806044 0.07967700405793815 0.075666367944113716 0.078328173578532015 0.07594114477324776 0.07437997464160831 0.074955999113193991 -0.039326728602691381 0.074417729142514599 0.075492521386514577 0.073215598307666371 -0.03900014442981805 -0.039434782303706943 -0.040486432562904927 0.073145517510381716 0.073303175076510796 -0.039030394578296268 -0.038991511684870972 -0.039463726789886674 -0.039000979942067207 -0.039015229185952634 -0.040315504438688365 -0.039392448819360271 0.073469911688780518
leaf_weight=23.621255114674568 6.1478580534458178 82.980233460664749 37.094725459814072 10.167405456304548 5.915848195552825 4.808553770184516 6.6783428192138663 7.2258954346179962 9.58580633997917 7.3300158083438856 7.7286798357963553 7.7828718125820187 8.1417457163333875 36.762281090021133 13.710207402706144 8.8614068627357501 11.902849465608595 39.30432540178299 234.2553476691246 6.5029616951942435 230.30178263783455 10.413759946823118 5.2333143353462219 21.771362945437431 12.773380249738691 325.26348258554935 35.449053898453712 4.203234910964964 5.0760594755411148 11.523684501647947
leaf_count=127 29 223 190 52 21 22 18 20 26 20 21 21 22 190 37 24 32 211 1195 31 619 28 28 117 65 1746 190 20 26 31
internal_value=-0.000195562 -0.0255285 0.0313932 0.0589239 0.0695754 -0.0381466 0.00245047 0.0729857 0.0736064 0.0736289 0.0734657 0.0734028 0.0765536 -0.0392066 0.0733291 0.0732759 0.0741873 -0.0394421 -0.0394114 -0.0394761 0.0732032 0.0737637 -0.0397219 -0.0392448 -0.0391549 -0.0390324 -0.0391738 -0.0394491 -0.0398106 0.073161
internal_weight=1238.52 867.003 157.318 371.515 335.12 709.685 18.0595 324.953 319.037 98.452 311.811 304.082 15.4718 691.625 294.497 280.786 20.7643 294.15 289.342 250.038 260.022 18.1966 11.3812 58.8661 36.3946 397.475 72.2113 243.535 9.27929 241.825
internal_count=5402 4278 572 1124 932 3706 75 880 859 265 839 818 42 3631 792 755 56 1505 1483 1272 699 49 57 307 192 2126 380 1241 46 650
is_linear=0
shrinkage=0.05


Tree=22
num_leaves=31
num_cat=0
split_feature=37 37 4 10 20 37 0 2 36 4 28 37 11 10 36 5 9 7 37 6 10 32 20 14 32 14 9 37 29 10
split_gain=601.184 482.882 401.954 67.6512 24.4704 14.7641 64.7262 0.615971 0.559992 0.203317 0.177316 0.138123 0.0195898 0.0327262 0.012386 0.0063533 0.0080898 0.00541367 0.0042324 0.00360572 0.00351053 0.00266378 0.00190484 0.00173362 0.00182623 0.00267484 0.00142022 0.00114619 0.000967418 0.000893014
threshold=0.35548739135265356 0.602168768644333 0.50639188289642345 0.456609457731247 -0.82963892817497242 0.25814488530159002 0.43300555646419531 0.15096163004636767 0.1755204722285271 0.51028910279273998 0.76173460483551036 0.25554023683071142 -0.53845652937889088 0.32955943048000341 0.11913204193115236 0.31972397863864904 0.67445239424705516 0.42434900999069219 0.53891777992248546 0.16562992334365848 0.27535390853881841 -0.32706674933433527 -0.013811138924211262 0.28772944211959844 0.84671938419342052 0.56730204820632946 0.15716281533241275 0.25317433476448065 0.78222215175628673 0.3167529851198197
decision_type=2 2 10 2 8 2 10 10 2 10 8 2 2 2 2 10 2 2 2 2 2 10 8 10 10 10 2 2 10 2
left_child=5 2 4 9 -2 11 8 21 -7 -4 -6 27 13 -11 -14 19 -17 18 -12 -16 -21 -8 -3 26 25 -25 -22 28 -1 -24
right_child=1 22 3 -5 10 6 7 -9 -10 12 17 -13 14 -15 15 16 -18 -19 -20 20 23 -23 29 24 -26 -27 -28 -29 -30 -31
leaf_value=-0.042286725750766689 0.06375346690910412 -0.044362616273533398 0.054292047845332425 -0.042389449650038109 -0.034057096871037702 0.065222809387354572 -0.04347383076598603 -0.024751038709516143 0.047950341033054955 0.065279128620950685 -0.044838494781828955 -0.034384162566670866 0.063457301658392501 0.061248032075748055 0.062242268665095718 0.061264391822065181 0.063538018677327598 -0.042502863070234063 -0.043465072312529905 0.062440723908951112 0.062008889806319627 -0.042316542397929015 -0.043419673533058811 0.062412065398394091 0.061309027141881002 0.061265345544646702 0.061313690365405599 -0.042989010006678083 -0.04297126509138037 -0.043884145987776457
leaf_weight=494.15701241791248 5.6132473945617676 5.8199139833450317 9.978267699480055 16.113132625818253 5.2873814404010764 12.729778468608858 5.3497266918420783 5.2897920310497275 7.4324157238006583 8.9354531466960925 5.9545921087265006 5.568490892648696 7.4731925725936881 11.533927559852598 11.918115139007567 7.8137428760528547 7.8357526957988739 14.192097052931784 96.768987894058228 7.4608382582664481 7.4549870789051047 70.474494904279709 189.64059525728226 13.426729798316957 19.350862771272659 8.185732036828993 504.60344681143761 6.0013181865215293 5.2157538533210746 10.945821762084959
leaf_count=1974 15 21 27 64 20 34 20 20 20 24 21 21 20 31 32 21 21 56 361 20 20 281 709 36 52 22 1356 23 20 40
internal_value=8.43985e-05 0.0244421 0.0426493 0.0587682 -0.0383244 -0.0387589 -0.0213187 -0.0412473 0.0588556 0.0613722 -0.0430132 -0.0422158 0.0614868 0.0630077 0.0614346 0.0614089 0.0624028 -0.0434182 -0.0435447 0.0613817 0.0613634 -0.0423982 -0.0434709 0.0613489 0.0616618 0.0619777 0.0613238 -0.0423021 -0.0422939 -0.043445
internal_weight=1588.53 976.307 769.9 642.084 127.816 612.219 101.276 81.114 20.1622 625.971 122.203 510.943 615.993 20.4694 595.523 588.05 15.6495 116.916 102.724 572.401 560.483 75.8242 206.406 553.022 40.9633 21.6125 512.058 505.374 499.373 200.586
internal_count=5402 2989 2219 1746 473 2413 375 321 54 1682 458 2038 1655 55 1600 1580 42 438 382 1538 1506 301 770 1486 110 58 1376 2017 1994 749
is_linear=0
shrinkage=0.05


Tree=23
num_leaves=31
num_cat=0
split_feature=7 1 11 36 10 31 7 10 22 13 7 36 1 13 10 4 7 29 9 31 10 17 36 16 12 26 36 21 4 1
split_gain=1201.87 330.533 78.8257 33.7537 97.6145 11.5016 7.12646 0.979869 0.934319 0.449522 0.0641905 0.0236509 0.0189229 0.0125865 0.0118027 0.0104155 0.00603524 0.00557615 0.00500652 0.0445581 0.00492815 0.00422588 0.00559452 0.00421236 0.00391282 0.00319344 0.00279737 0.00231478 0.0015492 0.00137261
threshold=0.37156273424625402 0.47103650867939001 0.86039528250694286 0.17794051021337512 0.47066661715507513 0.76400962471961986 0.31185764074325567 0.28512428700923925 0.8145887851715089 0.52761179208755504 0.36682996153831487 0.12742405384778979 0.81678929924964916 0.81105339527130138 0.37897986173629766 0.5912020504474641 0.33941878378391271 0.0065618189983069905 0.19806402921676639 0.54630038142204296 0.27288509905338293 -0.17460331320762632 0.15504322946071628 0.62599667906761181 0.71569603681564342 -0.029484943486750122 0.16546678543090823 0.41672791540622717 0.70180726051330578 0.50110569596290599
decision_type=2 10 2 2 2 8 2 2 10 8 2 2 8 10 2 10 2 10 2 8 2 10 2 8 8 8 2 8 10 10
left_child=1 7 5 4 12 -3 -4 -1 18 -7 11 15 26 14 20 23 -8 -6 19 -5 -13 28 24 -11 -23 -25 -2 -15 29 -22
right_child=3 2 6 8 17 9 16 -9 -10 10 -12 13 -14 27 -16 -17 -18 -19 -20 -21 21 22 -24 25 -26 -27 -28 -29 -30 -31
leaf_value=0.032302633888965697 -0.047810403979502966 0.016196472639476964 -0.0063238028346245785 0.051859337137036311 0.051910198160062641 -0.03707458942282936 0.052424324333852593 0.051882713946684311 0.033236878549156107 -0.047719961876027069 -0.043643953774920086 -0.048484947548090698 -0.051012850471867446 -0.049436696362959401 -0.049885613122301928 -0.050504733640830128 0.054137670003410666 0.053383624036132782 0.051855716543929009 0.055871796969175019 -0.048389110784482992 -0.048402245079645162 -0.047867649419246761 -0.04960053600709452 -0.049861402811643925 -0.048509237062298441 -0.049001027366352555 -0.048478716608928885 -0.048346282101460664 -0.047728704033876947
leaf_weight=6.8572297990322104 20.577086687088016 7.0339962542057037 6.639499485492709 62.678342401981354 74.79377418756485 9.3270595669746381 11.107827365398409 93.713097155094147 6.773175209760665 16.735246330499649 7.9737943708896628 29.323829680681229 6.9970500469207755 6.9123826324939719 7.2629999816417685 6.5590734481811515 9.5662374198436719 7.024275839328765 575.11800637841225 7.7775927484035483 8.0280508697032911 15.107720166444777 44.698253363370895 6.8943424224853516 6.6021224260330227 242.37284862995148 6.4891069233417502 71.850925892591476 10.888698667287825 394.57963681221008
leaf_count=20 65 21 20 182 217 29 32 272 20 53 25 91 21 21 22 20 27 20 1670 22 25 47 141 21 20 752 20 223 34 1249
internal_value=6.04716e-05 -0.0355125 -0.0449257 0.0472934 0.0224267 -0.0474872 0.0387437 0.0505477 0.0517106 -0.0479933 -0.0481096 -0.0481507 -0.048695 -0.047974 -0.0478842 -0.0485364 0.0532171 0.0520367 0.0519045 0.0523023 -0.0478557 -0.0478172 -0.0481875 -0.0484879 -0.048846 -0.0485394 -0.0480959 -0.0485628 -0.0477578 -0.0477419
internal_weight=1788.26 1020.03 919.465 768.228 115.881 892.151 27.3136 100.57 652.347 885.117 875.79 867.816 34.0632 595.255 516.491 272.562 20.6741 81.8181 645.574 70.4559 509.228 479.904 66.4081 266.002 21.7098 249.267 27.0662 78.7633 413.496 402.608
internal_count=5402 3165 2873 2237 343 2794 79 292 1894 2773 2744 2719 106 1873 1629 846 59 237 1874 204 1607 1516 208 826 67 773 85 244 1308 1274
is_linear=0
shrinkage=0.05


Tree=24
num_leaves=31
num_cat=0
split_feature=37 10 37 20 12 16 37 15 37 10 37 17 36 0 36 13 26 30 7 36 7 4 29 15 0 22 14 11 3 36
split_gain=879.064 334.839 27.6716 23.6677 4.38871 0.480481 0.18319 0.0560661 0.175803 0.0964548 0.00879123 0.00431497 0.00212244 0.00169 0.00159082 0.000967438 0.0018605 0.00156802 0.00236522 0.000802489 0.000435899 0.00041237 0.000396755 0.000183131 0.000155695 0.000150687 0.000140764 0.000248328 0.00012476 0.000117696
threshold=0.52550914883613598 0.32525181770324713 0.77762803435325634 -0.18135989457368848 0.30648064613342291 0.65027859807014476 0.52148562669754039 0.71584701538085949 0.53891777992248546 0.3167529851198197 0.3489531427621842 0.46732746064662939 0.12186293676495553 0.29959650337696081 0.2619332373142243 0.73884871602058422 -0.11808970943093298 0.7646545171737672 0.26693607866764074 0.10837388038635255 0.24321021139621737 0.50765538215637218 0.90747454762458812 0.30055475234985357 0.35070793330669409 1.1054003834724428 -0.53433525562286366 0.4981053918600083 0.34557040035724645 0.12904357910156253
decision_type=2 2 2 8 8 8 2 10 2 2 2 10 2 10 2 8 10 8 2 2 2 10 10 8 10 10 10 2 10 2
left_child=6 3 25 -2 -5 -6 10 8 -7 11 22 13 -12 -10 21 16 -15 20 19 -19 -18 -14 29 -22 -25 -3 27 28 -17 -1
right_child=1 2 -4 4 5 7 -8 -9 9 -11 12 -13 14 15 -16 26 17 18 -20 -21 23 -23 -24 24 -26 -27 -28 -29 -30 -31
leaf_value=-0.038811487406186791 -0.025998443774380132 -0.039039190091986198 0.068438411846821506 0.027806992900183403 0.056247200388832255 0.076494770755503677 -0.028195499913423395 0.064719715188586893 0.069367703500733693 0.073897815984548296 -0.039862120616074713 0.069901567906127837 -0.039508986886158878 0.0694962729508838 -0.038644814945086724 0.06883291621423436 0.069030904110781513 0.068539350956001485 0.069730103990712319 0.069141862148062061 0.068809857830443549 -0.039035556821439069 -0.039019186489576113 0.068821728853488889 0.068588587958506461 -0.039327456572197883 0.068605382150850935 0.068962648994832218 0.068633018757019729 -0.038632665163712131
leaf_weight=9.4134956300258619 6.7943465411663055 94.704518705606461 6.3707241415977469 6.6661101132631302 7.6104279458522797 7.6886995136737815 4.1145029813051215 7.7748966813087454 9.7339269518852216 9.2852121889591199 7.3198098987340918 7.8507723510265341 4.7108204513788214 8.9821032881736738 28.086110383272171 8.9909439682960492 7.4908106029033652 13.489876776933672 9.3527982831001264 9.3617863953113538 13.111138403415682 194.73134133219719 6.8914978057146064 7.8669411838054648 79.811916947364807 4.7613558173179618 146.1330349445343 7.4913585782051078 59.201263695955276 408.62046177685261
leaf_count=52 32 506 17 22 21 21 21 21 26 25 36 21 24 24 158 24 20 36 25 25 35 1041 37 21 213 25 390 20 158 2302
internal_value=-0.000169318 0.0471711 -0.0325827 0.0665893 0.0680595 0.0686965 -0.038713 0.0689256 0.0690061 0.0688615 -0.0387786 0.0687413 -0.0390241 0.0687173 -0.0389971 0.0687003 0.0687986 0.068754 0.0690603 0.0687862 0.0686629 -0.0390467 -0.0386429 0.0686356 0.0686095 -0.039053 0.068634 0.0686894 0.0686594 -0.0386367
internal_weight=1204.41 540.525 105.837 434.688 427.894 421.228 663.888 413.617 405.843 398.154 659.774 388.869 234.848 381.018 227.528 371.284 149.467 140.485 32.2045 22.8517 108.281 199.442 424.925 100.79 87.6789 99.4659 221.817 75.6836 68.1922 418.034
internal_count=5399 1728 548 1180 1148 1126 3671 1105 1084 1063 3650 1038 1259 1017 1223 991 399 375 86 61 289 1065 2391 269 234 531 592 202 182 2354
is_linear=0
shrinkage=0.05


Tree=25
num_leaves=31
num_cat=0
split_feature=37 37 4 10 14 4 10 37 7 34 19 37 37 7 9 3 36 7 37 10 6 13 14 5 4 29 32 13 10 37
split_gain=549.302 425.789 393.794 64.243 24.1578 8.95842 38.1703 2.32343 1.62773 0.171756 0.165708 0.113435 0.10758 0.069548 0.0180362 0.0131944 0.0102807 0.00833352 0.00429929 0.00337151 0.00318859 0.00311676 0.00224463 0.00205777 0.00104647 0.00096614 0.000883389 0.000856419 0.00353889 0.00443314
threshold=0.34160162508487707 0.602168768644333 0.50639188289642345 0.456609457731247 -0.84343677759170521 0.76785472035408031 0.48083937168121343 0.33685611188411718 0.37156273424625402 0.76785373687744152 1.0790854692459109 0.33511860668659216 0.3622888326644898 0.26505373418331152 0.31450079381465917 0.2569472342729569 0.12056946754455568 0.32653275132179266 0.53891777992248546 0.27535390853881841 0.16562992334365848 0.52761179208755504 -0.6570291519165038 0.31972397863864904 0.51028910279273998 0.90747454762458812 -0.42223867774009699 0.60319459438323986 0.32525181770324713 0.53161895275115978
decision_type=2 2 10 2 8 8 2 2 2 8 10 2 2 2 2 10 2 2 2 2 2 8 8 10 10 10 8 10 2 2
left_child=5 2 4 12 -2 7 8 11 -7 -6 26 22 -4 -14 -8 -15 -17 18 -11 -18 -21 -22 -1 24 -23 -24 -3 -26 29 -29
right_child=1 10 3 -5 9 6 14 -9 -10 17 -12 -13 13 15 -16 16 19 -19 -20 20 21 23 25 -25 27 -27 -28 28 -30 -31
leaf_value=-0.042201195080904592 0.060808978303611198 -0.043345498482571548 0.063950055584812995 -0.041710525491212659 -0.033816104323442057 0.032385046415679922 -0.044732039016055186 -0.011321816347323301 0.066138711096589711 -0.044167303264230767 -0.033770960375339588 -0.034512967265195343 0.05375203231346129 0.06042505389676598 -0.041631888409944105 0.060154531560395408 0.059604289313008818 -0.041829478872516722 -0.042792199997635338 0.0593559754236909 0.059491128479597956 0.059038497985347362 -0.041618992039903054 0.059144664332540814 0.058475394137640462 -0.042271101253101878 -0.042768546224868198 0.058552302017913685 0.058522020465635177 0.05990695276723456
leaf_weight=17.645573452115059 5.9431230127811432 6.8804384768009186 9.5188139081001264 16.356889113783836 5.7223290354013443 6.6632881760597211 5.2376224249601355 6.4318227022886267 7.6983308494091034 6.0490456819534293 5.2322435975074759 5.635071948170661 7.3292763531208029 10.31428202986717 45.00204510986805 10.735556751489638 8.128285199403761 23.523241698741913 94.231431007385254 12.902196347713469 8.8643942773342115 9.9539833366870862 469.20630583167076 13.995806843042372 349.60669535398483 5.7494827508926383 185.65581649541855 13.240253835916521 155.90670755505562 11.104810088872908
leaf_count=71 16 26 26 68 23 20 20 24 21 22 20 23 20 28 188 29 22 97 365 35 24 27 1962 38 951 23 720 36 424 30
internal_value=6.09564e-05 0.0229199 0.0396609 0.0561016 -0.0377622 -0.0389372 -0.0214061 -0.0411813 0.0504782 -0.042285 -0.0425506 -0.0415668 0.0586754 0.0585934 -0.0419551 0.0586521 0.0586213 -0.0426765 -0.0428751 0.0585931 0.0585788 0.058561 -0.0416475 0.0585461 0.0585306 -0.0416269 -0.0427892 0.058521 0.0586096 0.0591702
internal_weight=1540.47 971.196 773.427 637.958 135.469 569.27 64.6013 504.668 14.3616 129.526 197.768 498.236 621.601 612.082 50.2397 604.753 594.439 123.804 100.28 583.703 575.575 562.673 492.601 553.808 539.812 474.956 192.536 529.858 180.252 24.3451
internal_count=5399 3047 2281 1758 523 2352 249 2103 41 507 766 2079 1690 1664 208 1644 1616 484 387 1587 1565 1530 2056 1506 1468 1985 746 1441 490 66
is_linear=0
shrinkage=0.05


Tree=26
num_leaves=31
num_cat=0
split_feature=37 37 20 10 4 10 7 37 9 37 10 37 29 11 1 10 37 37 11 37 1 5 35 9 32 37 7 15 13 30
split_gain=1430.97 47.13 93.5404 17.5971 4.97336 30.4483 2.20561 0.065159 0.0371111 0.0324727 0.0268736 0.0196686 0.00998716 0.00814351 0.00525571 0.00471618 0.00319723 0.00966294 0.00312891 0.00177916 0.00156346 0.0015633 0.00119809 0.00114357 0.000830035 0.000797377 0.000750505 0.000474365 0.000472869 0.000403382
threshold=0.38627149164676672 0.33685611188411718 0.33316786587238317 0.3867510855197907 0.76785472035408031 0.48083937168121343 0.37156273424625402 0.33511860668659216 0.31450079381465917 0.3622888326644898 0.28298084437847143 0.602168768644333 0.90747454762458812 0.69748082756996166 0.49943235516548162 0.3167529851198197 0.52148562669754039 0.53891777992248546 0.78146865963935863 0.25554023683071142 0.50110569596290599 -0.15044801682233808 0.30269815027713781 0.84474295377731334 -1.6757884621620176 0.25317433476448065 0.36682996153831487 0.59386172890663158 0.52761179208755504 0.28967423737049108
decision_type=2 2 8 2 8 2 2 2 2 2 2 2 10 2 10 2 2 2 2 2 10 10 10 2 8 2 2 10 8 8
left_child=1 4 20 10 7 6 -6 12 -7 -4 16 14 13 21 -12 -13 -2 -18 29 24 -3 25 -17 -23 -15 -1 28 -11 -16 -19
right_child=3 2 9 -5 5 8 -8 -9 -10 27 11 15 -14 19 26 22 17 18 -20 -21 -22 23 -24 -25 -26 -27 -28 -29 -30 -31
leaf_value=0.050319105237206035 -0.046788816104082448 0.050298478321522726 -0.04989346569648212 0.035554711445783337 -0.010781026363857837 0.054078650490925174 -0.051180450846476259 0.045638469973387254 0.050207638695882843 -0.046496650431802976 -0.047906063415556373 -0.047223403431394112 0.052025404809826759 0.051237603482508304 -0.046973505179421567 -0.048680703341883805 -0.049160298963329269 -0.047664701448683511 -0.048340299334586334 0.051737463828064725 0.051100604652040797 0.050185999135366526 -0.047745944121023724 0.050823816182833582 0.050577494201948604 0.05099378440595656 -0.047027084137402524 -0.046989365344452444 -0.046533003526109375 -0.047259781406843948
leaf_weight=8.3851581215858477 28.25873127579689 56.992119938135147 10.010328024625776 6.5187044441699973 6.6213579773902875 6.8672162890434256 6.8981073200702667 7.7053495347499839 62.922191739082336 23.440786540508274 7.239345669746398 77.232348084449768 7.9370941519737235 7.8406424224376678 6.1794248819351187 7.0963794589042646 7.1585146784782401 6.3063312768936148 7.0130850076675406 7.5555803179740897 6.799722045660018 628.62466225028038 6.6310731470584869 7.1071245968341819 12.128892898559576 9.1670614182949048 8.0269854962825757 6.1709647774696341 432.45167830586433 249.0756958425045
leaf_count=25 92 170 31 19 20 20 21 23 188 77 23 248 23 23 20 22 22 20 22 22 20 1879 21 21 36 27 26 20 1419 799
internal_value=6.35125e-05 0.0446235 0.0129069 -0.0462798 0.0488298 0.0372843 -0.0313942 0.0502109 0.0505885 -0.0474316 -0.0469129 -0.0467041 0.050262 0.0502415 -0.0465696 -0.0473752 -0.0472948 -0.0473478 -0.0472984 0.0510839 0.050384 0.050206 -0.0482292 0.0501931 0.0508367 0.0506715 -0.046548 -0.0465993 -0.0465392 -0.0472698
internal_weight=1732.36 883.174 103.414 849.188 779.76 83.3089 13.5195 696.452 69.7894 39.6221 842.67 544.857 688.746 680.809 453.897 90.9598 297.812 269.554 262.395 27.5251 63.7918 653.284 13.7275 635.732 19.9695 17.5522 446.658 29.6118 438.631 255.382
internal_count=5399 2646 318 2753 2328 249 41 2079 208 128 2734 1779 2056 2033 1488 291 955 863 841 81 190 1952 43 1900 59 52 1465 97 1439 819
is_linear=0
shrinkage=0.05


Tree=27
num_leaves=31
num_cat=0
split_feature=37 10 37 26 30 10 37 37 26 37 17 30 33 0 36 36 16 14 37 29 4 3 2 25 19 15 37 37 4 16
split_gain=794.69 305.539 26.9685 19.2919 9.52784 0.803876 0.16913 0.115761 0.0460154 0.00805358 0.00731435 0.0026174 0.00257668 0.00213016 0.0018283 0.00151694 0.00101833 0.000757535 0.00137739 0.000412131 0.000394241 0.000282085 0.000282634 0.00115687 0.000245661 0.000170779 0.000132739 0.000122083 0.000609019 0.000114822
threshold=0.52550914883613598 0.32525181770324713 0.77762803435325634 -0.30550767481327051 0.19064661860466006 0.3167529851198197 0.52148562669754039 0.53891777992248546 -0.053172970190644257 0.3489531427621842 0.44726875424385076 0.28967423737049108 0.20161914825439456 0.28979125618934637 0.12056946754455568 0.2619332373142243 0.65207824110984813 0.40480494499206549 0.56132289767265331 0.90747454762458812 0.50765538215637218 0.29859057068824774 -0.11362413689494132 0.83838701248168956 1.105205833911896 0.70628842711448681 0.53616175055503856 0.25317433476448065 0.77770122885704052 0.62599667906761181
decision_type=2 2 2 8 8 2 2 2 8 2 10 8 8 10 2 2 8 10 2 10 10 10 10 10 10 10 2 2 10 10
left_child=6 3 24 -2 -5 7 9 -6 -9 19 11 -10 -13 -14 -11 20 -15 21 -19 27 -16 -18 23 -23 26 -24 -3 -1 29 -29
right_child=1 2 -4 4 5 -7 -8 8 10 14 -12 12 13 16 15 -17 17 18 -20 -21 -22 22 25 -25 -26 -27 -28 28 -30 -31
leaf_value=-0.038276433401970657 -0.030785342276005087 -0.038973058354731173 0.064649870632391707 0.00022217411173185172 0.071363065152410601 0.050999314016976993 -0.028523190258924493 0.068961630001712113 0.065854326097800564 -0.039554085777225634 0.066492079232085277 0.065679353486349373 0.065705497857360837 0.065361278386015728 -0.039160054420732095 -0.038304497518858373 0.065162485264603762 0.065605502785808636 0.064805121060431459 -0.038692292891475799 -0.038686924419795127 0.065398527682613214 0.06482411065580726 0.064838383531438198 -0.039114493867549248 0.065066181228764661 -0.038675115369133074 -0.038280057964177411 -0.038803277152033994 -0.038568924361721421
leaf_weight=330.11043171584606 5.4408447593450546 3.8979875743389121 6.7434270679950705 5.7849600762128821 7.4032405018806449 10.260094389319418 4.3388198167085639 7.3979876339435577 7.8710986673831931 5.7035828977823249 7.8614403605461112 11.234156876802443 8.24616691470146 11.244863748550424 4.5107688903808585 28.106255918741226 7.4956336617469779 9.7433221936225909 11.990057349205015 6.4262679666280738 184.15511813759804 11.619890093803404 260.787249147892 44.589297026395798 3.4891109168529502 7.4954376220703116 91.238201707601547 52.826845556497574 6.6930155307054511 3.6797379553318015
leaf_count=1957 27 21 18 21 20 29 23 20 21 29 21 30 22 30 24 166 20 26 32 36 1030 31 696 119 19 20 511 313 37 21
internal_value=-1.37503e-05 0.0443288 -0.0320881 0.0627769 0.0639579 0.064825 -0.0383607 0.0651668 0.0650542 -0.0384293 0.064982 0.0649517 0.0649333 0.0649108 -0.0386704 -0.0386472 0.0648929 0.064878 0.0651639 -0.0382951 -0.0386982 0.0648592 0.0648522 0.0649542 -0.0387024 0.0648309 -0.0386873 -0.0382886 -0.0383523 -0.0382989
internal_weight=1168.39 541.834 105.369 436.466 431.025 425.24 626.551 414.98 407.577 622.212 400.179 392.317 384.446 373.212 222.476 216.772 364.966 353.721 21.7334 399.736 188.666 331.988 324.492 56.2092 98.6253 268.283 95.1362 393.31 63.1996 56.5066
internal_count=5390 1754 569 1185 1158 1137 3636 1108 1088 3613 1068 1047 1026 996 1249 1220 974 944 58 2364 1054 886 866 150 551 716 532 2328 371 334
is_linear=0
shrinkage=0.05


Tree=28
num_leaves=31
num_cat=0
split_feature=37 37 4 10 14 37 36 2 37 10 4 22 4 8 3 36 26 37 9 31 28 13 20 7 18 10 29 32 24 36
split_gain=500.17 396.09 332.146 58.3892 23.5309 12.5318 51.5277 3.94796 0.277964 0.403382 0.276125 0.193033 0.167534 0.0555252 0.0161998 0.00839917 0.00799893 0.00534705 0.00507159 0.0184741 0.00363405 0.00232327 0.00177073 0.00148736 0.00113718 0.000936531 0.000841209 0.000778314 0.000647394 0.00122651
threshold=0.35548739135265356 0.602168768644333 0.50639188289642345 0.456609457731247 -0.84343677759170521 0.25814488530159002 0.2619332373142243 -0.011727710254490374 0.25317433476448065 0.42099757492542272 0.50933560729026806 0.72884082794189464 0.63062176108360302 -0.27421884238719935 0.2569472342729569 0.12056946754455568 0.18514882773160937 0.38231718540191656 0.7240549921989442 0.92959913611412059 0.88266798853874218 0.52761179208755504 -0.020082123577594754 0.40144884586334234 0.29098817706108099 0.27683407068252569 0.90747454762458812 -1.6757884621620176 0.74260082840919506 0.18098764866590503
decision_type=2 2 10 2 8 2 2 10 2 2 10 8 10 2 10 2 8 2 2 8 10 8 8 2 8 2 10 8 10 2
left_child=5 2 4 10 -2 8 7 -7 26 -10 -4 -6 22 -9 -12 -16 -8 -13 21 24 -19 -17 -3 25 -20 -23 27 -1 -27 -30
right_child=1 12 3 -5 11 6 16 13 9 -11 14 17 -14 -15 15 18 -18 20 19 -21 -22 23 -24 -25 -26 28 -28 -29 29 -31
leaf_value=-0.041637376258284418 0.058041259583286466 -0.043062627998787711 0.046355866316148679 -0.041108102488256255 -0.031722754720342985 0.013858574987450887 -0.041068127861339287 0.058669070532768153 -0.041982452492722325 -0.022407931588674518 0.058111371404015136 -0.041075648472777233 -0.032951376486484107 0.064743951304246192 0.057586950863034926 0.056942774193083835 -0.043150223936946334 -0.042147501121788312 0.056045850694498994 0.058760008623206184 -0.043384616313362712 0.056577578095401641 -0.042145034313188487 0.056761887969914493 0.056726350288851618 0.05605078397987983 -0.041638940929582258 -0.04099638414291313 0.056761588805016541 0.056075554317545517
leaf_weight=4.7870987504720688 6.2328972518444061 5.4160194844007492 7.2061972618103018 15.854883685708044 4.6607374399900428 6.0676989853382137 64.872719839215279 7.7143467664718637 5.6153088808059675 4.953807145357132 10.90466260910034 11.237713128328322 5.0610821396112433 7.3406962454318974 10.226886749267576 8.0045258402824384 4.9659758359193793 93.477666258811951 31.451670050621036 8.4257372915744764 6.338758409023284 9.0715377628803235 179.78770624101162 7.9799805879592887 7.6282590627670244 477.57078829407692 5.2657162845134726 441.55306215584278 9.4508710801601428 20.973047137260437
leaf_count=20 17 21 20 69 19 20 283 21 23 20 30 49 20 20 28 22 20 377 87 23 24 25 725 22 21 1321 22 1937 26 58
internal_value=0.000217815 0.0224753 0.0388855 0.0536187 -0.0365938 -0.0374843 -0.0205201 0.047908 -0.0408231 -0.0328078 0.0560852 -0.0416913 -0.0419266 0.0616311 0.0562018 0.0561665 -0.0412162 -0.0421097 0.0561415 0.0566365 -0.0422261 0.0560974 -0.0421719 0.0560845 0.0561787 0.056074 -0.0410107 -0.0410033 0.056065 0.0562887
internal_weight=1490.1 936.962 746.697 624.749 121.948 553.136 90.9614 21.1227 462.175 10.5691 608.894 115.715 190.265 15.055 601.688 590.783 69.8387 111.054 580.556 47.5057 99.8164 533.051 185.204 525.046 39.0799 517.066 451.606 446.34 507.995 30.4239
internal_count=5390 3004 2238 1752 486 2386 364 61 2022 43 1683 469 766 41 1663 1633 303 450 1605 131 401 1474 746 1452 108 1430 1979 1957 1405 84
is_linear=0
shrinkage=0.05


Tree=29
num_leaves=31
num_cat=0
split_feature=37 37 20 7 37 36 11 37 10 10 37 19 1 29 1 26 10 37 37 29 23 21 8 12 9 11 10 37 3 31
split_gain=1302.45 43.3042 66.3721 20.9984 6.56635 40.9806 5.76051 0.129611 0.268262 0.0263763 0.0180543 0.017349 0.0141799 0.00864309 0.00487992 0.00400385 0.00376127 0.00288068 0.00772746 0.00225961 0.00170364 0.00159486 0.00151733 0.00094301 0.000765282 0.000447969 0.000525649 0.000384326 0.00035896 0.000784305
threshold=0.38627149164676672 0.35548739135265356 0.33316786587238317 0.38725073635578161 0.25814488530159002 0.2619332373142243 -0.21258105337619779 0.25317433476448065 0.42099757492542272 0.28298084437847143 0.602168768644333 0.34204438328742987 0.77396726608276378 0.90747454762458812 0.49943235516548162 -0.21605762094259259 0.3167529851198197 0.52148562669754039 0.53891777992248546 -1.1976931095123289 0.94482904672622692 0.26481744647026068 -0.47613579034805292 0.311968743801117 0.84474295377731334 -0.53845652937889088 0.32955943048000341 0.33685611188411718 0.6579566001892091 0.92959913611412059
decision_type=2 2 8 2 2 2 2 2 2 2 2 10 8 10 10 8 2 2 2 8 8 8 2 8 2 2 2 2 10 8
left_child=1 4 21 9 7 6 12 13 -9 15 14 -7 -6 19 -11 -2 -12 -17 -19 -1 -18 -3 -16 -20 -21 26 -24 -13 -27 -30
right_child=3 2 -4 -5 5 11 -8 8 -10 10 16 27 -14 -15 22 17 20 18 23 24 -22 -23 25 -25 -26 28 -28 -29 29 -31
leaf_value=0.049551729591823447 -0.047471556140682221 0.049614726121211983 -0.045493437655104642 0.045404428120726432 -0.050674400996269131 0.051472082023768122 0.0082125931065900448 0.050345738889773423 0.036673213671616807 -0.046762841796672901 -0.046122986375296646 0.048777002146198359 -0.047383250637154893 0.050465407192613047 -0.046248102207199826 -0.045621773815406504 -0.047581420470405915 -0.047914344657714276 -0.046794919167298263 0.048729220017445257 -0.04643241314360641 0.04876854472076881 -0.044829156424142008 -0.046167700626841279 0.049272004805827919 -0.045467834351787771 -0.045437011564059986 0.04901471509229291 -0.045439014316733986 -0.04477154224364821
leaf_weight=8.582897484302519 6.1458609402179718 6.6091033816337577 33.471187859773636 6.3572570085525504 6.8878372609615335 6.6917143166065207 6.5801655054092398 7.6956939399242383 6.7205771803855896 7.2867692708969107 77.854167282581329 69.450531631708145 6.2357424199581155 7.3936632573604575 5.992620736360549 21.24506413936615 6.8855906128883344 6.6151991188526145 6.1430679857730874 619.50913298130035 6.0699833929538727 35.366134524345398 6.2762579619884482 244.72767505049706 6.562698930501937 388.25098896026611 8.2077345252037031 22.515775620937347 16.709159344434738 5.9747903347015408
leaf_count=26 20 20 114 19 21 20 20 23 20 24 259 214 20 22 20 72 22 21 20 1911 20 109 22 813 20 1323 28 69 57 21
internal_value=-0.000184618 0.043185 0.00702411 -0.0451146 0.046706 0.035866 -0.0299672 0.0486605 0.0439719 -0.0458213 -0.0456125 0.0490141 -0.0491106 0.0487658 -0.0454797 -0.0462092 -0.0462543 -0.0461814 -0.0462275 0.048746 -0.0470431 0.0489018 -0.045458 -0.0461831 0.0487349 -0.0454469 -0.0451736 0.0488352 -0.0454565 -0.0452632
internal_weight=1671.02 850.273 75.4464 820.742 774.826 118.362 19.7037 656.465 14.4163 814.385 529.508 98.658 13.1236 642.048 438.698 284.877 90.8097 278.731 257.486 634.655 12.9556 41.9752 431.412 250.871 626.072 425.419 14.484 91.9663 410.935 22.6839
internal_count=5390 2629 243 2761 2386 364 61 2022 43 2742 1796 303 41 1979 1495 946 301 926 854 1957 42 129 1471 833 1931 1451 50 283 1401 78
is_linear=0
shrinkage=0.05


Tree=30
num_leaves=31
num_cat=0
split_feature=37 10 37 23 36 12 16 32 33 10 37 37 27 33 36 36 0 14 28 4 29 1 37 37 4 3 2 34 7 36
split_gain=733.948 266.388 22.2387 13.8121 9.84472 3.89299 0.350022 0.0960699 0.0515844 0.0681326 0.0088034 0.00765033 0.00370066 0.00226904 0.00163107 0.00130029 0.00078546 0.000607448 0.00166036 0.000433874 0.000368733 0.000201969 0.000143193 0.000142472 0.000603073 0.000138602 0.000121492 0.000500316 0.000137123 0.000109385
threshold=0.53161895275115978 0.32525181770324713 0.77762803435325634 -0.60986304283142079 0.088954307138919844 0.30908733606338507 0.65027859807014476 -0.47916692495346064 0.81567454338073742 0.3167529851198197 0.54168599843978893 0.3489531427621842 0.72837832570076 0.20161914825439456 0.2619332373142243 0.12186293676495553 0.29959650337696081 0.40480494499206549 0.86801323294639599 0.50765538215637218 0.90747454762458812 0.4843727052211762 0.52148562669754039 0.25317433476448065 0.76042470335960399 0.29859057068824774 -0.11236828193068503 0.94943425059318554 0.24321021139621737 0.17047540098428729
decision_type=2 2 2 8 2 8 8 8 10 2 2 2 10 8 2 2 10 10 8 10 10 10 2 2 8 10 10 8 2 2
left_child=4 3 -3 -2 -1 -5 -7 -8 9 10 -9 20 13 -12 15 -13 -15 21 -19 -17 23 -18 -21 -6 -25 -23 27 -27 -29 -26
right_child=1 2 -4 5 11 6 7 8 -10 -11 12 14 -14 16 -16 19 17 18 -20 22 -22 25 -24 24 29 26 -28 28 -30 -31
leaf_value=0.077946568087917056 -0.018724108334646435 -0.03834747030406719 0.061413071341109363 0.024508787614236194 -0.037949288365910654 0.051479806035738124 0.06736801402959039 0.063227778068185872 0.057689830075269004 0.066022606032583211 0.062326003336104163 -0.039096217920108561 0.062745477629865584 0.062108274983182978 -0.037975877729015964 -0.038852308832582449 0.061789179432415603 0.062473097852309895 0.061547058103781763 -0.038346994456829597 -0.038348888482886354 0.061801379705040016 -0.038582669062842676 -0.037970006125704649 -0.03858450022968421 0.061976473882639618 0.061568384428187808 0.061680953156871603 0.061504775774624237 -0.038221060357233154
leaf_weight=1.8330343663692463 5.5028523504734039 90.00411169230938 5.9560882449150077 7.184051051735878 312.32065570354462 8.3223169445991498 7.7048496305942535 9.3004234731197339 7.7424547970294944 9.3740811645984632 11.92250421643257 6.3363907039165488 7.8385505378246298 8.2045301198959333 26.863648384809494 4.5083547234535208 13.041490286588667 7.4616592824459103 13.778907567262648 174.01538935303688 6.2932748049497595 7.4532361626625052 6.6930900514125815 52.714487090706825 4.7409971654415113 9.693639010190962 250.27125662565231 19.372245997190475 25.692605197429657 3.6751562356948853
leaf_count=5 26 528 16 23 1949 23 21 25 21 25 32 34 21 22 167 25 35 20 37 1021 37 20 38 328 27 26 672 52 69 22
internal_value=4.2877e-05 0.0431673 -0.0321555 0.059982 -0.0377504 0.0610026 0.0616311 0.0618377 0.0617315 0.061811 0.0617082 -0.038105 0.0616705 0.0616475 -0.0383407 -0.0383919 0.0616247 0.0616133 0.0618724 -0.0383678 -0.0379693 0.0615964 -0.0383557 -0.037963 -0.0380328 0.0615883 0.0615831 0.0616506 0.0615805 -0.0384258
internal_weight=1125.82 525.822 95.9602 429.862 599.994 424.359 417.175 408.852 401.148 393.405 384.031 598.161 374.731 366.892 218.417 191.553 354.97 346.765 21.2406 185.217 379.745 325.524 180.708 373.451 61.1306 312.483 305.03 54.7585 45.0649 8.41615
internal_count=5367 1714 544 1170 3653 1144 1121 1098 1077 1056 1031 3648 1006 985 1285 1118 953 931 57 1084 2363 874 1059 2326 377 839 819 147 121 49
is_linear=0
shrinkage=0.05


Tree=31
num_leaves=31
num_cat=0
split_feature=37 37 4 1 14 37 0 22 37 9 0 36 34 11 10 25 7 5 10 37 32 10 13 12 10 31 4 10 29 32
split_gain=454.294 364.537 301.816 48.7309 21.7155 11.693 48.0625 1.57745 0.273382 0.426439 0.26458 0.221243 0.193141 0.00834167 0.0108108 0.00834161 0.00500876 0.00418375 0.00660858 0.00297251 0.00193487 0.00183422 0.00121831 0.0012705 0.00192918 0.00145675 0.00111164 0.000883482 0.000698366 0.000611785
threshold=0.35548739135265356 0.602168768644333 0.50639188289642345 0.49769301712512976 -0.84343677759170521 0.25814488530159002 0.42658995091915136 0.7928447723388673 0.25317433476448065 0.29903545975685125 0.35643593966960913 0.1174604892730713 0.8025045394897462 -0.5169047713279723 0.32955943048000341 0.90308666229248058 0.41945275664329534 0.31972397863864904 0.32525181770324713 0.53891777992248546 -0.42223867774009699 0.27535390853881841 0.52761179208755504 0.25042513757944113 0.32525181770324713 1.1095982789993288 0.51028910279273998 0.3167529851198197 0.90747454762458812 -1.6757884621620176
decision_type=2 2 10 10 8 2 10 10 2 2 10 2 8 2 2 8 2 10 2 2 8 2 8 8 2 8 10 2 10 8
left_child=5 2 4 -4 -2 8 10 15 28 -10 -7 -5 -6 14 -13 -8 19 21 -19 -14 -3 -15 -23 24 -24 -26 -25 -22 29 -1
right_child=1 20 3 11 12 6 7 -9 9 -11 -12 13 16 17 -16 -17 -18 18 -20 -21 27 22 23 26 25 -27 -28 -29 -30 -31
leaf_value=-0.040988792709810165 0.055645043754977724 -0.042490543335105102 -0.040512137956608074 0.045160234957783707 -0.031120720148334335 0.058110776946832456 -0.040486607733400203 -0.0092360568326995841 -0.041552827946004428 -0.021301048419512802 0.04569857345786419 0.056351870116533587 -0.042823293400285373 0.054715217759138492 0.054034039222128551 -0.042711784616064959 -0.040646140502216724 0.055805951445713903 0.053775221749230787 -0.041581249147929947 -0.041530118508555994 0.054550350226285772 0.054911687712149583 0.054452802931221081 0.053909277990724751 0.054633872959411828 0.053899482845905372 -0.042029785220296767 -0.041019795213794445 -0.040432959284146842
leaf_weight=5.0097797513008118 6.1234863996505737 5.7232602834701538 13.989166960120199 7.1389716565608969 4.6659350544214249 10.591746747493746 62.388994157314301 4.2538924962282172 5.6703805327415449 4.799592599272728 7.2200464606285086 8.6399867534637469 5.1002723127603522 7.8500628173351279 12.042989194393156 4.5166389048099509 14.362604528665541 7.8993194401264217 8.1292012929916364 86.775185957551003 167.74352021515369 8.1949554681777936 7.4955640435218873 9.2568731307983381 36.815151125192642 8.5467081665992719 467.55562993884087 9.3391432762145978 5.2496528774499884 418.39644430577755
leaf_count=22 17 23 64 20 20 29 286 17 24 20 20 24 20 22 34 18 65 22 23 364 706 23 21 26 104 24 1321 38 23 1927
internal_value=-6.22653e-05 0.0214737 0.0374714 0.0517204 -0.0360162 -0.0369027 -0.0203738 -0.0387597 -0.0402517 -0.0322691 0.0530795 0.0539089 -0.0410772 0.0540161 0.0550023 -0.0406368 -0.0415145 0.0539798 0.054776 -0.0416502 -0.0415857 0.0539564 0.0539454 0.053936 0.0541686 0.0540458 0.0539102 -0.0415565 -0.0404466 -0.0404395
internal_weight=1431.49 903.388 720.582 603.555 117.027 528.097 88.9713 71.1595 439.126 10.47 17.8118 589.565 110.904 582.426 20.683 66.9056 106.238 561.743 16.0285 91.8755 182.806 545.715 537.865 529.67 52.8574 45.3619 476.813 177.083 428.656 423.406
internal_count=5367 2981 2214 1728 486 2386 370 321 2016 44 49 1664 469 1644 58 304 449 1586 45 384 767 1541 1519 1496 149 128 1347 744 1972 1949
is_linear=0
shrinkage=0.05


Tree=32
num_leaves=31
num_cat=0
split_feature=37 36 37 7 37 16 37 10 37 1 1 37 24 27 26 37 37 10 10 25 30 13 23 9 26 11 10 7 5 13
split_gain=1198.11 36.0785 107.886 19.233 0.948988 2.15715 0.0493967 0.0229606 0.0156087 0.0148874 0.0046075 0.00424217 0.0362866 0.00404274 0.00400272 0.00280924 0.0059639 0.00266668 0.00186353 0.00161594 0.0012754 0.000804206 0.000750759 0.000543381 0.000479772 0.000414205 0.000531887 0.00033579 0.000307101 0.000260391
threshold=0.38627149164676672 0.18029389530420306 0.27797964215278631 0.39195935428142553 0.25317433476448065 0.62222731113433849 0.35548739135265356 0.28298084437847143 0.71660032868385326 0.77396726608276378 0.49943235516548162 0.25317433476448065 0.17009189724922183 0.75848791003227245 -0.21605762094259259 0.52148562669754039 0.53891777992248546 0.3167529851198197 0.37440508604049688 0.90018266439437877 0.28967423737049108 0.46277306973934179 0.8790230154991151 0.84474295377731334 0.6292291283607484 -0.53845652937889088 0.32821536064147955 0.36682996153831487 0.31972397863864904 0.52761179208755504
decision_type=2 2 2 2 2 10 2 2 2 10 10 2 10 8 8 2 2 2 2 10 8 10 8 2 10 2 2 2 10 8
left_child=1 2 4 7 13 -6 9 14 10 -4 -9 23 -13 19 -2 -16 -17 -10 25 -1 -18 -14 -19 24 -3 26 -12 28 29 -27
right_child=3 11 6 -5 5 -7 -8 8 17 -11 18 12 21 -15 15 16 20 22 -20 -21 -22 -23 -24 -25 -26 27 -28 -29 -30 -31
leaf_value=0.048913527607967473 -0.046485125275769833 0.047414842410302922 -0.049661104827665753 0.048812609447905594 0.012379918019552889 0.050215393590820716 -0.044447401446058826 -0.045806491072279847 -0.045140196872080346 -0.046400654471960096 -0.043821877850757127 0.051171865850728686 0.047518220780206351 0.047466938352230398 -0.04459017920948722 -0.046764027595889879 -0.045737829130726083 -0.046296164851177019 -0.045379217790027744 0.047940239759442317 -0.04515488481647173 0.04802693597018013 -0.045520388355938607 0.047885948513575846 0.047852690501999869 -0.044812595717417372 -0.044451729507660187 -0.04482478195011131 -0.044205044711877563 -0.044480553591989165
leaf_weight=6.5037945508956936 5.9336802661418915 501.39170867204666 7.0502447485923749 5.5219933688640586 6.49005103111267 8.9794689416885358 30.095032334327698 6.7320993244647971 70.111421346664429 6.9547985196113586 5.4441111981868735 7.2844896018505088 127.19511398673058 85.305865108966827 19.242575317621231 6.0795381963253012 9.7779639363288862 6.6494358479976636 5.7826131582260123 12.386993199586867 232.16254223883152 8.2742473483085615 5.8732952475547791 6.3435369729995719 6.3355004787445059 5.9994282126426688 8.721518397331236 7.1330880224704734 9.9963229894638044 372.9492495059967
leaf_count=20 20 1601 22 17 20 27 107 23 242 23 20 22 405 272 68 20 33 22 20 39 801 26 20 20 20 21 31 25 36 1324
internal_value=2.54628e-05 0.042258 0.0212617 -0.0441719 0.0458979 0.034342 -0.0455889 -0.0448314 -0.0446317 -0.048042 -0.0445089 0.047493 0.0477341 0.0476135 -0.0452007 -0.0451722 -0.0452173 -0.0452602 -0.0444879 0.0482753 -0.0451784 0.0475493 -0.0459323 0.0474261 0.0474203 -0.0444753 -0.0442097 -0.0444848 -0.0444786 -0.0444858
internal_weight=1604.7 820.591 163.766 784.111 119.666 15.4695 44.1001 778.589 505.393 14.005 422.758 656.825 142.754 104.197 273.196 267.263 248.02 82.6342 416.026 18.8908 241.941 135.469 12.5227 514.071 507.727 410.244 14.1656 396.078 388.945 378.949
internal_count=5367 2624 530 2743 378 47 152 2726 1784 45 1500 2094 453 331 942 922 854 284 1477 59 834 431 42 1641 1621 1457 51 1406 1381 1345
is_linear=0
shrinkage=0.05


end of trees

feature_importances:
bbox_h=176
right_shoulder_y=107
bbox_w=57
right_hip_y=48
left_shoulder_y=42
left_hip_x=39
left_hip_y=36
left_ankle_z=32
left_foot_index_z=30
right_hip_x=27
right_shoulder_x=27
left_knee_y=27
left_knee_z=25
right_heel_z=25
right_knee_y=22
left_hip_z=21
left_heel_z=19
right_knee_x=18
left_shoulder_x=17
right_shoulder_z=17
left_knee_x=14
left_foot_index_x=12
right_ankle_y=10
right_hip_z=9
left_shoulder_z=9
right_ankle_x=9
right_heel_y=9
left_foot_index_y=9
left_ankle_x=8
left_heel_y=8
left_ankle_y=7
right_foot_index_x=7
right_ankle_z=6
right_knee_z=5
right_heel_x=5
right_foot_index_y=4
left_heel_x=3
right_foot_index_z=2

parameters:
[boosting: gbdt]
[objective: multiclass]
[metric: multi_logloss,multi_error]
[tree_learner: serial]
[device_type: cpu]
[data_sample_strategy: bagging]
[data: ]
[valid: ]
[num_iterations: 500]
[learning_rate: 0.05]
[num_leaves: 31]
[num_threads: 0]
[seed: 42]
[deterministic: 0]
[force_col_wise: 0]
[force_row_wise: 0]
[histogram_pool_size: -1]
[max_depth: -1]
[min_data_in_leaf: 20]
[min_sum_hessian_in_leaf: 0.001]
[bagging_fraction: 0.9]
[pos_bagging_fraction: 1]
[neg_bagging_fraction: 1]
[bagging_freq: 1]
[bagging_seed: 400]
[bagging_by_query: 0]
[feature_fraction: 0.9]
[feature_fraction_bynode: 1]
[feature_fraction_seed: 30056]
[extra_trees: 0]
[extra_seed: 12879]
[early_stopping_round: 0]
[early_stopping_min_delta: 0]
[first_metric_only: 0]
[max_delta_step: 0]
[lambda_l1: 0]
[lambda_l2: 0]
[linear_lambda: 0]
[min_gain_to_split: 0]
[drop_rate: 0.1]
[max_drop: 50]
[skip_drop: 0.5]
[xgboost_dart_mode: 0]
[uniform_drop: 0]
[drop_seed: 17869]
[top_rate: 0.2]
[other_rate: 0.1]
[min_data_per_group: 100]
[max_cat_threshold: 32]
[cat_l2: 10]
[cat_smooth: 10]
[max_cat_to_onehot: 4]
[top_k: 20]
[monotone_constraints: ]
[monotone_constraints_method: basic]
[monotone_penalty: 0]
[feature_contri: ]
[forcedsplits_filename: ]
[refit_decay_rate: 0.9]
[cegb_tradeoff: 1]
[cegb_penalty_split: 0]
[cegb_penalty_feature_lazy: ]
[cegb_penalty_feature_coupled: ]
[path_smooth: 0]
[interaction_constraints: ]
[verbosity: -1]
[saved_feature_importance_type: 0]
[use_quantized_grad: 0]
[num_grad_quant_bins: 4]
[quant_train_renew_leaf: 0]
[stochastic_rounding: 1]
[linear_tree: 0]
[max_bin: 255]
[max_bin_by_feature: ]
[min_data_in_bin: 3]
[bin_construct_sample_cnt: 200000]
[data_random_seed: 175]
[is_enable_sparse: 1]
[enable_bundle: 1]
[use_missing: 1]
[zero_as_missing: 0]
[feature_pre_filter: 0]
[pre_partition: 0]
[two_round: 0]
[header: 0]
[label_column: ]
[weight_column: ]
[group_column: ]
[ignore_column: ]
[categorical_feature: ]
[forcedbins_filename: ]
[precise_float_parser: 0]
[parser_config_file: ]
[objective_seed: 16083]
[num_class: 3]
[is_unbalance: 0]
[scale_pos_weight: 1]
[sigmoid: 1]
[boost_from_average: 1]
[reg_sqrt: 0]
[alpha: 0.9]
[fair_c: 1]
[poisson_max_delta_step: 0.7]
[tweedie_variance_power: 1.5]
[lambdarank_truncation_level: 30]
[lambdarank_norm: 1]
[label_gain: ]
[lambdarank_position_bias_regularization: 0]
[eval_at: ]
[multi_error_top_k: 1]
[auc_mu_weights: ]
[num_machines: 1]
[local_listen_port: 12400]
[time_out: 120]
[machine_list_filename: ]
[machines: ]
[gpu_platform_id: -1]
[gpu_device_id: -1]
[gpu_use_dp: 0]
[num_gpu: 1]

end of parameters

pandas_categorical:null
