tree
version=v4
num_class=3
num_tree_per_iteration=3
label_index=0
max_feature_idx=35
objective=multiclass num_class:3
feature_names=left_hip_x left_hip_y left_hip_z right_hip_x right_hip_y right_hip_z left_shoulder_x left_shoulder_y left_shoulder_z right_shoulder_x right_shoulder_y right_shoulder_z left_knee_x left_knee_y left_knee_z right_knee_x right_knee_y right_knee_z left_ankle_x left_ankle_y left_ankle_z right_ankle_x right_ankle_y right_ankle_z left_heel_x left_heel_y left_heel_z right_heel_x right_heel_y right_heel_z left_foot_index_x left_foot_index_y left_foot_index_z right_foot_index_x right_foot_index_y right_foot_index_z
feature_infos=[0.047062821686267853:0.93869531154632568] [0.024840358644723892:1.7143293619155884] [-0.70979213714599609:0.85579770803451538] [0.06016218289732933:0.92954850196838379] [0.1018228679895401:1.7420367002487183] [-0.85594367980957031:0.70879024267196655] [0.012310288846492767:0.86854261159896851] [0.14379219710826874:0.9320414662361145] [-1.7917040586471558:1.5145102739334106] [0.10721496492624283:1.0262507200241089] [0.018429072573781013:1.1229904890060425] [-1.7811598777770996:1.5539982318878174] [-0.27188855409622192:1.1541596651077271] [0.024519387632608414:1.4643324613571167] [-1.9001829624176025:1.3081953525543213] [-0.11148465424776077:1.2214604616165161] [-0.15709775686264038:1.3496463298797607] [-1.8151767253875732:1.3921231031417847] [-0.23480355739593506:1.2081830501556396] [0.086240790784358978:1.3865879774093628] [-2.4187836647033691:2.2206194400787354] [0.018415460363030434:1.3248331546783447] [0.044805016368627548:1.1183418035507202] [-2.5074417591094971:2.0827927589416504] [-0.32395833730697632:1.2368301153182983] [0.090450897812843323:1.4758509397506714] [-2.5805814266204834:2.3340535163879395] [-0.0054564904421567917:1.5704610347747803] [0.054609142243862152:1.790462851524353] [-2.6598320007324219:2.8767387866973877] [-0.11345458775758743:1.2849316596984863] [-0.035549495369195938:1.2399605512619019] [-2.9431779384613037:2.3407354354858398] [-0.076285295188426971:1.3754377365112305] [-0.086289875209331512:1.2408509254455566] [-2.9765048027038574:2.0034279823303223]
tree_sizes=3351 3354 3348 3452 3447 3436 3429 3444 3431 3446 3456 3438 3423 3455 3444 3441 3445 3444 3426 3441 3432 3441 3453 3450 3452 3458 3449 3446 3448 3434 3450 3445 3442 3435 3435 3438 3436 3446 3435 3436 3448 3442 3449 3443 3447 3446 3448 3434 3439 3433 3441 3428 3451 3445 3447 3445 3445 3431 3433 3441 3441 3450 3435 3437 3450 3440 3452 3439 3437 3448 3458 3448 3430 3447 3441 3432 3454 3439 3446 3449 3434 3449 3458 3437 3445 3452 3445 3440 3456 3448 3434 3457 3441 3414 3443 3446 3441 3441 3442 3451 3438 3445 3443 3463 3447 3446 3452 3450 3446 3456 3440 3449 3450 3443 3423 3449 3443 3424 3449 3443 3444 3459 3449 3454 3455 3446 3473 3447 3435 3461 3455 3453 3450 3460 3456 3451 3450 3440 3449 3444 3455 3461 3444 3432 3447 3453 3453 3454 3437 3442 3454 3456 3441 3467 3443 3446 3470 3446 3463 3462 3463 3460 3463 3456 3449 3471 3446 3468 3459 3460 3469 3453 3447 3470 3472 3463 3451 3472 3457 3472 3476 3456 3470 3485 3445 3466 3477 3484 3463 3491 3460 3467 3492 3479 3480 3489 3473 3489 3477 3479 3472 3480 3467 3474 3477 3466 3483 3491 3467 3486 3483 3455 3472 3492 3470 3487 3495 3475 3485 3490 3478 3470 3490 3478 3492 3509 3480 3474 3497 3481 3489 3504 3474 3497 3494 3486 3486 3513 3483 3493 3495 3497 3506 3508 3485 3496 3502 3502 3483 3510 3484 3512 3511 3506 3506 3515 3501 3516

Tree=0
num_leaves=31
num_cat=0
split_feature=13 7 5 2 16 30 10 16 1 1 21 20 12 1 28 7 13 6 10 14 10 23 8 8 11 11 0 7 14 13
split_gain=5316.68 1691.42 1336.77 268.634 266.251 183.859 93.8595 245.598 88.5393 50.4033 47.1531 44.3414 41.0438 18.3344 9.52776 25.1743 98.8886 55.7985 14.5076 8.89026 8.04467 7.03468 4.93662 2.85383 1.30582 1.27619 1.09076 0.611041 2.92944 0.602719
threshold=0.64658099412918102 0.31884554028511053 -0.32905659079551691 -0.33588591217994684 0.80306494235992443 0.18791685253381732 0.27134813368320471 0.61002835631370556 0.43575842678546911 0.53058740496635448 0.6811276674270631 -0.427682414650917 0.28030642867088323 0.63323837518692028 0.98844191431999218 0.30262075364589697 0.63234102725982677 0.65527901053428661 0.29645329713821417 -0.058188935741782181 0.32502411305904394 0.42918585240840917 0.48245188593864446 0.38127380609512335 -0.3784776479005813 -0.073934480547904954 0.58477845788002025 0.31109739840030676 -0.40493880212306971 0.64096337556839
decision_type=10 2 8 8 10 8 10 8 10 10 10 8 10 10 8 2 8 2 10 8 10 10 2 2 10 10 10 2 10 10
left_child=2 5 10 26 21 9 7 25 22 -2 -1 -7 -13 -6 29 16 -16 18 -18 -10 -14 24 -9 27 -3 -5 -4 28 -17 -8
right_child=1 4 3 6 13 11 14 8 19 -11 -12 12 20 -15 15 23 17 -19 -20 -21 -22 -23 -24 -25 -26 -27 -28 -29 -30 -31
leaf_value=-1.0118581402360696 -1.0118581402360696 -1.1403109812686043 -1.0118581402360696 -1.1403109812686043 -1.0118581402360696 -1.1314955902173518 -1.1629791296861105 -1.1100867833785961 -1.063805980359521 -1.1629791296861105 -1.1478670307411063 -1.1341941793146741 -1.0120108648337958 -1.1025307339060941 -1.1629791296861105 -1.126997941721815 -1.0723065360160859 -1.0165080168345324 -1.1629791296861105 -1.0129532198697655 -1.0571944370710817 -1.1100867833785961 -1.1629791296861105 -1.1327549317961023 -1.1627934773649187 -1.1626879524424687 -1.0345262886535755 -1.1629791296861105 -1.1629791296861105 -1.1478670307411063
leaf_weight=172.37844240665436 6.9480754137039176 6.6172146797180167 26.799719452857971 6.6172146797180167 35.402098536491394 7.9406576156616211 2260.1096738576889 6.6172146797180202 10.587543487548826 26.799719452857971 6.6172146797180167 6.9480754137039176 1309.5467851161957 6.6172146797180167 110.17662441730499 6.9480754137039176 6.6172146797180202 21.505947709083557 13.234429359436033 45.658781290054321 9.9258220195770246 6.6172146797180167 13.234429359436033 8.2715183496475202 269.32063746452332 171.71672093868256 6.6172146797180167 396.37115931510925 30.439187526702881 6.6172146797180167
leaf_count=521 21 20 81 20 107 24 6831 20 32 81 20 21 3958 20 333 21 20 65 40 138 30 20 40 25 814 519 20 1198 92 20
internal_value=-1.1131 -1.04095 -1.1498 -1.15736 -1.14357 -1.01661 -1.15887 -1.12977 -1.05457 -1.13187 -1.01689 -1.01369 -1.01299 -1.02614 -1.16146 -1.15582 -1.13823 -1.07231 -1.13275 -1.02253 -1.01235 -1.16103 -1.14535 -1.16185 -1.16225 -1.16186 -1.01635 -1.1624 -1.15629 -1.16294
internal_weight=5019.82 1692.68 3327.14 3148.14 324.574 1368.11 3114.72 254.432 76.098 33.7478 178.996 1334.36 1326.42 42.0193 2860.29 593.564 151.534 41.3576 19.8516 56.2463 1319.47 282.555 19.8516 442.03 275.938 178.334 33.4169 433.758 37.3873 2266.73
internal_count=15172 5116 10056 9515 981 4135 9414 769 230 102 541 4033 4009 127 8645 1794 458 125 60 170 3988 854 60 1336 834 539 101 1311 113 6851
is_linear=0
shrinkage=1


Tree=1
num_leaves=31
num_cat=0
split_feature=4 13 10 20 10 34 10 10 2 19 7 18 19 9 0 27 25 6 11 30 20 1 6 4 9 11 14 9 7 6
split_gain=2335.38 1840.65 2707.55 631.441 613.723 241.051 176.839 164.779 161.111 60.8951 57.6291 48.6224 35.3156 31.4056 30.5181 29.6828 24.2616 157.173 24.6528 22.1122 14.8601 74.7429 19.4866 77.2218 8.11048 57.8891 6.51922 6.37511 5.48987 5.3481
threshold=0.50915145874023449 0.66926905512809765 0.40597115457057958 -0.33047918975353235 0.27502827346324926 0.93526437878608715 0.33199745416641241 0.40137711167335516 0.36603349447250372 0.80540862679481517 0.26998753845691686 0.58828118443489086 0.92578372359275829 0.31238794326782232 0.16429092735052112 0.19953121244907382 0.97788432240486156 0.59064516425132763 -0.66163748502731312 0.19755434244871142 -0.71777814626693714 0.48106607794761663 0.83882308006286632 0.49560140073299414 0.47280906140804296 -0.035506220534443848 -0.084153797477483736 0.80333301424980175 0.29993830621242529 0.82478412985801708
decision_type=8 10 10 8 10 10 10 10 10 8 2 8 10 10 10 8 8 2 10 8 8 10 2 10 10 10 10 10 2 2
left_child=5 2 4 12 9 20 19 13 10 -2 11 -6 -3 -8 -4 -12 29 18 -18 -5 21 -1 27 -24 -16 -26 -9 -22 -19 -17
right_child=1 3 14 6 8 -7 7 26 -10 -11 15 -13 -14 -15 24 16 17 28 -20 -21 22 -23 23 -25 25 -27 -28 -29 -30 -31
leaf_value=-1.1746109605852477 -1.0342555349951161 -1.1442006183740527 -1.0788746980685222 -1.0886686891188266 -1.0274641434343033 -1.02924284122404 -1.1400537535270714 -1.1746109605852477 -1.1721183095843302 -1.1740414785213678 -1.1070324223381474 -1.1746109605852477 -1.0242119855190108 -1.027989667781271 -1.1746109605852477 -1.0236113522231007 -1.1193194292921658 -1.1746109605852477 -1.0255139165602549 -1.1745507182274602 -1.1743749012628244 -1.0352302254506032 -1.1746109605852477 -1.0345633319810594 -1.0288947374899375 -1.1746109605852477 -1.1213928617156563 -1.1340638376369876 -1.1213928617156563 -1.0375598667634938
leaf_weight=51.298336029052734 8.5497226715087873 6.5767097473144522 8.8785581588745099 7.5632162094116211 10.193900108337401 29.924029350280762 7.2343807220458975 46.036968231201172 20.058964729309082 87.799075126647949 11.838077545166014 12.495748519897463 90.758594512939453 46.036968231201172 455.7659854888916 1093.0491600036621 7.2343807220458975 18.414787292480472 219.99094104766846 829.98077011108398 1694.4892663955688 11.838077545166014 46.365803718566895 12.495748519897459 7.8920516967773429 49.982994079589844 6.5767097473144522 9.8650646209716779 6.5767097473144522 73.330313682556152
leaf_count=156 26 20 27 23 31 91 22 140 61 267 36 38 276 140 1386 3324 22 56 669 2524 5153 36 141 38 24 152 20 30 20 223
internal_value=-1.12556 -1.09923 -1.0722 -1.15357 -1.03938 -1.17 -1.16608 -1.1052 -1.03138 -1.16164 -1.02944 -1.1085 -1.03232 -1.04321 -1.17078 -1.02819 -1.02753 -1.04159 -1.0285 -1.17378 -1.17231 -1.14848 -1.17316 -1.14488 -1.17237 -1.15474 -1.16796 -1.17414 -1.16061 -1.02449
internal_weight=4989.09 3132.82 2092.05 1040.76 1569.53 1856.28 943.429 105.885 1473.18 96.3488 1453.12 22.6896 97.3353 53.2713 522.52 1430.43 1418.6 252.217 227.225 837.544 1826.35 63.1364 1763.22 58.8616 513.641 57.875 52.6137 1704.35 24.9915 1166.38
internal_count=15172 9527 6362 3165 4773 5645 2869 322 4480 293 4419 69 296 162 1589 4350 4314 767 691 2547 5554 192 5362 179 1562 176 160 5183 76 3547
is_linear=0
shrinkage=1


Tree=2
num_leaves=31
num_cat=0
split_feature=10 4 8 2 21 1 20 16 4 10 8 2 29 11 16 4 7 3 10 4 24 27 10 2 10 0 0 8 34 15
split_gain=5382.52 3397.04 205.214 168.934 105.549 68.8061 66.2149 58.2205 56.1874 106.187 43.0308 16.7245 15.731 20.9228 13.1026 66.3015 36.7198 7.97386 6.6268 7.86886 6.41256 3.8965 5.03607 3.76099 2.82713 11.7394 2.26328 1.45945 1.1203 0.84082
threshold=0.3904950767755509 0.47100174427032476 -0.33437740802764887 0.1320496276021004 0.2010101526975632 0.46151088178157812 0.21519411355257037 0.537365883588791 0.77238008379936229 0.50306022167205822 -0.038493262603878968 -0.13577233999967572 -1.4035562276840208 0.30813305079936987 0.53222206234931957 0.48833917081356054 0.3412527740001679 0.64419877529144298 0.39640861749649053 0.46402037143707281 0.14732921868562701 0.23105992376804355 0.29468216001987463 -0.11952506005764006 0.37975467741489416 0.38776870071887976 0.60789948701858532 -0.22999796271324155 0.70202451944351207 0.20413611829280856
decision_type=10 10 2 10 8 10 10 10 8 10 2 8 8 8 8 10 2 10 10 10 8 10 8 10 10 10 10 2 8 8
left_child=1 2 -1 6 7 -6 27 23 18 10 11 -10 13 -7 15 -14 17 21 19 -2 -16 22 -17 -3 28 -26 -9 -4 -22 -30
right_child=8 4 3 -5 5 12 -8 26 9 -11 -12 -13 14 -15 20 16 -18 -19 -20 -21 24 -23 -24 -25 25 -27 -28 -29 29 -31
leaf_value=-1.1095541516384755 -0.96244074485782471 -1.00657476689202 -0.98142311992629583 -1.1072555046575279 -0.96244074485782471 -1.1095541516384755 -1.1036696153672496 -1.0727757999433127 -1.021286107570085 -0.96244074485782471 -0.96244074485782471 -1.1095541516384755 -0.96769479509999079 -0.99186342621395485 -1.0627453403900866 -1.1095541516384755 -0.99046234614937723 -1.0535109490553705 -0.96276035809415761 -1.0359974482481502 -1.0903654464062167 -1.1088602204744158 -1.0507087889262152 -0.96244074485782471 -1.1095541516384755 -1.0359974482481502 -1.1095541516384755 -0.96262971519408758 -1.1031973994936326 -1.1094342268862378
leaf_weight=27.869655728340149 7.8170985579490644 6.7974770069122341 10.536089360713957 21.751926422119141 8.156972408294676 8.4968462586402875 8.4968462586402875 6.7974770069122341 6.7974770069122314 66.95514851808548 8.156972408294676 25.490538775920868 9.5164678096771222 6.7974770069122306 7.4772247076034581 7.8170985579490635 7.1373508572578421 7.1373508572578421 1095.0735458135605 6.7974770069122314 7.8170985579490662 216.15976881980896 6.7974770069122323 16.653818666934967 26.850034177303314 6.7974770069122306 10.875963211059569 529.18358498811722 55.059563755989075 2918.4967529177666
leaf_count=82 23 20 31 64 24 25 25 20 20 197 24 75 28 20 22 23 21 21 3222 20 23 636 20 49 79 20 32 1557 162 8587
internal_value=-1.05845 -1.08685 -0.977077 -0.970599 -1.10649 -1.10748 -0.965177 -1.02688 -0.966549 -1.00108 -1.06505 -1.09097 -1.10784 -1.05725 -1.10807 -1.09718 -1.10221 -1.10556 -0.963207 -0.996653 -1.10899 -1.10717 -1.08218 -0.975233 -1.10911 -1.09469 -1.09541 -0.962997 -1.10927 -1.10932
internal_weight=5156.57 3939.48 597.838 569.968 3341.64 3300.51 548.217 41.1247 1217.09 107.4 40.445 32.288 3292.36 15.2943 3277.06 254.566 245.049 237.912 1109.69 14.6146 3022.5 230.774 14.6146 23.4513 3015.02 33.6475 17.6734 539.72 2981.37 2973.56
internal_count=15172 11591 1759 1677 9832 9711 1613 121 3581 316 119 95 9687 45 9642 749 721 700 3265 43 8893 679 43 69 8871 99 52 1588 8772 8749
is_linear=0
shrinkage=1


Tree=3
num_leaves=31
num_cat=0
split_feature=13 7 5 5 16 30 10 16 1 20 1 12 16 6 10 28 7 12 10 1 14 23 35 9 11 5 7 13 23 10
split_gain=4660.19 1413.11 1236.95 242.072 229.655 154.919 104.406 239.13 78.5628 45.5578 45.4872 27.8267 27.1874 18.4073 8.81932 8.37077 21.758 86.3141 52.2655 12.0336 6.65906 5.03812 6.64113 3.5641 1.26499 1.14479 0.554068 1.7825 0.534869 0.526144
threshold=0.64658099412918102 0.31884554028511053 -0.32905659079551691 0.34040819108486181 0.80306494235992443 0.18791685253381732 0.27134813368320471 0.61002835631370556 0.42809705436229711 -0.427682414650917 0.52692323923110973 0.28564789891242987 0.63233521580696117 0.65527901053428661 0.32502411305904394 0.96254611015319835 0.3050737082958222 0.18839196115732196 0.32690635323524481 0.53281533718109142 -0.069820612668991075 0.26333415508270269 0.25891435146331793 0.32250013947486883 -0.063964851200580583 -0.28998737037181849 0.31109739840030676 0.52947863936424266 -0.39578923583030695 0.27292819321155554
decision_type=10 2 8 10 10 8 8 8 10 8 10 10 8 2 10 8 2 10 8 10 8 10 8 10 10 10 2 10 8 10
left_child=2 5 12 6 21 10 7 24 23 -7 -2 -11 -1 -6 28 29 17 18 19 -17 -10 -3 -23 -9 -4 -18 27 -27 -13 -8
right_child=1 4 3 -5 13 9 15 8 20 11 -12 14 -14 -15 -16 16 25 -19 -20 -21 -22 22 -24 -25 -26 26 -28 -29 -30 -31
leaf_value=-0.011617343746882294 0.092744194022207377 -0.048269053082822262 -0.025939660290487054 0.089469495787149245 0.0019843055237618646 -0.029942412069924953 -0.035104286421624518 -0.048696919005767281 0.049130687324458577 -0.011579660688912028 -0.048586150679230854 0.077915312012604945 0.091756994045905732 0.092290326691380528 0.047228289026197849 0.020866776303954587 -0.027794985620946695 -0.048095381512989699 -0.045079873435183528 0.091528723392912348 0.091199560434200966 0.019227078950146737 -0.048978826678953091 -0.0029639789343963029 -0.048414046914480841 -0.018278739194705938 -0.048449451072762273 -0.04851293595306802 0.091852863848403798 -0.048436230733806124
leaf_weight=6.5867874026298523 7.2522144913673392 256.37089446187019 6.5157386958599082 34.245163798332214 6.6920115351676932 7.8407765626907349 7.4254638254642478 12.305929124355318 11.503868103027342 6.5892757773399344 26.484123647212982 6.9188377857208252 185.03868871927261 35.991893440485001 11.19895166158676 8.4035893380641955 7.1412247121334067 120.58264365792274 14.207481026649473 21.287392616271973 51.595739156007767 6.5633738338947278 7.8225595951080322 6.5159973204135886 160.20442077517509 6.5170947611331966 393.76111447811127 19.347412586212158 1351.0273593068123 2196.4401178359985
leaf_count=20 21 796 20 99 20 24 23 38 34 20 82 20 534 104 33 25 22 374 44 62 149 20 24 20 498 20 1223 60 3897 6824
internal_value=6.73623e-05 0.0664114 -0.0350514 -0.0427248 -0.0296603 0.0876579 -0.0442121 -0.0131637 0.0567876 0.0902391 -0.0182047 0.0909241 0.0882037 0.0781321 0.0914174 -0.0469741 -0.0416913 -0.0262412 0.0337892 0.0715289 0.0835299 -0.0466534 -0.0178609 -0.0328645 -0.0475357 -0.047646 -0.0479838 -0.0408948 0.0917819 -0.0483913
internal_weight=5000.38 1730.75 3269.63 3078 313.441 1417.31 3043.76 248.642 81.9215 1383.58 33.7363 1375.73 191.625 42.6839 1369.15 2795.11 591.248 164.481 43.8985 29.691 63.0996 270.757 14.3859 18.8219 166.72 426.767 419.626 25.8645 1357.95 2203.87
internal_count=15150 5061 10089 9535 964 4097 9436 759 241 3994 103 3970 554 124 3950 8677 1830 505 131 87 183 840 44 58 518 1325 1303 80 3917 6847
is_linear=0
shrinkage=0.05


Tree=4
num_leaves=31
num_cat=0
split_feature=4 13 10 20 10 34 10 11 10 13 7 19 8 0 15 16 30 21 2 20 1 6 6 2 10 8 3 8 6 2
split_gain=2143.02 1602.85 2378.57 558.932 525.045 228.137 167.787 157.834 128.965 61.0108 47.5487 34.4268 28.7932 27.5978 26.9378 26.2655 20.3672 17.3738 23.8134 15.9893 70.6478 15.8048 14.2761 62.2775 11.1529 10.3358 51.2777 9.7222 5.79927 56.993
threshold=0.50915145874023449 0.66926905512809765 0.40597115457057958 -0.32311624288558954 0.27615544199943548 0.93526437878608715 0.33199745416641241 -0.72532442212104786 0.40137711167335516 0.5851026475429536 0.25929506123065954 0.92200756072998058 -0.64597627520561207 0.16429092735052112 0.31541584432125097 0.75416088104248058 0.19755434244871142 0.19621133804321292 -0.14055479317903516 -0.71777814626693714 0.48106607794761663 0.52825069427490245 0.83882308006286632 -0.17384706437587735 0.29514816403388983 -0.45265351235866541 0.50670307874679577 0.61683338880538952 0.82679662108421337 -0.1451584920287132
decision_type=8 10 8 8 10 10 10 10 10 8 2 10 2 10 8 10 8 8 10 8 10 2 2 10 10 2 10 2 2 10
left_child=5 2 4 11 9 19 16 24 14 -2 -9 -3 -12 -4 -8 17 -5 18 -14 20 -1 -10 -21 -24 -6 26 -19 28 -27 -30
right_child=1 3 13 6 7 -7 8 10 21 -11 12 -13 15 -15 -16 -17 -18 25 -20 22 -22 -23 23 -25 -26 27 -28 -29 29 -31
leaf_value=-0.048145556807669611 0.080914706501181821 -0.02609171947377395 0.039918957660652468 0.03946630170488679 -0.048413502358209147 0.088698141530020258 -0.0081226284863398068 -0.048281511758403041 0.035225298760994915 -0.046032022090370106 -0.013567854729911726 0.092659211308444817 0.096750245862452039 -0.04651782033018885 0.089769953092196972 -0.0077586838939832994 -0.04813673616726509 -0.048289666990199182 -0.034878500610799355 -0.047705223411190337 0.085943000624296606 -0.048215330188245496 0.093700586649487203 -0.046116279622248575 0.025665717217012121 0.091563031666563641 0.086708606639425645 0.038391991562768291 0.093892247954586394 -0.039794043574608133
leaf_weight=47.925163686275482 10.581007868051527 6.5300440788269034 9.4067778289318067 6.6905517280101776 21.867138564586643 32.020007312297821 8.3310614824295026 6.412007898092269 6.5259746313095084 89.705338448286057 6.9235813915729514 93.387734532356262 7.1120122075080872 504.4794514477253 44.914184272289276 7.034641981124877 797.30607065558434 8.0164643824100477 6.647857189178465 1648.8928864896297 12.355834156274794 43.526069581508636 9.6258562803268415 46.142332136631012 6.6187054812908164 1341.9500171840191 57.404417008161545 8.8982762396335584 63.197885632514954 9.1232763528823835
leaf_count=150 31 20 28 20 68 93 25 20 20 280 21 271 21 1577 131 21 2492 25 20 5155 36 136 28 144 20 3893 167 26 184 27
internal_value=5.84961e-05 0.0247693 0.0490076 -0.0273401 0.0782395 -0.0435692 -0.0397006 0.0854078 0.0202864 -0.0326381 0.0875892 0.0848983 0.0881637 -0.0449356 0.0744531 0.0886304 -0.0474077 0.0890817 0.033156 -0.0459688 -0.0206613 -0.037336 -0.0468637 -0.0219832 -0.0312011 0.0895987 0.0701664 0.0904919 0.0908197 0.0770278
internal_weight=4969.55 3172.59 2165.38 1007.21 1651.49 1796.96 907.294 1551.21 103.297 100.286 1522.72 99.9178 1516.31 513.886 53.2452 1509.38 803.997 1502.35 13.7599 1764.94 60.281 50.052 1704.66 55.7682 28.4858 1488.59 65.4209 1423.17 1414.27 72.3212
internal_count=15150 9544 6429 3115 4824 5606 2824 4513 312 311 4425 291 4405 1605 156 4384 2512 4363 41 5513 186 156 5327 172 88 4322 192 4130 4104 211
is_linear=0
shrinkage=0.05


Tree=5
num_leaves=31
num_cat=0
split_feature=10 4 2 2 21 1 20 16 4 10 6 6 5 9 23 15 18 10 17 29 10 8 8 15 9 10 6 24 4 0
split_gain=4758.71 2992.17 161.454 175.909 103.812 62.2 59.0511 44.9989 43.6039 90.2761 53.6784 16.6585 98.4044 25.0281 14.3428 9.55779 56.4167 5.11674 7.47401 2.77858 2.58249 2.34953 1.53346 0.872621 9.54864 0.606529 0.301402 0.992299 0.175499 1.0045
threshold=0.3904950767755509 0.47100174427032476 0.1320496276021004 -0.19397600740194318 0.19621133804321292 0.46151088178157812 0.29036998748779302 0.537365883588791 0.77238008379936229 0.50306022167205822 0.41338542103767401 0.8088805377483369 0.15244340151548388 0.68639570474624645 -1.4784118533134458 0.20413611829280856 0.2905085980892182 0.39640861749649053 0.10603213310241701 -1.4035562276840208 0.47821605205535894 0.056779757142066963 -0.23390570282936093 0.25410121679306036 0.60865673422813427 0.40137711167335516 0.8029293715953828 0.36842752993106848 0.45912387967109686 0.57396996021270763
decision_type=8 10 10 10 8 10 10 10 8 8 2 2 10 10 8 8 10 10 8 8 10 2 2 8 10 10 2 10 10 10
left_child=1 2 3 -1 7 -6 22 21 17 10 -10 14 13 -13 -7 16 -16 18 -2 -17 -12 -3 -5 24 -21 -19 -25 -28 -24 -30
right_child=8 4 -4 6 5 11 -8 -9 9 -11 20 12 -14 -15 15 19 -18 25 -20 23 -22 -23 28 26 -26 -27 27 -29 29 -31
leaf_value=-0.049830221629328188 0.089991808002276019 0.054155220118495301 -0.049843270951963302 0.065871668997485144 0.087575871417802834 0.025484903173835938 -0.049901898635651941 -0.038339875933096811 -0.050016278597029534 0.087807536675369585 0.04817481820423275 -0.020669800503874583 -0.049445278229836173 0.093165821914988178 0.075510013922543029 -0.020591988150942798 -0.049787912830216274 0.076785903508145514 0.019817403395282238 -0.049695664843368292 0.090239068422274693 0.088718865568635369 0.087663014069965906 -0.049626904528131316 0.0039480900225796903 0.087481352283966515 -0.049774643225209192 -0.027575504050836509 0.087595327361768033 0.067063683743714284
leaf_weight=25.239577680826187 8.3919827044010145 6.9978360831737545 25.248869895935059 8.4064182043075544 8.4869630336761457 6.4921574294567108 7.9832810163497916 12.701722383499144 25.330404192209244 71.709369540214539 6.9465371966361982 6.7095099687576321 124.59598192572594 17.222962200641632 10.616550862789152 8.3838666677474976 58.414504706859589 13.413561493158339 6.925731509923934 91.758506149053574 7.6861528158187866 16.533560276031494 498.06003391742706 2854.8336642682552 9.1200186908245069 1124.3266933858395 20.569814711809162 6.6650827825069419 38.541642993688583 7.0463008880615225
leaf_count=76 24 20 76 24 24 19 24 38 76 203 20 20 375 50 31 25 176 38 20 277 22 47 1409 8618 27 3180 62 20 109 20
internal_value=-0.000122199 -0.0276352 0.0739514 0.0792919 -0.0466595 -0.0476054 0.0851111 0.0375023 0.0840796 0.0542473 -0.00597284 -0.0479622 -0.0316086 0.0612518 -0.0487542 -0.0489117 -0.0305179 0.0869688 0.0582632 -0.0493362 0.07027 0.0784402 0.0870635 -0.049417 -0.044846 0.0873553 -0.049577 -0.0443419 0.0873912 0.0844219
internal_weight=5135.36 3870.63 610.526 585.277 3260.1 3223.87 560.038 36.2331 1264.73 111.672 39.9631 3215.38 148.528 23.9325 3066.85 3060.36 69.0311 1153.06 15.3177 2991.33 14.6327 23.5314 552.054 2982.95 100.879 1137.74 2882.07 27.2349 543.648 45.5879
internal_count=15150 11567 1738 1662 9829 9724 1586 105 3583 321 118 9700 445 70 9255 9236 207 3262 44 9029 42 67 1562 9004 304 3218 8700 82 1538 129
is_linear=0
shrinkage=0.05


Tree=6
num_leaves=31
num_cat=0
split_feature=13 7 2 16 2 30 10 16 21 7 4 20 10 10 4 28 7 13 10 4 23 28 8 30 35 15 25 14 13 19
split_gain=4237.94 1203.59 1114.35 214.925 211.174 127.154 88.5728 202.014 66.999 61.1717 40.8447 28.835 16.2631 12.9984 8.23122 7.67642 20.4685 81.7538 54.0262 6.8442 5.28986 6.29412 3.92271 3.78315 4.77685 3.30171 2.42483 1.58997 0.779505 4.4156
threshold=0.64658099412918102 0.31884554028511053 0.32005520164966589 0.80306494235992443 -0.33588591217994684 0.18791685253381732 0.27134813368320471 0.61346331238746654 0.69649645686149608 0.23888121545314792 0.52961766719818126 -0.427682414650917 0.33405528962612158 0.32690635323524481 0.42838838696479803 0.96254611015319835 0.3050737082958222 1.0000000180025095e-35 0.32690635323524481 0.53119218349456798 0.26333415508270269 0.86740192770957958 0.53407454490661632 0.21738685667514804 0.85854449868202221 0.56302723288536083 0.83008605241775524 -0.11350556090474127 0.65301537513732921 0.83115532994270336
decision_type=10 2 10 10 8 8 8 8 10 2 10 8 10 10 10 8 2 10 8 10 10 8 2 8 8 10 10 8 10 8
left_child=2 5 4 20 27 10 7 25 -4 22 -2 -7 -5 23 -11 -8 17 18 19 -17 -3 -22 -9 24 -13 -6 -16 -1 29 -25
right_child=1 3 8 12 6 11 15 9 -10 14 -12 13 -14 -15 26 16 -18 -19 -20 -21 21 -23 -24 28 -26 -27 -28 -29 -30 -31
leaf_value=0.058467475241816141 0.085429383531548997 -0.046963327121237367 0.084452211467888672 0.085026744954219913 -0.047315005415086812 -0.011469393596845396 -0.047284740278003924 -1.5244900579684013e-06 -0.043431464462639222 0.022531492173507476 -0.04756042382904753 0.085690039465466189 0.0008527311623793242 0.01445341176835277 0.085059629006793383 0.028900085355901994 -0.046693274472743816 -0.047032327441789007 -0.047449420523594868 0.084099565556306835 -0.048005521685716784 0.02169247105493332 -0.047698034751932294 0.08442662522404544 0.027908829201930697 -0.011583039471084987 0.054288668811973917 0.084945789373908703 0.084097591295982252 0.040735743603375729
leaf_weight=7.0930306613445282 7.4943860769271842 250.1194988489151 197.09128710627556 38.604531407356262 160.81210198998451 8.0705458521842939 2147.1045553088188 6.9496849477291134 10.803227156400679 6.7823852300643912 25.14325413107872 7.4850784242153185 6.7402319908142081 6.8221710920333853 47.534096539020538 7.4816638231277492 424.67791569232941 123.1236626803875 14.415409713983534 22.514103531837463 6.6807850599288914 6.287817358970643 11.352432668209074 34.76261293888092 6.8506404459476471 6.735735446214675 7.3989193439483634 28.250925689935684 1373.8478884398937 6.9369189441204062
leaf_count=20 21 800 550 108 515 25 6873 21 34 20 80 21 20 20 133 22 1357 393 46 64 21 19 36 97 20 21 21 79 3831 20
internal_value=6.91284e-06 0.0618168 -0.0341661 -0.028021 -0.0418685 0.0805718 -0.0433062 -0.0146653 0.0778067 0.0506917 -0.0170228 0.0827764 0.0725148 0.0833059 0.0744989 -0.0458947 -0.0408548 -0.0260552 0.032101 0.0703315 -0.0453489 -0.0142125 -0.0295867 0.0836344 0.058078 -0.0458785 0.0809151 0.079632 0.0838932 0.0771584
internal_weight=5015.97 1785.85 3230.12 308.433 3022.23 1477.41 2986.88 247.565 207.895 80.0175 32.6376 1444.78 45.3448 1436.71 61.7154 2739.32 592.213 167.535 44.4112 29.9958 263.088 12.9686 18.3021 1429.88 14.3357 167.548 54.933 35.344 1415.55 41.6995
internal_count=15308 5103 10205 968 9621 4135 9522 767 584 231 101 4034 128 4009 174 8755 1882 525 132 86 840 40 57 3989 41 536 154 99 3948 117
is_linear=0
shrinkage=0.05


Tree=7
num_leaves=31
num_cat=0
split_feature=4 13 10 20 10 34 10 5 10 19 31 8 4 10 15 8 27 15 14 20 1 16 8 9 30 10 2 1 10 0
split_gain=1981.37 1421.16 2079.06 504.674 458.194 209.406 158.757 137.988 124.149 48.2413 43.1217 38.2391 27.7163 60.1123 24.7389 21.6978 21.5571 19.203 15.9149 14.5279 62.0438 9.685 9.7994 63.5725 8.17177 6.93084 6.7448 78.1744 5.06885 2.94897
threshold=0.50915145874023449 0.66926905512809765 0.40137711167335516 -0.28979294002056116 0.27502827346324926 0.93526437878608715 0.33405528962612158 -0.32905659079551691 0.40137711167335516 0.80677989125251781 0.96864593029022228 -0.78360220789909352 0.79337790608406078 0.50306022167205822 0.7079395353794099 0.64165687561035167 0.19953121244907382 0.31541584432125097 -0.012352593708783386 -0.71777814626693714 0.48106607794761663 0.74286562204360973 -0.45265351235866541 0.62703621387481701 0.21738685667514804 0.45343953371047979 -0.1709204167127609 0.51931357383728038 0.39640861749649053 0.72704827785491954
decision_type=8 10 8 8 10 10 10 10 10 8 8 2 8 8 10 2 8 8 10 8 10 10 2 10 8 10 10 10 10 10
left_child=5 2 4 10 9 19 24 14 17 -2 -3 -9 -4 25 -6 16 -13 -8 -10 20 -1 22 23 -18 -5 -14 27 -21 29 -24
right_child=1 3 12 6 7 -7 8 11 18 -11 -12 15 13 -15 -16 -17 21 -19 -20 26 -22 -23 28 -25 -26 -27 -28 -29 -30 -31
leaf_value=-0.047040847448760269 0.073412519859987341 -0.047924565984917018 -0.046792705446260498 0.0073426368120211756 -0.047482064144006575 0.081282730498320618 -0.004932997171954172 -0.048176769226776807 -0.04712171516229699 -0.045478542152628469 0.083330134257859803 0.016547866178476291 0.090650147779624934 -0.047191438881093249 0.061551112513225995 -0.0041618956331654225 -0.043779220744098429 0.086153321745036857 0.038118011971952602 -0.046325553232003103 0.078786750304141714 0.024181052645359274 0.083527561508953463 0.084936292216851728 -0.047075795392833526 0.032113773752932291 -0.046876000321117051 0.074593953223536444 0.044094034144433858 0.054473744301417729
leaf_weight=46.455992102622986 9.4620370566844922 6.667021632194519 455.06923559308052 6.9605861604213715 25.084780931472782 33.500224322080612 6.6439449489116669 5.7455315291881552 43.460980117321014 86.823028385639191 101.89206859469414 12.687835067510607 9.4095253646373767 38.245333224534988 6.5636256337165824 7.4351462423801413 11.449627846479414 44.826710164546967 6.2653581798076621 167.76442548632622 12.414992302656172 7.2119424045085898 1453.3411768972874 59.153196483850479 775.30961111187935 10.931475460529326 1502.6121438741684 14.523457467555998 8.2684054374694806 8.7866095006465894
leaf_count=150 27 21 1466 21 80 94 20 18 140 279 286 38 27 123 19 22 36 126 19 539 35 21 4073 166 2496 33 4842 42 24 25
internal_value=-0.000193372 0.0232706 0.0455398 -0.026467 0.0721474 -0.0425422 -0.0389682 0.0785001 0.0199617 -0.033795 0.0752693 0.0805784 -0.0426253 -0.0102554 -0.0248695 0.0810501 0.081456 0.0743957 -0.0363818 -0.0449211 -0.0205057 0.081988 0.0822585 0.0640626 -0.0465916 0.0591921 -0.0457741 -0.0366915 0.0831322 0.083353
internal_weight=4984.97 3207.69 2215.67 992.026 1702.01 1777.27 883.467 1605.73 101.197 96.2851 108.559 1574.08 513.656 58.5863 31.6484 1568.33 1560.9 51.4707 49.7263 1743.77 58.871 1548.21 1541 70.6028 782.27 20.341 1684.9 182.288 1470.4 1462.13
internal_count=15308 9606 6477 3129 4828 5702 2822 4522 305 306 307 4423 1649 183 99 4405 4383 146 159 5608 185 4345 4324 202 2517 60 5423 581 4122 4098
is_linear=0
shrinkage=0.05


Tree=8
num_leaves=31
num_cat=0
split_feature=10 4 2 2 21 16 20 4 10 6 29 6 4 16 6 2 9 24 10 0 3 7 15 18 7 8 10 13 12 2
split_gain=4267.45 2747.19 153.054 136.861 108.05 64.1671 46.8906 41.9276 86.7767 48.9147 26.1442 29.6919 12.1287 38.7825 7.23076 55.0066 9.85299 7.78323 4.08989 6.90513 3.22116 3.20223 2.6687 23.5251 2.66384 1.21236 0.980261 5.73557 0.462736 0.459381
threshold=0.3904950767755509 0.47100174427032476 -0.19397600740194318 0.1320496276021004 0.20643051713705066 0.537365883588791 0.29036998748779302 0.77238008379936229 0.50306022167205822 0.41338542103767401 -1.4035562276840208 0.663316309452057 0.47746372222900396 0.59814637899398815 0.81297564506530773 -0.13577233999967572 0.71770125627517711 0.15175556391477588 0.39640861749649053 0.50557330250740062 0.48174256086349493 0.32600305974483496 0.20413611829280856 0.30621926486492163 0.33594334125518804 -0.23390570282936093 0.37538909912109381 0.69129118323326122 0.64663138985633861 0.18038980662822726
decision_type=8 10 10 10 8 10 10 8 8 2 8 2 10 8 2 10 10 8 10 10 8 2 8 10 2 2 10 8 10 10
left_child=1 2 -1 6 5 21 25 18 9 -9 11 -6 13 -12 17 -16 -17 -14 19 -2 -11 -3 23 -19 -7 -4 -24 -28 -27 -20
right_child=7 4 3 -5 10 24 -8 8 -10 20 12 -13 14 -15 15 16 -18 22 29 -21 -22 -23 26 -25 -26 28 27 -29 -30 -31
leaf_value=-0.048687268155513788 0.017844302510821197 0.04370482752997118 0.062040209267541148 -0.046513652475151511 0.087098452752450067 -0.048866762256717565 -0.048732486896739209 -0.049189832613354162 0.081042068685340807 0.084004457763224835 0.082425871535899711 -0.049255196537105236 0.003529940239388801 -0.046555911198668511 -0.048181892049927767 0.0068883283361508398 0.086890541500182772 0.049517554673150783 0.080653658361332065 0.083513301425023209 0.037998021765528939 0.082057410355677513 -0.048218241173081842 -0.048567308041467507 -0.011098411629095761 0.080750040673929574 0.002964603237295364 -0.048536984256497141 0.06833739657255386 0.068621622053985046
leaf_weight=26.538194894790649 7.0006711483001736 7.1152700185775783 8.9551569521427137 22.672346025705338 7.7844656109809867 16.255263149738315 7.1291931867599478 26.838671237230301 75.536667466163635 8.2559893131256068 7.5847607553005219 8.1961407363414747 7.3775103986263293 25.162069857120514 107.06253173947334 6.804734379053115 8.8591724038124067 6.8843908011913291 1184.4354255199432 9.3487610518932325 7.0565583705902108 23.151328444480896 2861.3074312508106 54.571821004152298 6.5498163700103751 556.82259812951088 6.4209629595279685 34.199627220630646 7.6109779775142661 7.9864343106746665
leaf_count=82 20 20 25 70 22 50 22 82 208 23 21 25 22 78 331 20 25 20 3258 26 20 64 8885 169 20 1532 19 106 21 22
internal_value=0.000180391 -0.0266186 0.0688314 0.0740018 -0.0454299 0.0253181 0.0787085 0.0774588 0.0489696 -0.00850544 -0.0466249 0.0171653 -0.0469509 -0.0166814 -0.0472714 -0.0353781 0.0521359 -0.0477627 0.0802325 0.0553945 0.0628031 0.0730412 -0.0478904 -0.0375797 -0.0380194 0.0802931 -0.0481087 -0.040396 0.0805827 0.0805731
internal_weight=5151.47 3825.02 629.728 603.19 3195.29 53.0717 580.518 1326.46 117.688 42.1512 3142.22 15.9806 3126.24 32.7468 3093.49 122.726 15.6639 2970.76 1208.77 16.3494 15.3125 30.2666 2963.38 61.4562 22.8051 573.389 2901.93 40.6206 564.434 1192.42
internal_count=15308 11649 1752 1670 9897 154 1600 3659 333 125 9743 47 9696 99 9597 376 45 9221 3326 46 43 84 9199 189 70 1578 9010 125 1553 3280
is_linear=0
shrinkage=0.05


Tree=9
num_leaves=31
num_cat=0
split_feature=13 7 5 16 5 30 10 16 1 1 21 12 20 6 28 7 12 10 1 10 9 7 14 5 23 8 7 30 5 13
split_gain=3795.22 1064.35 1017.56 196.894 194.603 115.995 81.9825 186.764 52.5254 37.3186 30.4753 24.2095 23.1591 14.0072 7.84106 18.758 77.6691 40.7286 9.80627 5.90445 5.7199 4.57363 4.57059 2.21037 1.23194 0.859048 0.655786 1.75782 0.561084 0.520787
threshold=0.64658099412918102 0.31884554028511053 -0.32905659079551691 0.80306494235992443 0.34040819108486181 0.18791685253381732 0.27134813368320471 0.61002835631370556 0.43575842678546911 0.51602068543434154 0.65908443927764904 0.28030642867088323 -0.427682414650917 0.65527901053428661 0.96254611015319835 0.3064503967761994 0.18839196115732196 0.32502411305904394 0.53281533718109142 0.32502411305904394 0.33472259342670446 0.32240583002567297 -0.069820612668991075 -0.27188462018966669 -0.078454505652189241 -0.96868133544921864 0.31109739840030676 0.88318052887916576 -0.20744515210390088 0.64096337556839
decision_type=10 2 8 10 10 8 8 8 10 8 10 10 8 2 8 2 10 8 10 10 10 2 8 8 10 2 2 8 10 10
left_child=2 5 10 21 6 9 7 24 20 -2 -1 -7 -13 -5 29 16 17 18 -16 -14 -9 -3 -10 -17 -4 -6 27 -25 -23 -8
right_child=1 3 4 13 25 11 14 8 22 -11 -12 12 19 -15 15 23 -18 -19 -20 -21 -22 28 -24 26 -26 -27 -28 -29 -30 -31
leaf_value=0.078140194114875147 0.079075690805116894 -0.013960212422869404 -0.046282838593553297 0.00073507015972043089 0.078837854343779268 -0.019053177441364699 -0.046315001522648114 -0.046910769810619216 0.043511899374341155 -0.046583281957837515 -0.032899247070679441 -0.0093839217019844792 0.077909702379238194 0.078788859072408124 0.018181004083557276 -0.016536416516441829 -0.046019278095004966 -0.042707729607401726 0.081308791078021525 0.039685895791941643 0.011513180950273275 -0.031116538546396899 0.077605543672004784 -0.046612854068399982 -0.024031309430938636 0.059591082047236059 -0.046377208091534707 -0.01496211433060407 -0.046354593158895376 -0.032717624884132136
leaf_weight=197.39093589782715 7.6796161234378806 11.682391852140425 153.53056761622429 6.7257644534111014 28.54996120929718 6.5633587837219229 2079.1054793000221 11.704193502664568 12.315908789634703 25.619743376970291 6.3789092004299155 7.6845656335353851 1453.1669988036156 39.529864728450775 8.5559015870094317 6.5158822536468506 120.25352200865746 12.805842399597166 21.89361247420311 10.173762679100035 6.5248147547245017 6.1958514750003806 48.707305490970612 14.96130248904228 6.4829558134078971 7.2747620344161978 376.45498821139336 6.2066281139850643 241.70790612697601 7.065835863351821
leaf_count=538 21 37 508 20 78 20 6872 38 35 84 20 24 3959 108 25 21 396 42 61 29 20 20 133 49 21 20 1242 20 798 23
internal_value=-3.08382e-05 0.0574634 -0.0333734 -0.0275982 -0.0408898 0.0746821 -0.042324 -0.0142925 0.0484771 -0.0176034 0.0746642 0.0767618 0.0771893 0.0674395 -0.0448512 -0.039641 -0.0253515 0.0321068 0.0635707 0.077644 -0.0259987 -0.044533 0.0707247 -0.0454223 -0.0453813 0.0749295 -0.0458957 -0.0373326 -0.0459737 -0.0462689
internal_weight=4949.41 1816.73 3132.68 305.842 2928.91 1510.89 2893.08 239.266 79.2522 33.2994 203.77 1477.59 1471.03 46.2556 2653.82 567.648 163.509 43.2554 30.4495 1463.34 18.229 259.586 61.0232 404.139 160.014 35.8247 397.623 21.1679 247.904 2086.17
internal_count=15282 5120 10162 983 9604 4137 9506 755 226 105 558 4032 4012 128 8751 1856 524 128 86 3988 58 855 168 1332 529 98 1311 69 818 6895
is_linear=0
shrinkage=0.05


Tree=10
num_leaves=31
num_cat=0
split_feature=4 13 10 10 10 34 10 11 29 13 9 6 16 5 6 27 14 11 6 6 4 16 14 11 27 12 6 22 9 10
split_gain=1833.33 1309.37 1793.09 447.013 420.989 186.586 177.345 110.25 76.7818 62.2592 26.2038 89.2306 24.5189 23.9143 22.648 16.9938 12.0488 45.6902 11.8457 11.4089 53.8379 10.486 10.2148 9.74227 6.31282 27.4291 79.4857 16.5541 4.60807 4.57319
threshold=0.50915145874023449 0.67454206943511974 0.40137711167335516 0.33286279439926153 0.27674649655818945 0.93526437878608715 0.40137711167335516 -0.72532442212104786 -0.33610275387763971 0.63671869039535534 0.47280906140804296 0.59064516425132763 0.75416088104248058 0.34040819108486181 0.7091290056705476 0.17746780812740329 -0.60371661186218251 0.60257199406623851 0.37975841760635382 0.83882308006286632 0.49560140073299414 0.67673188447952282 -0.069820612668991075 0.72301253676414501 0.23816899955272677 0.70579499006271373 0.69899210333824169 0.72570094466209423 0.81449115276336681 0.3904950767755509
decision_type=8 10 8 10 10 10 10 10 8 8 10 2 10 10 2 8 8 10 2 2 10 8 10 10 10 8 2 8 10 10
left_child=5 2 4 8 9 16 14 18 -3 -2 -4 -12 13 15 -5 -9 17 -1 -6 28 -21 -10 -8 24 25 27 -27 -17 -18 -26
right_child=1 3 10 6 7 -7 22 12 21 -11 11 -13 -14 -15 -16 23 19 -19 -20 20 -22 -23 -24 -25 29 26 -28 -29 -30 -31
leaf_value=0.061907271957092141 0.074624116427704584 0.07681389530320222 -0.046107212171597758 0.077755111652248174 0.030001988948021363 0.07380348556480891 -0.046205158673245095 -0.0046054664801281004 0.017528856883326605 -0.043714283222498505 0.086507481826923846 -0.045317911579231457 -0.012850949575144446 -0.014990958651247645 -0.014854480545649551 0.0067912284793371974 -0.045777688952603784 -0.046247079105887122 -0.046698408237718779 -0.046079862048224042 0.073735364680185933 -0.045975859565866556 0.022126935431997546 0.020752135565579127 0.078057964484453679 0.074047679680637885 -0.048654056395331755 0.078317702759255439 -0.0049949773484644052 0.039110660525533615
leaf_weight=12.766192734241484 12.608846098184584 13.067550420761107 420.53242281079292 128.02287662029266 6.709219008684161 34.305654644966125 43.338369488716125 6.6090707778930682 6.557084798812868 93.785208165645599 17.020829856395721 52.220074653625488 7.9819305539131156 7.3494946360588065 6.9606747031211844 8.2987477481365186 1555.8484746217728 41.538671165704727 20.159728646278381 50.122371733188629 11.533040553331373 751.30463099479675 6.2590251863002768 8.016281992197035 1196.5574397444725 49.902940481901169 17.944706916809082 320.50652006268501 6.9573640227317801 7.5848801732063285
leaf_count=36 35 36 1400 351 20 94 144 20 20 310 48 173 24 23 21 24 5176 138 66 167 32 2496 19 23 3272 137 56 877 22 22
internal_value=0.000135252 0.0224291 0.043224 -0.0266204 0.0667236 -0.0416305 0.0432714 0.0729119 -0.0433544 -0.0296899 -0.0414144 -0.0129125 0.0745671 0.0749971 0.0729795 0.0754065 -0.0439894 -0.0208217 -0.0275462 -0.0447638 -0.0236677 -0.0454264 -0.0375819 0.0757352 0.0760105 0.0705398 0.0415949 0.0765124 -0.0455961 0.0778126
internal_weight=4922.37 3209.3 2253.79 955.51 1764.02 1713.07 184.581 1657.62 770.929 106.394 489.773 69.2409 1630.75 1622.77 134.984 1615.42 1678.77 54.3049 26.8689 1624.46 61.6554 757.862 49.5974 1608.81 1600.8 396.653 67.8476 328.805 1562.81 1204.14
internal_count=15282 9617 6530 3087 4909 5665 535 4564 2552 345 1621 221 4478 4454 372 4431 5571 174 86 5397 199 2516 163 4411 4388 1094 193 901 5198 3294
is_linear=0
shrinkage=0.05


Tree=11
num_leaves=31
num_cat=0
split_feature=10 4 8 11 21 20 16 1 4 10 9 23 24 21 10 16 4 7 3 30 8 10 14 26 4 10 13 0 8 5
split_gain=3776.87 2519.58 138.143 136.874 72.0255 59.0179 52.8045 31.0818 30.9902 72.5279 25.7206 13.6652 7.91106 17.3472 7.06311 5.39865 39.9487 10.7501 4.55953 14.2263 3.7381 2.37999 3.61357 2.17157 1.77354 1.30151 5.47411 0.481857 0.431356 0.39999
threshold=0.3904950767755509 0.47303721308708196 -0.32539874315261835 -0.25904378294944758 0.20643051713705066 0.2369065806269646 0.53828620910644542 0.4679811298847199 0.77238008379936229 0.48238991200923925 0.51976066827774059 -1.4784118533134458 0.1742365434765816 0.25446709990501409 0.50306022167205822 0.53484597802162182 0.48833917081356054 0.33803883194923406 0.61505019664764415 0.16463773697614673 0.056779757142066963 0.39640861749649053 -0.092879746109247194 -1.4881933331489561 0.53540474176406871 0.37975467741489416 0.78849801421165477 0.75428903102874767 -0.22999796271324155 -0.18125110864639279
decision_type=8 10 2 10 8 10 10 10 8 8 10 8 8 10 8 8 10 2 10 10 2 10 8 8 10 10 8 10 2 10
left_child=1 2 -1 -4 6 28 20 -6 21 10 -10 -9 13 -13 -11 16 -14 18 -18 -20 -3 22 -2 -17 -8 27 -27 -25 -5 -23
right_child=8 4 3 5 7 -7 24 11 9 14 -12 12 15 -15 -16 23 17 -19 19 -21 -22 29 -24 25 -26 26 -28 -29 -30 -31
leaf_value=-0.047798385109533131 0.07835024893843931 0.034572734449209226 -0.047649506974879616 0.064790760561055274 0.055903728652948251 -0.047478252454433795 -0.016958263571302166 0.028383898408790971 0.062473452146476142 0.031643657948478378 -0.046293868930640462 0.049884369785703618 0.073348269150600373 -0.047747171680883965 0.075348342437607005 -0.023561376867816022 -0.047186263669204503 0.011780525614521822 -0.047708162289825162 0.037463635494972079 0.077134179766577396 0.063721933511922346 0.028893674431779971 -0.047134860460837584 -0.047979926988996384 0.0046390465747279987 -0.047372030530646189 -0.03424877036385298 0.074974758789061832 0.074855058583559758
leaf_weight=26.834413826465607 7.6922653913497925 7.1704473793506649 24.563354939222336 10.586718022823332 7.5163321495056143 10.036040365695952 6.3882916867733028 6.1787531673908234 7.1698061227798489 10.466575413942335 22.467581540346146 6.8424206376075771 7.6387742757797232 13.578789591789244 79.170088827610016 9.931788444519043 210.12588509917259 8.70723709464073 17.981315314769748 6.7406288385391226 18.389824658632278 8.1227728724479658 7.104727774858473 2710.2576338946819 16.526497423648834 6.341043412685397 25.021340191364288 7.2741062343120566 582.53483784198761 1191.8458202183247
leaf_count=85 21 20 78 29 21 32 20 18 20 30 70 20 21 43 214 31 671 26 57 20 50 22 20 8676 52 19 80 23 1574 3219
internal_value=-0.000100986 -0.0258218 0.0632976 0.0680468 -0.0446841 0.0727585 0.0157836 -0.045647 0.072146 0.0478255 -0.0199811 -0.0458983 -0.0460498 -0.0150343 0.0702451 -0.0462602 -0.0392427 -0.0427739 -0.0447966 -0.0244854 0.0651944 0.0745339 0.0546038 -0.0468992 -0.0393316 -0.0469835 -0.0368561 -0.0471004 0.074793 0.0747797
internal_weight=5081.21 3747.17 654.555 627.721 3092.61 603.158 48.4751 3044.14 1334.04 119.274 29.6374 3036.62 3030.44 20.4212 89.6367 3010.02 251.194 243.555 234.848 24.7219 25.5603 1214.77 14.797 2758.83 22.9148 2748.89 31.3624 2717.53 593.122 1199.97
internal_count=15282 11666 1798 1713 9868 1635 142 9726 3616 334 90 9705 9687 63 244 9624 795 774 748 77 70 3282 41 8829 72 8798 99 8699 1603 3241
is_linear=0
shrinkage=0.05


Tree=12
num_leaves=31
num_cat=0
split_feature=13 7 5 5 13 12 1 10 4 13 30 2 21 26 28 7 12 10 2 10 22 1 5 6 7 2 7 19 12 10
split_gain=3425.42 920.478 903.704 188.478 104.91 104.819 92.7013 86.0392 165.013 52.447 38.7572 30.8604 26.3176 25.4544 8.74867 20.7955 81.1283 40.3671 7.92537 6.68367 6.33983 5.91967 2.26817 2.25117 1.00985 0.796172 0.617859 1.8804 0.483483 0.449106
threshold=0.64658099412918102 0.32018519937992101 -0.32905659079551691 0.34040819108486181 0.80839413404464733 0.27732557058334356 0.66580286622047435 0.27134813368320471 0.44826354086399084 0.59369555115699779 0.16192629188299182 -0.11952506005764006 0.6811276674270631 -0.42048276960849756 0.96254611015319835 0.3064503967761994 inf 0.32690635323524481 0.10460807383060457 0.32502411305904394 0.89907050132751476 0.53281533718109142 -0.27188462018966669 0.79185834527015697 0.32240583002567297 -0.36853554844856257 0.31109739840030676 0.92578372359275829 0.30020728707313543 0.27292819321155554
decision_type=10 2 8 10 10 10 10 8 10 8 8 10 10 8 8 2 8 8 10 10 8 10 8 2 2 8 2 8 10 10
left_child=2 5 12 7 23 -2 -6 8 11 -10 20 -4 -1 -12 29 16 -16 21 -13 28 -7 -18 -17 24 -3 -5 27 -24 -15 -9
right_child=1 4 3 25 6 10 -8 14 9 -11 13 18 -14 19 15 22 17 -19 -20 -21 -22 -23 26 -25 -26 -27 -28 -29 -30 -31
leaf_value=0.072931075074253671 -0.043773795105160843 -0.025898079756098809 0.063446461578752306 0.073598200012531687 0.074021366086700888 0.02279587887139857 -0.045740036869140827 -0.033530033334492657 -0.046039198831844333 0.073436927245663947 -0.0082410426708081387 -0.045482661904374055 -0.031504820484321384 0.060640935383036824 -0.045102753554755272 -0.01429248248769029 0.027991925725977859 -0.041779161870657951 0.010006684967604918 0.031365197819084631 -0.045715323146035998 0.076305292340071704 -0.045717192858283025 -0.013964264767775268 -0.045463673185375371 0.055335970400463633 -0.045437621603580808 -0.012420964654545954 0.072704865036271313 -0.045373917651465881
leaf_weight=196.15386322140694 20.128024786710739 6.8088260293006888 7.0852359831333152 31.21569961309433 41.182639211416245 6.4380697906017277 26.591420501470566 8.035922706127165 10.975508213043211 56.317962765693665 9.8587504923343641 154.52451246976852 6.2237411439418784 8.351997107267378 117.29055362939835 6.1286493539810181 8.6482193768024427 12.692710012197493 6.7144935429096213 9.8746509552001935 7.1012782454490671 23.75694951415062 15.680745720863344 6.0651681125164023 209.96118259429932 7.3789289593696585 363.8729453086853 5.8120072185993186 1478.2163241505623 2006.9676924049854
leaf_count=527 67 22 20 84 111 19 90 27 37 152 31 527 20 23 399 20 25 43 21 28 24 65 53 20 716 20 1242 19 3971 6865
internal_value=0.000123097 0.0541769 -0.0323676 -0.0396344 -0.0274407 0.069579 0.0270325 -0.0411446 -0.0122272 0.0539505 0.0710802 -0.038684 0.0697193 0.0718372 -0.0437969 -0.0382314 -0.0231886 0.0338058 -0.0431719 0.0723647 -0.0131377 0.0634115 -0.0444711 -0.0440085 -0.0448491 0.0701066 -0.044951 -0.0367133 0.0726371 -0.0453267
internal_weight=4876.05 1830.58 3045.48 2843.1 290.609 1539.97 67.7741 2804.5 235.618 67.2935 1519.84 168.324 202.378 1506.3 2568.89 553.883 162.388 45.0979 161.239 1496.44 13.5393 32.4052 391.494 222.835 216.77 38.5946 385.366 21.4928 1486.57 2015
internal_count=15288 5122 10166 9619 959 4163 201 9515 757 189 4096 568 547 4053 8758 1866 532 133 548 4022 43 90 1334 758 738 104 1314 72 3994 6892
is_linear=0
shrinkage=0.05


Tree=13
num_leaves=31
num_cat=0
split_feature=4 20 12 10 7 5 10 16 18 34 2 11 14 10 22 17 10 6 16 21 20 4 6 4 16 0 9 10 23 0
split_gain=1650.37 972.965 866.784 531.208 403.008 258.92 223.976 188.515 180.944 173.92 143.034 131.432 38.8235 34.5159 32.6144 21.5348 30.5754 19.8405 18.5555 42.5396 15.3179 49.873 15.1486 49.2621 10.7479 8.66051 7.70916 7.48753 7.374 6.89227
threshold=0.50915145874023449 -0.11247736215591429 0.35818232595920568 0.45343953371047979 0.28519406914711004 -0.18759165704250333 0.38288959860801702 0.6721758544445039 0.29565154016017919 0.93526437878608715 -0.33588591217994684 -0.66163748502731312 0.53466147184371959 0.31706482172012335 0.82063680887222301 -0.33068877458572382 0.37975467741489416 0.20922413468360904 0.46299192309379583 0.27590005099773413 -0.71777814626693714 0.48740535974502569 0.83882308006286632 0.49560140073299414 0.75106713175773632 0.6962033510208131 0.75172725319862377 0.29419134557247167 0.57861721515655529 0.6333010494709016
decision_type=8 8 10 8 2 10 10 10 8 10 10 10 10 10 8 8 10 2 8 8 8 10 2 10 10 10 10 10 10 10
left_child=9 6 3 4 14 7 10 -4 -7 20 -2 27 15 -9 -3 16 29 -5 19 -12 21 -1 -22 -24 25 -13 -19 -6 -20 -10
right_child=1 2 5 17 11 8 -8 13 12 -11 18 24 -14 -15 -16 -17 -18 26 28 -21 22 -23 23 -25 -26 -27 -28 -29 -30 -31
leaf_value=-0.045083346824125792 -0.040803222126431865 0.058312960279874308 0.071862387577154893 0.03365380915578596 -0.045954540126351626 0.065200959564612762 -0.045676723891927215 -0.045345003675693336 0.067885039700831623 0.068896205565430288 -0.049313751112102504 0.071702430221337349 0.063185443493203652 0.063115552275827685 -0.043069015640738784 -0.044979062098722655 -0.046047569755283208 -0.044966298534997701 0.072597605382529351 0.066642579038483973 -0.044705040810198216 0.060120909068217515 -0.045167875325074297 0.066294385524015703 0.010163244057905862 0.016213744201713495 0.0097676569882840132 0.012118099669824106 0.026277171220627622 0.0023603992791520903
leaf_weight=43.348160624504089 29.758169770240784 8.5835841596126539 102.55610448122025 8.8505455553531629 24.922587186098099 40.804722756147385 46.169592767953873 65.075994729995728 10.630911290645601 35.579996526241302 10.441508650779722 686.75532105565071 8.6288379430770856 8.2671151459217054 104.6364381313324 880.75124827027321 21.963981032371521 177.65510767698288 870.43862456083298 32.615723133087158 1517.7212934792042 15.220706343650816 40.021422624588013 13.176458507776259 7.3040638566017142 7.1046796143054953 6.6750077307224265 7.1409032046794882 8.6777266860008222 6.4469946622848502
leaf_count=150 101 24 277 27 84 112 157 223 29 96 32 1856 24 23 354 3029 74 611 2346 88 5223 42 138 36 22 21 21 22 26 20
internal_value=-0.000127593 0.0209728 0.00228762 0.0353407 0.0524151 -0.0277204 0.0618728 0.028089 -0.0378489 -0.0404619 0.0670891 0.0659723 -0.042378 -0.0331195 -0.0353829 -0.0433683 -0.00703067 -0.0394731 0.0705707 0.0385228 -0.0428497 -0.0177432 -0.0437858 -0.01756 0.0704991 0.0711343 -0.0429843 -0.0330211 0.0721404 0.0431492
internal_weight=4847.92 3182.86 2184.75 1039.63 846.448 1145.13 998.101 175.899 969.227 1665.07 951.932 733.228 928.422 73.3431 113.22 919.793 39.0419 193.181 922.174 43.0572 1629.49 58.5689 1570.92 53.1979 701.164 693.86 184.33 32.0635 879.116 17.0779
internal_count=15288 9603 6853 3042 2383 3811 2750 523 3288 5685 2593 2005 3176 246 378 3152 123 659 2492 120 5589 192 5397 174 1899 1877 632 106 2372 49
is_linear=0
shrinkage=0.05


Tree=14
num_leaves=31
num_cat=0
split_feature=10 4 2 11 20 21 10 14 34 29 17 4 10 0 10 16 4 7 3 2 7 15 24 28 28 34 17 33 7 15
split_gain=3380.95 2245.99 138.778 127.295 63.2172 52.9919 48.5119 96.708 46.9872 17.2173 23.8953 14.5826 42.1344 8.20004 17.5985 7.41116 44.7711 11.1672 5.19855 18.1584 5.15531 2.51005 2.11753 3.11354 1.19859 0.890374 0.882655 2.61016 0.610761 0.263015
threshold=0.38288959860801702 0.47519899904727941 -0.19397600740194318 -0.28255958855152125 0.2369065806269646 0.20643051713705066 0.40137711167335516 0.12617230415344241 0.76934763789176952 -1.4035562276840208 -0.96092015504837025 0.79337790608406078 0.50306022167205822 0.20543968677520755 0.45343953371047979 0.53944781422615062 0.49359235167503362 0.33907961845397955 0.61505019664764415 -0.15971363335847852 0.34378980100154882 0.21131415665149691 0.17129933834075931 0.87301060557365429 0.87695392966270458 0.70202451944351207 0.08415210992097856 0.13699119538068774 0.3412527740001679 0.20413611829280856
decision_type=8 10 10 10 10 8 8 8 8 8 10 8 8 10 10 8 10 2 10 10 2 10 8 8 8 8 10 10 2 8
left_child=1 2 -1 -4 26 8 7 -2 28 10 -7 -8 13 -13 -15 16 -11 18 24 -20 -9 -10 23 -17 -18 -24 -5 -28 -3 -27
right_child=6 5 3 4 -6 9 11 20 21 15 -12 12 -14 14 -16 22 17 -19 19 -21 -22 -23 25 -25 -26 29 27 -29 -30 -31
leaf_value=-0.046671942306370402 0.072962024359360389 0.055773752618690109 -0.046706771133780918 0.070286646815190812 -0.046580927266755279 -0.047587991315574979 0.070234822440330621 0.0028318037939344533 -0.010716230832323478 0.059231708081368586 0.074194274952796679 -0.04314121259706509 0.07057810479762873 -0.032325619593749147 0.066617975152094916 -0.047044037765682743 -0.046185871819771983 0.021929935571544438 -0.046874216914752284 0.046157584141760438 -0.04767787853359795 -0.047481559302343601 -0.029524049656702651 0.00041861445647045848 -0.02398734826775974 -0.042399037122830184 0.035529895035160734 0.070880548732060955 0.073922002762687788 -0.04619565273215924
leaf_weight=30.240558087825775 49.756640911102295 7.3319799005985287 25.384801954030991 567.00040072202682 11.886817455291746 9.0949051976203936 1208.2362768054008 6.2568943798542014 6.4077123999595669 11.492531776428221 7.2299640178680411 8.7237251698970812 69.141962200403214 9.2143219411373156 8.7728354930877668 8.0403720736503566 227.75676673650742 6.7533043026924124 19.986884832382206 7.1113303303718558 26.228935986757278 16.851343423128128 8.0994407236576098 6.059305578470231 6.2476195394992819 46.447734415531158 7.305474221706393 18.306618094444275 12.607904106378554 2550.701358050108
leaf_count=99 134 20 83 1517 39 29 3231 19 20 32 20 27 185 29 24 26 751 20 65 21 84 54 26 19 20 152 20 49 34 8439
internal_value=3.66212e-06 -0.0254342 0.0579572 0.0629804 0.0675865 -0.0440429 0.0663967 0.0291519 0.0109294 -0.0448575 0.00634698 0.0687456 0.0499738 -0.00336126 0.0159319 -0.0451459 -0.0374042 -0.0415505 -0.0431924 -0.0224601 -0.0379495 -0.037353 -0.0459715 -0.0266471 -0.0455932 -0.0460761 0.0698765 0.0607973 0.0672488 -0.0461278
internal_weight=5004.68 3618.35 660.125 629.884 604.499 2958.22 1386.33 82.2425 43.1989 2915.02 16.3249 1304.09 95.8528 26.7109 17.9872 2898.7 279.348 267.856 261.103 27.0982 32.4858 23.2591 2619.35 14.0997 234.004 2605.25 592.612 25.6121 19.9399 2597.15
internal_count=15288 11555 1807 1708 1625 9748 3733 237 128 9620 49 3496 265 80 53 9571 909 877 857 86 103 74 8662 45 771 8617 1586 69 54 8591
is_linear=0
shrinkage=0.05


Tree=15
num_leaves=31
num_cat=0
split_feature=13 5 7 5 13 12 10 4 1 13 20 5 30 21 17 28 7 12 10 4 5 23 4 5 30 12 7 30 34 13
split_gain=3069.35 847.712 824.878 171.39 96.8075 87.4055 81.8656 148.067 80.2716 50.937 35.7526 33.2966 25.5631 17.652 15.8242 8.64489 20.9481 75.2921 42.846 4.74571 4.55575 2.09942 2.0023 1.12332 0.702781 1.11211 0.651423 1.7008 0.351647 0.32354
threshold=0.64658099412918102 -0.32905659079551691 0.32018519937992101 0.34040819108486181 0.80839413404464733 0.27228827774524694 0.27134813368320471 0.44826354086399084 0.66580286622047435 0.59369555115699779 -0.37043678760528559 0.19338279962539676 0.16192629188299182 0.65193399786949169 0.044408051297068603 0.96254611015319835 0.3064503967761994 0.18839196115732196 0.32690635323524481 0.53119218349456798 -0.10463348031044005 0.26333415508270269 0.63261190056800853 -0.26642239093780512 0.21738685667514804 0.35032132267951971 0.31109739840030676 0.038170954212546356 0.8259122669696809 0.61932373046875011
decision_type=10 8 2 10 10 10 8 10 10 8 8 10 8 10 8 8 2 10 8 10 8 10 10 8 8 10 2 10 8 10
left_child=1 13 5 6 21 -2 7 11 -6 -9 14 20 -12 -1 -7 -8 17 18 19 -17 -3 -4 24 -18 25 -14 27 -25 -26 -5
right_child=2 3 4 29 8 10 15 9 -10 -11 12 -13 22 -15 -16 16 23 -19 -20 -21 -22 -23 -24 26 28 -27 -28 -29 -30 -31
leaf_value=0.068570811636061255 -0.042824702956347112 -0.0011033945010854732 -0.044589754957761893 0.069231055472505673 0.069377294627489219 -0.046917646542683163 -0.044485200976999158 -0.045169106922503435 -0.044872909890272178 0.069106924085866162 -0.01374627154808486 0.074599387965651839 0.043302533453118713 -0.016889054265054073 0.051985258207193935 0.02820547896500223 -0.023163876679656692 -0.044238203422692982 -0.041290635966742741 0.074026100904687572 -0.04460948207808705 -0.02016108888774687 0.041881531153266788 -0.013061653336197375 0.057752638450968244 0.070501197427507198 -0.044576889399958575 -0.044852758972154995 0.068388105419064996 0.057602843177525224
leaf_weight=201.19841375946999 18.414218097925186 6.2755268812179565 207.92509740591049 30.32576459646225 40.407770305871964 9.7846763730049116 1944.828316628933 11.758020550012587 24.81573623418808 57.136685699224472 9.6027502417564374 6.2865444719791403 7.2123448848724383 6.229474961757659 6.8936558663845089 7.3200639188289633 6.5363242030143738 111.29188016057014 13.982318729162214 24.782238453626633 146.21688607335091 9.183530926704405 7.2499600648879996 6.013642072677615 7.8134308457374582 7.8477189838886261 349.39316883683205 14.004686325788496 1466.0030229687691 7.4518637955188742
leaf_count=537 63 20 735 81 108 32 6897 41 87 153 31 17 20 20 20 21 22 392 49 67 517 30 20 20 21 21 1236 49 3913 20
internal_value=5.39682e-05 -0.0314575 0.0510597 -0.038826 -0.0275089 0.0654562 -0.0403026 -0.0116095 0.0259083 0.0496038 0.0667659 -0.0381701 0.0675723 0.0660043 -0.0060381 -0.0429387 -0.0372994 -0.0219835 0.0317603 0.0635779 -0.0428191 -0.0435564 0.0680943 -0.0437108 0.0682219 0.0574756 -0.0440743 -0.0353025 0.0683317 0.0669373
internal_weight=4774.19 2951.03 1823.15 2743.6 282.332 1540.82 2705.83 227.674 65.2235 68.8947 1522.41 158.779 1505.73 207.428 16.6783 2478.15 533.324 157.377 46.0846 32.1023 152.492 217.109 1496.13 375.948 1488.88 15.0601 369.411 20.0183 1473.82 37.7776
internal_count=15260 10159 5101 9602 960 4141 9501 748 195 194 4078 554 4026 557 52 8753 1856 529 137 88 537 765 3995 1327 3975 41 1305 69 3934 101
is_linear=0
shrinkage=0.05


Tree=16
num_leaves=31
num_cat=0
split_feature=4 13 10 10 10 34 10 2 13 23 14 7 16 8 0 14 1 10 0 27 8 9 28 9 11 6 4 8 6 30
split_gain=1498.13 1047.62 1412.84 378.725 355.025 164.665 124.045 73.6416 69.2534 66.1146 38.4109 29.1529 28.3288 21.8568 20.1446 12.3032 46.5832 21.3274 15.285 11.6935 7.70422 45.4218 7.68462 7.12236 43.5227 7.03467 21.0875 4.64581 4.61183 40.3943
threshold=0.50915145874023449 0.67853048443794262 0.40597115457057958 0.33405528962612158 0.27867548167705541 0.93526437878608715 0.38288959860801702 0.36603349447250372 0.63671869039535534 -0.19988210499286649 0.19693709909915927 0.25929506123065954 0.77364090085029613 -0.78360220789909352 0.16429092735052112 -0.31504787504672999 0.52066552639007579 0.29049971699714666 0.57973140478134166 0.17746780812740329 -0.45265351235866541 0.56822785735130321 0.84974578022956859 0.47280906140804296 -0.035506220534443848 0.84339842200279247 0.48833917081356054 0.61683338880538952 0.83239436149597179 0.22225040942430499
decision_type=8 10 8 10 10 10 10 10 8 8 8 2 10 2 10 8 10 10 10 8 2 10 8 10 10 2 8 2 2 8
left_child=5 2 4 9 8 15 -5 11 -2 -3 -8 -6 13 -13 -4 16 17 -1 -19 -15 21 -21 -10 -16 -25 -17 -27 28 -22 -30
right_child=1 3 14 6 7 -7 10 -9 22 -11 -12 12 -14 19 23 25 -18 18 -20 20 27 -23 -24 24 -26 26 -28 -29 29 -31
leaf_value=-0.043378806058244158 0.062320386391499984 0.068176936898169505 0.032778471708713189 0.066963568487204306 -0.046975439431912 0.064802804867084021 -0.04493261372978636 -0.041967526776061172 0.012249088630978996 -0.044167091796688179 0.079484717033732749 -0.045566250662028192 -0.029409729327942627 0.00074269264034707374 -0.044319530747693105 -0.043846716471585528 0.064458931320653376 -0.044487154921831022 0.060361675407154251 -0.041947507581048864 0.067790700058693448 0.066863874420871508 -0.044543233493062981 0.075438873839420925 -0.044530855176660049 -0.044326801380123688 0.06565888791224414 0.031106138293199744 0.069722349093667521 -0.041370640636154372
leaf_weight=124.85359026491642 19.26495349407196 13.344882190227507 9.206379294395445 124.05462840199471 5.808760553598403 36.994086980819702 42.229384481906891 16.294554501771927 6.3505155742168418 702.10007214546204 7.2716403603553763 4.4034207463264456 7.8693839609622946 6.8411112427711513 392.54332163929939 1382.1728634685278 12.399287402629851 5.6288692355155936 9.0882976949214918 11.267925620079039 1493.8802529573441 64.437751889228821 95.975681602954865 9.0053502321243268 47.096885174512863 16.782731711864475 5.8866840600967398 8.9643570184707624 60.246356755495071 9.4685087502002698
leaf_count=444 52 36 27 333 19 99 148 57 20 2499 20 15 25 21 1404 4933 34 20 25 38 3996 173 340 25 167 60 16 25 161 28
internal_value=6.44372e-05 0.0200095 0.038036 -0.025998 0.0578741 -0.0394542 0.0402617 0.063813 -0.0246455 -0.0420716 -0.0266559 0.0648432 0.0652328 0.0656815 -0.0404355 -0.0419317 -0.0284173 -0.0366683 0.0202602 0.0659775 0.0662483 0.0506685 -0.0410186 -0.0419379 -0.0252737 -0.0433936 -0.0157663 0.0669983 0.0672041 0.054634
internal_weight=4751.73 3157.93 2268.93 889.001 1811.07 1593.81 173.556 1689.48 121.591 715.445 49.501 1673.19 1667.38 1659.51 457.852 1556.81 151.97 139.571 14.7172 1655.11 1648.27 75.7057 102.326 448.646 56.1022 1404.84 22.6694 1572.56 1563.6 69.7149
internal_count=15260 9629 6593 3036 4970 5631 501 4558 412 2535 168 4501 4482 4457 1623 5532 523 489 45 4442 4421 211 360 1596 192 5009 76 4210 4185 189
is_linear=0
shrinkage=0.05


Tree=17
num_leaves=31
num_cat=0
split_feature=10 4 8 2 21 23 34 29 4 10 6 34 6 2 4 15 18 16 26 26 6 10 8 10 0 10 14 24 16 28
split_gain=3048.3 2069.14 125.939 115.101 49.2109 43.4252 33.825 32.2615 24.2252 53.5346 44.076 12.1284 39.2655 29.2015 8.2023 6.88784 36.9425 6.70576 3.99927 1.99242 1.09561 0.885853 0.748685 0.645169 0.559212 0.540511 1.17665 0.485796 0.418147 4.41201
threshold=0.3904950767755509 0.47519899904727941 -0.33437740802764887 0.1320496276021004 0.19621133804321292 0.34197710454463964 0.77477005124092113 -1.605890095233917 0.75385913252830516 0.49717544019222265 0.46676801145076757 0.72935432195663463 0.80477467179298412 -0.1451584920287132 0.50967630743980419 0.20413611829280856 0.26075486838817602 0.46668364107608801 0.13295915722846988 -1.4881933331489561 0.25266370177268987 0.42965696752071386 -0.22999796271324155 0.38651803135871893 0.75428903102874767 0.39640861749649053 -0.096865464001893983 0.14732921868562701 0.53828620910644542 0.88564938306808483
decision_type=8 10 2 10 8 10 8 8 8 8 2 8 2 10 10 8 10 8 10 8 2 10 2 10 10 10 8 8 8 8
left_child=1 2 -1 5 6 18 -3 -6 25 10 -10 12 14 -14 -9 16 -13 -17 22 -19 -11 -12 -4 24 27 26 -2 -21 29 -29
right_child=8 4 3 -5 7 -7 -8 11 9 20 21 15 13 -15 -16 17 -18 19 -20 23 -22 -23 -24 -25 -26 -27 -28 28 -30 -31
leaf_value=-0.045849980152932984 0.069674900975827098 0.06668702722613512 0.052955514502581215 -0.04391999198430608 0.070551445144227939 -0.045848141271950256 -0.039611823865361523 0.011760024932462594 -0.045023792299561105 0.046445344396259997 0.048289407320569411 0.060944231728097389 -0.046439942133919263 0.077963617324681295 -0.045470669138591914 0.0028178340968663968 -0.04560385430571863 -0.016820451216833506 0.028880356937527187 -0.031050689122612548 0.066674348532489061 0.071685148496639525 0.066276759636433355 -0.032312001017940926 -0.029788374379488638 0.066116739036663458 0.042061571307359498 -0.044297708780336661 -0.04526386552818655 -0.0007898559139290144
leaf_weight=29.628862231969833 8.2211231887340528 17.188583105802536 10.741367787122725 25.76363405585289 6.1866096556186676 8.8717354536056501 13.254842698574068 6.7333925664424887 25.197069078683853 7.2818109989166251 7.6742371320724514 9.8306714594364148 7.2567467093467739 13.478948175907133 89.166374355554581 7.3749194443225861 47.173931241035461 6.2909113764762878 7.3313052058219901 6.1605770885944393 82.836863577365875 8.557958632707594 584.38919904828072 9.9933161437511426 5.9962927699089041 1203.9946191906929 7.2689926922321311 146.44547584652901 2482.0444479584694 6.0683993995189658
leaf_count=100 22 46 29 87 17 30 43 20 82 20 21 28 24 37 304 23 160 20 21 20 221 23 1559 33 20 3211 20 497 8503 19
internal_value=-0.000115107 -0.0244568 0.0549179 0.0596042 -0.0428282 0.0639671 0.0204053 -0.0435036 0.0637983 0.043413 -0.0036304 -0.0437517 -0.0279624 0.0344269 -0.0414523 -0.0444269 -0.0272292 -0.044794 0.0655842 -0.0449259 0.0650398 0.0606241 0.0660363 -0.0449924 -0.0450403 0.0659973 0.0567169 -0.0450749 -0.0451077 -0.0425666
internal_weight=4898.4 3547.37 666.726 637.097 2880.64 611.334 30.4434 2850.2 1351.03 131.548 41.4293 2844.01 116.635 20.7357 95.8998 2727.38 57.0046 2670.37 602.462 2663 90.1187 16.2322 595.131 2656.71 2646.72 1219.48 15.4901 2640.72 2634.56 152.514
internal_count=15260 11640 1826 1726 9814 1639 89 9725 3620 367 126 9708 385 61 324 9323 188 9135 1609 9112 241 44 1588 9092 9059 3253 42 9039 9019 516
is_linear=0
shrinkage=0.05


Tree=18
num_leaves=31
num_cat=0
split_feature=13 5 7 5 16 12 10 16 1 16 11 10 11 6 28 7 13 10 6 14 30 23 23 25 11 26 5 7 14 12
split_gain=2795.04 765.169 740.902 155.064 150.935 94.4576 64.0744 140.673 41.9969 32.6442 19.0953 12.4495 11.2835 9.5589 8.77669 20.5581 72.465 36.0605 5.71607 4.6577 4.56192 3.58854 3.04618 5.94137 2.15333 2.0512 1.17478 0.663879 1.75744 0.309436
threshold=0.6440052092075349 -0.32905659079551691 0.31884554028511053 0.32716438174247747 0.80306494235992443 0.27228827774524694 0.27134813368320471 0.60595834255218517 0.42809705436229711 0.64379185438156139 -0.60970196127891529 0.32690635323524481 0.40141937136650091 0.65527901053428661 0.96254611015319835 0.3064503967761994 0.64096337556839 0.32690635323524481 0.41338542103767401 -0.069820612668991075 0.17924896627664569 -0.5857337713241576 0.20356181263923648 0.92792463302612316 0.60257199406623851 0.26638458669185644 -0.26642239093780512 0.31109739840030676 -0.38827204704284662 0.31697973608970648
decision_type=10 8 2 10 10 10 8 8 10 8 8 10 8 2 8 2 8 8 2 8 8 8 10 8 10 8 8 2 10 10
left_child=1 10 5 6 22 -2 7 -3 24 12 -1 20 -7 -6 -8 16 -16 18 -18 -10 -11 -22 -4 -24 -9 -5 -17 28 -28 -23
right_child=2 3 4 25 13 9 14 8 19 11 -12 -13 -14 -15 15 26 17 -19 -20 -21 21 29 23 -25 -26 -27 27 -29 -30 -31
leaf_value=0.064871221512039431 -0.042473549084298456 -0.043390549147487016 -0.043586510896943216 0.035945300221981398 0.0003128050748396387 0.039542081603100604 -0.043712274401221309 -0.0065063110591420505 0.027373099727000496 0.029844338137881201 -0.024900559749704086 0.0019852598285536606 -0.045266276578719837 0.065409664078222338 -0.043849565388225646 -0.021174460892553044 0.020790504249058206 -0.040262390338887039 0.069144045618227276 0.065603057924975894 0.029244762095765899 0.058662246547753254 -0.044584530540053458 0.019878577422829394 -0.044019970985090813 0.065690016827589445 -0.011328266563397442 -0.043779587011660862 -0.044327470715850345 0.064700737863570321
leaf_weight=198.15416011214256 21.467018902301788 142.20389920473099 223.16524608433247 7.0674745440483093 6.5629618167877188 6.986656725406645 1871.9829273074865 6.0293627381324795 9.4326266944408399 9.5882359147071856 6.1061490178108206 8.0780984759330732 8.9410544633865339 40.071021646261215 106.27060130238533 6.125269740819931 7.9892731606960288 12.950555264949797 26.010732173919678 51.281398922204971 7.2063495218753815 21.526672184467316 9.5697187781333888 5.705473631620408 10.464792400598524 32.216798961162567 5.8340307772159603 332.6244004368782 13.082009285688398 1467.9101153314114
leaf_count=529 76 524 819 20 20 20 6896 20 27 28 20 24 31 107 389 21 23 47 70 137 21 58 34 18 38 86 20 1222 47 3919
internal_value=-1.38738e-05 -0.0310483 0.0480696 -0.0382578 -0.0260183 0.0616808 -0.0397463 -0.0138907 0.040443 0.0631419 0.0621876 0.0638909 -0.00806527 0.0562484 -0.042127 -0.0363184 -0.0209942 0.030738 0.057782 0.0596636 0.0642229 0.0644432 -0.042108 -0.0205068 -0.030307 0.0603388 -0.0428832 -0.0432614 -0.03415 0.0646135
internal_weight=4682.61 2845.83 1836.78 2641.57 285.074 1551.7 2602.28 219.412 77.2082 1530.24 204.26 1514.31 15.9277 46.634 2382.87 510.887 153.221 46.9506 34 60.714 1506.23 1496.64 238.44 15.2752 16.4942 39.2843 357.666 351.54 18.916 1489.44
internal_count=15311 10136 5175 9587 998 4177 9481 746 222 4101 549 4050 51 127 8735 1839 529 140 93 164 4026 3998 871 52 58 106 1310 1289 67 3977
is_linear=0
shrinkage=0.05


Tree=19
num_leaves=31
num_cat=0
split_feature=4 13 7 20 11 31 34 7 4 17 30 24 6 4 0 1 29 11 16 2 0 20 1 6 2 28 24 7 31 7
split_gain=1391.74 938.325 629.153 344.839 242.538 185.93 146.955 125.747 116.421 103.974 90.0639 68.6545 64.3362 62.1327 55.6809 50.4715 24.7252 23.5221 17.4321 17.306 15.973 13.1437 45.2276 14.5971 43.522 12.4995 42.2438 66.1419 17.2966 13.7466
threshold=0.50915145874023449 0.67246571183204662 0.37715122103691107 -0.33778379857540125 -0.68325266242027272 0.40071755647659307 0.93644854426383983 0.27668875455856329 0.63800022006034862 0.17816059291362765 0.65408030152320873 0.18666049838066104 0.40065430104732519 0.68275523185729992 0.41324502229690557 0.4884627908468247 -0.073763605207204805 0.025636618956923488 0.74548679590225231 0.29314318299293524 0.57267525792121898 -0.71777814626693714 0.48106607794761663 0.83882308006286632 -0.15655481815338132 0.90166029334068309 0.71912604570388805 0.30219084024429327 0.91068187355995189 0.35006345808506018
decision_type=8 10 2 8 10 8 10 2 10 8 8 10 2 8 8 10 10 10 10 8 10 8 10 2 10 8 8 2 8 2
left_child=6 2 4 -3 19 -6 21 10 -5 -4 20 17 -11 15 -15 -9 -16 -10 25 -2 -7 22 -1 -23 -25 29 -27 -28 -29 -17
right_child=1 3 9 8 5 7 -8 13 11 12 -12 -13 -14 14 16 18 -18 -19 -20 -21 -22 23 -24 24 -26 26 27 28 -30 -31
leaf_value=-0.043488605525314653 0.021301155954928139 0.061344558811041998 -0.042256641839496623 -0.042850238584055123 -0.042710141144566491 -0.019705875093936637 0.062205694657743074 -0.044353054812956864 0.026936201829188634 0.060640500139294243 -0.041755579183836572 0.061161060624740929 -0.038868940289982355 0.06658044689004565 -0.03383282316897223 0.064234361233887982 0.058451311823398668 -0.04387433852616919 -0.020234600229001854 -0.04393068739353078 0.064350484491189894 -0.0430135946111515 0.059964910324760479 0.061053586568496368 -0.043706200126686107 0.063057491030722043 -0.029094937151643657 -0.024668895837212622 0.060622848148937786 0.017205139692425341
leaf_weight=41.853032618761063 11.805508226156233 104.08508643507957 256.34808537364006 685.72764110565186 50.908240854740143 6.5930560231208792 35.193983644247055 11.557650715112684 16.880627751350403 46.562650740146637 56.571213006973267 44.518049478530884 24.944818466901779 32.16566213965416 41.4434954226017 1122.7341219186783 8.799169570207594 38.421398997306824 6.6546875834465018 73.283594161272049 39.586760222911835 1404.4215007424355 14.131748288869856 13.536003261804579 37.0537368953228 308.24344554543495 35.592118412256241 6.4946801364421844 70.117533981800079 15.756220042705534
leaf_count=156 37 281 949 2530 189 22 94 42 51 128 205 121 90 86 149 3004 24 141 21 268 106 5204 38 37 137 825 119 23 188 46
internal_value=-1.50327e-05 0.0192296 0.0365752 -0.0241749 0.0476218 0.0514934 -0.0387958 0.0542147 -0.0355062 -0.0273852 0.000538598 0.0149445 0.0259274 0.057538 0.0152142 0.0597495 -0.0176708 -0.0222598 0.060518 -0.0348802 0.0523498 -0.0411484 -0.0173747 -0.0420631 -0.0156762 0.0608627 0.0534954 0.0272267 0.0533924 0.0635835
internal_weight=4661.99 3115.8 2226.16 889.633 1898.31 1813.22 1546.19 1762.31 785.548 327.856 102.751 99.8201 71.5075 1659.56 82.4083 1577.15 50.2427 55.302 1565.59 85.0891 46.1798 1511 55.9848 1455.01 50.5897 1558.94 420.448 112.204 76.6122 1138.49
internal_count=15311 9645 6521 3124 5354 5049 5666 4860 2843 1167 333 313 218 4527 259 4268 173 192 4226 305 128 5572 194 5378 174 4205 1155 330 211 3050
is_linear=0
shrinkage=0.05


Tree=20
num_leaves=31
num_cat=0
split_feature=10 4 2 2 20 21 10 14 6 26 1 6 2 9 6 1 7 24 28 4 10 0 26 34 7 15 12 17 6 30
split_gain=2778.07 1863.56 107.986 100.337 48.1395 46.7851 39.3266 79.6359 31.4375 19.37 12.2903 9.84879 58.793 11.5187 7.88817 5.11715 4.9876 4.71414 5.70184 3.14512 28.3349 1.80449 1.59744 1.77799 0.917752 0.731443 14.674 0.654822 0.415359 1.82626
threshold=0.38288959860801702 0.47519899904727941 -0.19397600740194318 0.12881386280059817 0.20289138704538348 0.2010101526975632 0.40137711167335516 0.12617230415344241 0.78888249397277843 -1.6534873247146604 1.0000000180025095e-35 0.81101468205451976 -0.1451584920287132 0.71544480323791515 0.14389496296644214 0.47455196082592016 0.34378980100154882 0.1742365434765816 0.87510228157043468 0.79337790608406078 0.45343953371047979 0.60356077551841747 -1.4881933331489561 0.90562540292739879 0.33688920736312872 0.26174925267696386 0.29081995785236364 0.12578655779361728 0.8029293715953828 0.2588904350996018
decision_type=8 10 10 10 10 8 8 8 2 8 10 2 10 10 2 10 2 8 8 10 10 10 8 10 2 8 10 10 2 8
left_child=1 2 -1 4 27 8 7 -2 21 -7 -8 15 -13 -14 -12 -11 -9 18 -17 -16 -21 -3 23 -19 -10 26 -24 -4 -27 -30
right_child=6 5 3 -5 -6 9 10 16 24 11 14 12 13 -15 19 17 -18 22 -20 20 -22 -23 25 -25 -26 28 -28 -29 29 -31
leaf_value=-0.044871080263159044 0.064768527147799126 -0.012659328320788841 0.062915447979769668 -0.042957915738134039 -0.041436551278628719 0.038652998552694239 -0.025100653974264767 0.005384955533425953 0.046537536081515535 -0.0053943877862655202 0.022818566425342891 -0.044796244118585127 -0.0062496662074304696 0.075242695856640868 0.062762741600515051 -0.045148909417232479 -0.045869522425736553 -0.0068658301339014202 0.022298576520791112 -0.030754838022874861 0.062599313877845716 -0.046413728211344263 0.021505169375715064 -0.045471879118817532 0.069414971433038111 -0.04444278836202379 -0.044642427466188017 0.051716058402222598 -0.044658359396293722 -0.013729561498091786
leaf_weight=27.395057111978531 50.438793271780014 6.2670948207378414 567.53433722257614 24.318931818008423 11.323241293430327 7.2560839951038361 4.0894041061401358 5.8163240551948574 7.2493499517440823 8.6469079852104169 12.90672382712364 99.766193926334381 6.3698525130748775 13.582106143236159 1212.0551708042622 6.6534790694713601 25.80368834733963 6.0744812488555908 5.9227930009365091 9.063787102699278 78.745739609003067 10.752977818250654 8.8996388316154462 5.858818918466568 11.090251088142393 2383.2852216660976 144.76335969567299 13.35915622115135 24.066158026456833 5.95357418060303
leaf_count=96 135 20 1519 85 39 21 13 18 20 28 37 350 20 37 3244 23 88 20 18 30 211 36 28 20 30 8473 511 36 85 20
internal_value=2.8104e-05 -0.0243348 0.052264 0.0565801 0.0606676 -0.0421901 0.0593522 0.0257689 0.0149541 -0.042931 0.0614449 -0.0431487 -0.0291268 0.0492255 0.0617145 -0.0437943 -0.0364415 -0.0439224 -0.0133845 0.0621008 0.0529632 -0.0339848 -0.0440713 -0.02582 0.0603719 -0.0441562 -0.0408114 0.0626579 -0.0443692 -0.0385245
internal_weight=4805.31 3406.39 643.931 616.536 592.217 2762.46 1398.92 82.0588 35.3597 2727.1 1316.86 2719.84 119.718 19.952 1312.77 2600.12 31.62 2591.48 12.5763 1299.86 87.8095 17.0201 2578.9 11.9333 18.3396 2566.97 153.663 580.893 2413.3 30.0197
internal_count=15311 11535 1775 1679 1594 9760 3776 241 106 9654 3535 9633 407 57 3522 9226 106 9198 41 3485 241 56 9157 40 50 9117 539 1555 8578 105
is_linear=0
shrinkage=0.05


Tree=21
num_leaves=31
num_cat=0
split_feature=13 2 7 5 16 30 10 16 8 21 12 20 1 10 4 28 7 12 10 1 10 23 25 31 25 7 0 8 13 23
split_gain=2551.29 710.43 659.252 140.537 132.662 71.0955 62.1426 125.887 40.2901 34.7757 26.6527 17.1156 12.734 8.72869 7.49579 7.18714 17.2979 61.1749 30.7442 5.91678 4.40652 1.7571 3.36572 0.879329 0.6874 0.631881 1.83915 0.629416 0.593495 0.484175
threshold=0.64658099412918102 0.32005520164966589 0.32018519937992101 0.34040819108486181 0.80306494235992443 0.1836843937635422 0.27134813368320471 0.60595834255218517 0.48245188593864446 0.69649645686149608 0.26609988510608679 -0.427682414650917 0.58201491832733165 0.33405528962612158 0.42838838696479803 0.96254611015319835 0.3064503967761994 0.18839196115732196 0.32690635323524481 0.54473429918289196 0.32502411305904394 0.20356181263923648 0.92087444663047802 0.81866794824600231 0.82917702198028576 0.31109739840030676 0.65654677152633678 0.42366604506969457 0.64096337556839 -0.093284681439399705
decision_type=10 10 2 10 10 8 8 8 2 10 10 8 10 10 10 8 2 10 8 10 10 10 8 10 10 2 10 2 10 10
left_child=1 3 5 6 21 12 7 29 14 -3 -7 -12 -2 -6 -9 28 17 18 19 -17 -13 -4 -23 -16 -5 26 -18 -27 -8 -1
right_child=2 9 4 24 13 10 15 8 -10 -11 11 20 -14 -15 23 16 25 -19 -20 -21 -22 22 -24 -25 -26 27 -28 -29 -30 -31
leaf_value=-0.042923068942371495 0.036679316521903281 0.061632999468642424 -0.043045490573624334 0.06217858905740279 0.062248150460875111 -0.044860187339989838 -0.042976734320984616 0.0072710720162473515 -0.040722986587681143 -0.039416168234114597 -0.011383945249220907 0.061337898621447041 -0.0438119097230939 -0.00036314977952276692 0.062870309047335413 0.023170241323106223 -0.043684764988520725 -0.04271599802289569 -0.039473682370224493 0.068343984551324524 0.029745927400740668 -0.043730525547000992 0.0056717106143839595 0.044208898421654111 0.04517207487881314 -0.043062429374207629 -0.0094961837216037334 -0.025970552787247015 -0.026572453321681795 -0.028211787017796221
leaf_weight=129.53643481433392 6.5942692458629635 204.3179035782814 208.44103622436523 29.833942919969559 37.625107407569885 6.0025863945484152 1784.1050682663918 7.5003302097320548 13.537331998348234 8.8845559954643232 8.188044071197508 1485.5220096409321 19.28029277920723 6.5330665409564963 49.17592516541481 11.017182260751722 12.957163840532305 105.63490089774132 12.507933393120764 21.190623611211777 11.120428055524824 9.1700763702392543 5.5248351097106942 7.2421597242355338 7.4195044636726371 322.90694025158882 5.6484439671039572 5.4777673482894889 5.5307853519916526 5.8453332781791678
leaf_count=498 19 549 796 80 101 21 6839 23 50 32 27 3991 71 20 132 31 48 401 47 57 31 34 18 20 20 1233 20 20 20 21
internal_value=6.87535e-05 -0.0302402 0.0462759 -0.0376069 -0.0261974 0.0588819 -0.0390435 -0.013202 0.037636 0.0574221 0.0602893 0.0607087 -0.0232983 0.052985 0.0542318 -0.0414484 -0.0361313 -0.0219654 0.0270551 0.0528916 0.0611032 -0.0418674 -0.0251568 0.0604748 0.0587915 -0.0422694 -0.0333055 -0.0427773 -0.042926 -0.0422879
internal_weight=4554.27 2750.27 1804 2537.07 267.294 1536.71 2499.81 212.838 77.4557 213.202 1510.83 1504.83 25.8746 44.1582 63.9184 2286.98 497.341 150.351 44.7157 32.2078 1496.64 223.136 14.6949 56.4181 37.2534 346.99 18.6056 328.385 1789.64 135.382
internal_count=15270 10141 5129 9560 969 4160 9460 744 225 581 4070 4049 90 121 175 8716 1857 536 135 88 4022 848 52 152 100 1321 68 1253 6859 519
is_linear=0
shrinkage=0.05


Tree=22
num_leaves=31
num_cat=0
split_feature=4 13 10 10 10 34 10 2 23 13 9 6 16 6 7 8 26 1 6 2 14 27 34 27 18 6 22 8 9 2
split_gain=1300.28 852.236 1141.91 324.466 279.692 127.263 101.747 63.238 59.6577 55.8415 19.8783 60.588 18.0453 14.1311 12.5724 12.2102 10.9496 43.4579 15.4057 34.7495 10.6722 9.89578 6.47842 5.48815 20.805 50.9288 14.7169 6.5144 5.06263 4.05128
threshold=0.50915145874023449 0.67853048443794262 0.40137711167335516 0.33286279439926153 0.27867548167705541 0.93526437878608715 0.40137711167335516 0.36603349447250372 -0.19988210499286649 0.63671869039535534 0.47280906140804296 0.58424928784370433 0.75416088104248058 0.70736795663833629 0.26187233626842504 -0.74164596199989308 -0.60168141126632679 0.48106607794761663 0.83882308006286632 -0.17384706437587735 -0.012352593708783386 0.17746780812740329 0.86707115173339855 0.24494961649179461 0.16508317738771441 0.69899210333824169 0.7075515389442445 0.30109106004238134 0.80333301424980175 -0.24176982045173642
decision_type=8 10 8 10 10 10 10 10 8 8 10 2 10 2 2 2 8 10 2 10 10 8 8 10 10 2 8 2 10 10
left_child=5 2 4 8 9 16 13 12 -3 -2 -4 -12 14 -5 -6 -16 17 -1 28 -20 -8 -17 -11 24 25 27 -26 -23 -18 -27
right_child=1 3 10 6 7 -7 20 -9 -10 22 11 -13 -14 -15 15 21 18 -19 19 -21 -22 23 -24 -25 26 29 -28 -29 -30 -31
leaf_value=-0.04193668324599438 0.055149713987657611 0.061248519784138346 -0.042876771024262537 0.061347687018115576 -0.021675699815384038 0.057448591011696984 -0.042982312093239501 -0.040529363743922721 -0.04278069025619604 0.013181866104818167 0.068251131082588859 -0.042077648873263582 -0.020778614042315936 -0.011442509780847635 -0.031981646844387236 -0.000527187074409839 -0.042613852104751673 0.051876085848304568 0.063768349559999132 -0.040052686797214722 0.028658952296174892 0.062436208165167845 -0.043108795110777726 0.061449110919161901 -0.0095443102172325933 -0.0015133294988183986 0.061701678263455129 0.014695193398186441 -0.002969360910182673 -0.048589515986102283
leaf_weight=56.809520423412323 18.562716454267502 14.083293706178663 364.60140043497086 125.88863387703896 4.8125135898590079 33.943340748548508 35.157997518777847 16.221290588378906 643.07748132944107 5.4278757274150848 16.988020002841949 46.518067240715027 7.1150176823139182 7.0404931902885428 3.658668875694274 6.8456855416297939 1342.2844733595848 15.772118449211119 11.216332376003264 28.638090431690216 6.1003848314285269 51.376343131065369 87.654299467802048 1199.7478671371937 7.4062530994415274 6.6083254516124752 339.79749545454979 8.2998227477073652 8.1014719009399396 14.817658662796019
leaf_count=220 50 38 1406 338 15 91 135 61 2473 18 46 177 23 22 13 21 5179 43 30 109 18 138 334 3219 22 21 911 23 28 48
internal_value=-0.000118756 0.0186751 0.0349311 -0.0244695 0.0525796 -0.0382625 0.0362028 0.0577116 -0.0405513 -0.0240351 -0.0383802 -0.0125645 0.0586771 0.0574924 0.0590211 0.0592582 -0.0404834 -0.021551 -0.0414718 -0.0108341 -0.0323896 0.0594623 -0.0398263 0.0597146 0.0548559 0.032055 0.0601819 0.0557963 -0.042376 -0.03407
internal_weight=4534.57 3037.81 2206.46 831.348 1778.35 1496.77 174.188 1666.71 657.161 111.645 428.107 63.5061 1650.49 132.929 1643.37 1638.56 1462.82 72.5816 1390.24 39.8544 41.2584 1634.9 93.0822 1628.05 428.306 81.1021 347.204 59.6762 1350.39 21.426
internal_count=15270 9570 6546 3024 4917 5700 513 4515 2511 402 1629 223 4454 360 4431 4416 5609 263 5346 139 153 4403 352 4382 1163 230 933 161 5207 69
is_linear=0
shrinkage=0.05


Tree=23
num_leaves=31
num_cat=0
split_feature=10 4 8 5 10 4 21 16 29 20 11 4 10 6 16 4 1 3 30 24 34 11 29 4 8 7 15 30 34 0
split_gain=2488.35 1624.27 87.2959 82.3532 72.3182 119.519 68.2772 40.2294 27.2236 24.7975 18.5402 9.31258 31.2907 19.8084 8.35748 41.9285 11.0088 3.90213 13.6475 3.4567 2.10841 1.91608 1.80804 1.51024 1.16667 0.896947 0.806772 5.96982 0.560204 0.290448
threshold=0.37169821560382849 0.47100174427032476 -0.33437740802764887 -0.13230305165052411 0.40137711167335516 0.61265254020690929 0.20643051713705066 0.537365883588791 -1.605890095233917 0.21519411355257037 0.27961377799510961 0.81045770645141613 0.50306022167205822 0.41338542103767401 0.53828620910644542 0.49359235167503362 0.59599003195762645 0.61505019664764415 0.17331201583147052 0.15175556391477588 0.72068661451339733 -0.10851492360234259 -1.4035562276840208 0.5072980821132661 -0.22231695055961606 0.3333855420351029 0.20413611829280856 0.17331201583147052 0.70202451944351207 0.73183855414390575
decision_type=8 10 2 10 8 10 8 10 8 10 10 8 8 2 8 10 10 10 10 8 8 10 8 10 2 2 8 10 8 10
left_child=1 2 -1 -4 5 -2 7 20 -8 24 21 -6 13 -13 15 -10 17 23 -19 -16 -3 -7 -21 -17 -5 -9 27 -24 -28 -30
right_child=4 6 3 9 11 10 8 25 14 -11 -12 12 -14 -15 19 16 -18 18 -20 22 -22 -23 26 -25 -26 -27 28 -29 29 -31
leaf_value=-0.044234691837478329 0.061047342603731805 0.062848871614165885 -0.044298138322695864 0.039843902249352414 0.059715231241171597 -0.044520897892079879 0.065542918009666773 -0.044576569915442059 0.052464098910990492 -0.038240347314370482 0.049133101343673845 -0.046408054680773941 0.060253584842175995 0.055472549401530374 -0.0036901473783023486 -0.023868299797464101 0.027402333022650147 -0.044536175477568593 0.043447823419563762 -0.016643929352997733 0.032181643867154594 -0.013589552398186747 0.0095498201012540473 -0.043368010654200345 0.059882549531348687 -0.021226603268154148 -0.027710262602185634 -0.043996081131128406 -0.043565484694269678 -0.03544772364563599
leaf_weight=23.181242525577545 79.958296537399292 21.610025316476822 20.23116347193718 7.3642084300518027 1209.785758793354 48.92438068985939 5.8683903813362122 13.814006060361864 13.40543547272682 6.5536207854747763 6.3167381882667533 13.538373380899431 61.846053898334503 7.3671743273735038 5.5248658061027527 10.460379570722578 6.1779933869838706 15.967768907546999 6.0877828896045676 6.3507702052593231 7.5671916306018856 5.5775506198406211 6.0329498648643485 195.66835498809814 531.75918644666672 5.8563470244407645 5.6126016229391098 37.944492936134338 2274.2057758569717 11.072471410036085
leaf_count=84 216 58 73 20 3268 175 16 49 37 23 18 45 167 20 18 35 19 57 18 21 21 19 20 717 1436 20 20 138 8402 40
internal_value=4.82453e-05 -0.0242292 0.0508654 0.054761 0.0548987 0.0208674 -0.0409274 0.0176385 -0.0420276 0.0584337 -0.0319572 0.0586052 0.0423778 -0.010505 -0.0422709 -0.0335373 -0.0384566 -0.0402397 -0.0202508 -0.0431929 0.0548952 -0.0413555 -0.0432862 -0.0423785 0.0596088 -0.0376247 -0.0433586 -0.0366505 -0.0434874 -0.0435262
internal_weight=4671.63 3238.32 589.089 565.908 1433.31 140.777 2649.23 48.8476 2600.38 545.677 60.8187 1292.54 82.7516 20.9055 2594.51 247.768 234.362 228.184 22.0556 2346.74 29.1772 54.5019 2341.22 206.129 539.123 19.6704 2334.87 43.9774 2290.89 2285.28
internal_count=15270 11342 1636 1552 3928 428 9706 148 9558 1479 212 3500 232 65 9542 883 846 827 75 8659 79 194 8641 752 1456 69 8620 158 8462 8442
is_linear=0
shrinkage=0.05


Tree=24
num_leaves=31
num_cat=0
split_feature=13 2 7 5 16 10 16 30 21 10 1 12 20 6 9 28 7 12 10 1 23 32 10 4 5 23 31 7 13 13
split_gain=2315.75 648.108 590.338 124.458 118.644 64.0134 123.224 62.5428 31.3084 28.4004 26.1196 16.1184 15.5261 9.78946 8.49036 7.37685 18.1253 55.4151 26.1058 6.20014 4.12276 3.77833 3.33655 1.78823 1.38527 1.16047 1.14147 0.961173 4.16235 0.542994
threshold=0.64658099412918102 0.32005520164966589 0.31884554028511053 0.32716438174247747 0.80306494235992443 0.27134813368320471 0.61002835631370556 0.18791685253381732 0.69649645686149608 0.23206841200590136 0.52692323923110973 0.27732557058334356 -0.427682414650917 0.663316309452057 0.23773155361413958 0.96254611015319835 0.30354416370391851 0.18839196115732196 0.32690635323524481 0.53281533718109142 0.3566539734601975 -0.42118668556213373 0.32502411305904394 0.40839375555515295 -0.27188462018966669 -0.086072351783514009 0.81589946150779735 0.31109739840030676 0.43985685706138616 0.64096337556839
decision_type=10 10 2 10 10 8 8 8 10 10 10 10 8 2 10 8 2 10 8 10 10 10 10 8 8 10 10 2 10 10
left_child=1 3 7 5 20 6 25 10 -3 23 -2 -9 -13 -6 -11 29 17 18 19 -17 -4 -5 -14 -8 -18 -1 -16 28 -26 -7
right_child=2 8 4 21 13 15 9 11 -10 14 -12 12 22 -15 26 16 24 -19 -20 -21 -22 -23 -24 -25 27 -27 -28 -29 -30 -31
leaf_value=-0.042232966738948802 0.06288332842887169 0.058837547986028041 -0.042170150788268045 0.059675714005498703 -0.0074512501079314472 -0.042291217916058561 -0.04461145443676727 -0.027969537225691583 -0.038619781458000581 -0.0049616040610237205 -0.04345340991762367 -0.010965414484038129 0.058571694381913723 0.059423626860785554 0.060390697210238264 0.01113496535241584 -0.015210428791704643 -0.041943845190222852 -0.042585362653744969 0.06167552395322088 -0.0052636279007940391 0.018269684561115451 0.031220803700043338 -0.0074185873750749302 0.0041589941021214208 -0.018770572293388004 0.039466078393973376 -0.042386615026844973 -0.042768686593596894 -0.027079747065731349
leaf_weight=125.90873192250729 7.8346277177333858 200.98200356960297 206.95630396902561 31.766105055809021 6.4150206446647635 1714.6826725751162 7.519130110740659 5.474861115217208 8.5932043492794019 5.9541771560907355 21.965335577726364 8.1204839050769788 1456.9297922551632 37.239520579576492 50.946472018957138 8.0631870031356794 5.0487382709980011 88.740068838000298 10.171225845813749 24.526278913021088 7.8541289716958991 6.6655939519405356 11.236510246992109 5.6679519116878518 6.0100439935922649 5.5004651546478263 7.4737136363983145 313.98511758446693 22.102807447314262 5.8868213891983023
leaf_count=505 21 546 822 86 20 6853 27 19 32 20 83 27 3959 101 138 23 18 351 40 66 26 20 31 20 21 20 21 1249 86 22
internal_value=-2.28827e-05 -0.0295458 0.0442807 -0.0367743 -0.0255494 -0.0381989 -0.0117534 0.0562211 0.0548415 0.0382229 -0.0154967 0.0576634 0.057981 0.0495964 0.0519168 -0.0407118 -0.0352215 -0.0194127 0.0273454 0.0491709 -0.0408207 0.0524943 0.0583624 -0.0286256 -0.0412099 -0.0412509 0.0577138 -0.0415936 -0.0327364 -0.0422392
internal_weight=4426.22 2656.19 1770.03 2446.62 258.465 2408.19 208.971 1511.56 209.575 77.5614 29.8 1481.76 1476.29 43.6545 64.3744 2199.22 478.647 131.501 42.7607 32.5895 214.81 38.4317 1468.17 13.1871 347.147 131.409 58.4202 342.098 28.1129 1720.57
internal_count=15273 10164 5109 9586 969 9480 751 4140 578 226 104 4036 4017 121 179 8729 1854 480 129 89 848 106 3990 47 1374 525 159 1356 107 6875
is_linear=0
shrinkage=0.05


Tree=25
num_leaves=31
num_cat=0
split_feature=1 13 10 10 34 10 27 10 10 11 23 19 34 6 28 0 7 17 7 1 6 15 8 21 11 10 27 3 2 10
split_gain=997.159 837.201 686.173 284.365 275.174 261.519 126.905 106.3 80.4794 49.9071 48.6953 39.6664 35.504 25.4477 20.9934 19.8068 41.5794 18.4046 56.0518 38.3378 14.3559 14.1067 12.4837 11.2056 8.31156 7.91482 7.07744 23.4289 61.0839 11.0036
threshold=0.50950917601585399 0.67853048443794262 0.40137711167335516 0.32994285225868231 0.9029560685157777 0.27867548167705541 0.20541096478700641 0.38288959860801702 0.29267264902591711 -0.72532442212104786 -0.19988210499286649 0.80677989125251781 0.75015017390251171 0.50602737069129955 0.49120490252971655 0.39959244430065161 0.5401158630847932 -0.28566689789295191 0.27882134914398199 0.48649403452873236 0.7091290056705476 0.55284607410430919 -0.78360220789909352 0.1987651810050011 0.81779608130455028 0.29645329713821417 0.24494961649179461 0.54780623316764843 -0.044956991448998444 0.30839547514915472
decision_type=8 10 8 10 10 10 8 10 10 10 8 8 10 2 8 10 2 8 2 10 2 8 2 8 8 10 10 10 10 10
left_child=4 2 5 10 17 11 12 20 -6 25 -3 21 -7 -9 -11 16 -4 18 -1 -20 -5 -2 -16 -24 26 -8 27 28 -25 -30
right_child=1 3 15 7 8 6 9 13 -10 14 -12 -13 -14 -15 22 -17 -18 -19 19 -21 -22 -23 23 24 -26 -27 -28 -29 29 -31
leaf_value=-0.040768118880200516 -0.022908432781585161 0.056527310889758257 0.060670085216160644 0.059581841619130264 -0.041140368092878792 -0.042931935626424021 -0.043373241950171407 0.049404118111484686 0.056384315682022082 -0.042338395750879616 -0.042164748871441754 -0.039020325902968556 0.051899700682329436 -0.042595010586269119 -0.043410224426568847 -0.040633266328383627 -0.042507840540328572 -0.041883952781111761 -0.042249819397582426 0.046855959210971951 -0.018013821126364703 0.061034491122677739 -0.0026152246100206609 -0.028174760359069708 -0.036770887993105038 0.025335585141582559 0.058079345519698504 0.057429033735468864 -0.0073162607219241383 0.059751319311036555
leaf_weight=162.67353036999702 7.3739706128835678 12.746655926108359 15.718110948801039 120.16203153133392 26.551271513104439 44.420496240258217 14.569035306572916 8.985533267259596 104.06825317442417 5.5195928364992133 642.37085683643818 97.121088072657585 12.689314693212507 45.978999063372612 3.1936047673225394 259.11763291060925 25.778467655181885 1158.4707800298929 17.945056587457657 36.879694297909737 6.2717865258455268 15.578302234411241 8.2378737777471525 31.497455924749374 2.4182228446006766 5.8842011392116538 1126.537339836359 318.37799736857414 6.6771697402000418 72.74029141664505
leaf_count=652 27 35 43 325 105 173 56 25 286 22 2577 382 36 182 12 1036 102 4655 72 105 21 42 27 107 7 18 3060 866 20 197
internal_value=0.000223941 0.0173187 0.0343533 -0.0249044 -0.0327945 0.0461976 0.0513738 0.0304961 0.0365603 0.0539949 -0.0402445 -0.0250498 -0.0218612 -0.0275551 0.0550025 -0.0354972 -0.00342601 -0.0393783 -0.0260326 0.0176901 0.0557327 0.0340658 0.0553448 0.0555461 0.0558536 -0.0236064 0.0559976 0.0505347 0.0307447 0.0541125
internal_weight=4416.55 2909.97 2073.45 836.516 1506.59 1772.84 1652.76 181.398 130.62 1595.65 655.118 120.073 57.1098 54.9645 1575.2 300.614 41.4966 1375.97 217.498 54.8248 126.434 22.9523 1569.68 1566.49 1558.25 20.4532 1555.83 429.293 110.915 79.4175
internal_count=15273 9398 6233 3165 5875 5052 4601 553 391 4392 2612 451 209 207 4318 1181 145 5484 829 177 346 69 4296 4284 4257 74 4250 1190 324 217
is_linear=0
shrinkage=0.05


Tree=26
num_leaves=31
num_cat=0
split_feature=10 4 8 2 10 11 21 6 20 29 19 1 6 6 30 18 0 4 10 29 4 16 10 0 0 12 17 6 2 30
split_gain=2269.77 1478.84 84.0537 90.1849 63.703 107.128 48.2799 35.4054 33.8124 25.7543 17.1046 9.91074 7.13871 6.50656 44.9429 6.23933 3.14275 2.37604 22.3521 1.8304 1.54819 3.511 1.30113 1.25888 1.00205 0.532174 22.3303 0.501919 3.01909 0.472394
threshold=0.37169821560382849 0.47519899904727941 -0.24416866898536679 0.1320496276021004 0.40137711167335516 -0.21377491950988767 0.20643051713705066 0.78888249397277843 0.20289138704538348 -1.605890095233917 0.84417220950126659 1.0000000180025095e-35 0.14389496296644214 0.81945025920867931 0.25251063704490667 0.16508317738771441 0.41324502229690557 0.79337790608406078 0.45343953371047979 -1.4035562276840208 0.47942246496677404 0.64829769730567943 0.26445759832859045 0.59903711080551159 0.63769140839576732 0.29585236310958868 0.033459603786468513 0.8029293715953828 -0.12440372630953787 0.19755434244871142
decision_type=8 10 2 10 8 10 8 2 10 8 10 10 2 2 10 8 10 10 10 8 10 8 10 10 8 8 8 2 10 10
left_child=1 2 22 8 5 -2 7 23 -4 -8 16 -6 -13 15 29 -11 -7 -14 -19 -17 21 -21 -1 -3 -9 26 -22 -27 -29 -15
right_child=4 6 3 -5 11 10 9 24 -10 13 -12 12 17 14 -16 19 -18 18 -20 20 25 -23 -24 -25 -26 27 -28 28 -30 -31
leaf_value=-0.043957289020525758 -0.043641512724649625 -0.017043301908445455 0.057374235086333915 -0.043472845640829476 -0.023559762703737955 0.024655240068529163 0.063089090133139417 0.061465692290120715 -0.03912096061847576 -0.0010261144747364223 -0.025636312046027121 0.019825196176531994 0.057194185867567651 -0.043313064076260593 0.064825276643789259 -0.020481591130043313 0.059356089957679048 -0.02879026694560953 0.05704892282624216 0.0041881373523900292 0.055174727135090931 -0.042993117876733419 -0.017254425269010019 -0.044622741516954695 0.038856976086843881 -0.042863713505077027 -0.042979590487230615 -0.043108400539581836 -0.0087350895195010408 -0.027796881979952826
leaf_weight=21.53312432765961 44.503274530172348 5.8461506366729763 529.68636411428452 23.932028293609619 3.9046404659748069 7.1047554314136496 5.8796227872371674 15.82469227910042 9.236601382493971 9.1819954812526685 6.8320284783840171 13.330812335014341 1169.5720810592175 69.426816910505295 11.287663519382475 9.5553203523159027 79.938079416751862 8.419694781303404 76.390435308218002 5.8096016049385071 5.97235506772995 12.272573143243791 5.7881127893924704 14.158131033182142 7.0996587276458731 2116.475704818964 194.56868375837803 40.632294535636902 7.5797995328903189 5.2783530652523032
leaf_count=80 166 20 1450 90 13 21 16 43 34 31 24 39 3203 262 31 33 218 29 209 19 18 47 20 51 20 8140 746 155 26 19
internal_value=-0.000195671 -0.0239432 0.0473455 0.0515028 0.0524705 0.0202535 -0.0405279 0.0120464 0.0557204 -0.0414329 0.0505442 0.0559764 0.0562214 -0.0416799 -0.0281661 -0.0421637 0.0565237 0.0566082 0.0485271 -0.0423215 -0.0424091 -0.0278343 -0.0383002 -0.0365628 0.0544638 -0.0425205 -0.0400564 -0.0427488 -0.0377043 -0.0422168
internal_weight=4537.02 3127.03 590.176 562.855 1410 138.378 2536.85 42.9286 538.923 2493.92 93.8749 1271.62 1267.71 2488.04 85.9928 2402.05 87.0428 1254.38 84.8101 2392.87 2383.31 18.0822 27.3212 20.0043 22.9244 2365.23 200.541 2164.69 48.2121 74.7052
internal_count=15273 11351 1674 1574 3922 429 9677 134 1484 9543 263 3493 3480 9527 312 9215 239 3441 238 9184 9151 66 100 71 63 9085 764 8321 181 281
is_linear=0
shrinkage=0.05


Tree=27
num_leaves=31
num_cat=0
split_feature=13 5 7 5 16 12 10 16 1 30 26 27 28 7 13 10 35 6 6 10 9 14 5 14 23 34 6 35 7 7
split_gain=2130.71 588.044 541.403 121.478 113.748 71.1992 51.7045 103.018 31.5494 27.0319 19.7873 10.2665 7.56429 17.3488 56.7782 22.7532 6.05998 4.9428 4.26349 3.66458 3.10232 2.66892 2.09989 2.06757 1.84566 3.31471 1.45158 0.550378 0.546836 0.510934
threshold=0.6440052092075349 -0.32905659079551691 0.32018519937992101 0.32716438174247747 0.80306494235992443 0.26609988510608679 0.27134813368320471 0.60595834255218517 0.42809705436229711 0.16463773697614673 -0.46077869832515711 0.59578630328178417 0.96254611015319835 0.30461411178112036 0.64096337556839 0.32690635323524481 -0.14619167894124982 0.68159130215644848 0.41338542103767401 0.32502411305904394 0.3278269916772843 -0.073000360280275331 -0.27747775614261622 -0.58346134424209584 0.20356181263923648 0.31476300954818731 0.63579046726226818 -0.17185186594724652 0.29253675043582922 0.31109739840030676
decision_type=10 8 2 10 10 10 8 8 10 8 8 10 8 2 8 8 10 2 2 10 10 8 10 10 10 10 2 10 2 2
left_child=1 11 5 6 24 -2 7 27 20 16 -11 -1 -8 14 -14 18 -7 -6 -16 23 -9 -10 -15 -12 -4 -26 -5 -3 -20 -24
right_child=2 3 4 26 17 9 12 8 21 10 19 -13 13 22 15 -17 -18 -19 28 -21 -22 -23 29 -25 25 -27 -28 -29 -30 -31
leaf_value=0.056418161088679447 -0.042671040121584618 -0.041613148613839052 -0.041753591608769097 0.057202319918603611 0.0098599349149741406 -0.043480851023565512 -0.04166848574612831 -0.042406081301824938 0.025949434993735046 -0.021909144281782908 0.028787927181835822 -0.0075994801615464963 -0.041837981656260383 -0.010924224707418819 0.013937604394541376 -0.037340287225061282 0.023730919659478374 0.057147396982665979 0.06249253120472667 0.027753704016343035 0.0031735178247563472 0.056575263896648811 -0.033840677326458277 0.056223852274936398 -0.042908895186191426 0.0082439416808464915 0.031699643839501301 -0.024646419676921993 0.046284864043167527 -0.041742086459669869
leaf_weight=187.4042150080204 18.978363588452339 119.19600434601307 197.23631085455418 30.960201174020767 6.5527993440628043 7.9213710129261017 1648.2998668700457 10.804747804999353 8.3634754121303541 8.2225225269794446 6.8995990157127371 6.4792152345180503 89.160446494817734 5.8363787382841101 7.0156522393226615 10.110411718487738 5.8159900605678541 35.270811378955841 18.436178475618366 11.49671611189842 5.7041141539812079 47.607378095388412 21.991623252630234 1449.5680102109909 7.9133924394845945 5.2801252752542496 6.8063100576400748 4.9794215112924567 7.2510798871517173 293.68015141785145
leaf_count=517 75 499 818 85 20 30 6875 43 24 29 20 22 368 21 20 41 18 97 50 32 20 131 86 4003 31 18 20 19 20 1220
internal_value=-6.35629e-07 -0.0293955 0.0422282 -0.0363397 -0.0255739 0.0535632 -0.0378012 -0.0132847 0.0340832 0.054789 0.0554387 0.0542788 -0.0400951 -0.0343764 -0.0191121 0.0282154 -0.0150254 0.0497385 0.0484825 0.0558719 -0.0266575 0.051999 -0.0406422 0.0560939 -0.0405425 -0.0224372 0.0526062 -0.0409328 0.0579174 -0.0411916
internal_weight=4291.24 2530.09 1761.16 2336.2 252.253 1508.9 2298.44 196.655 72.4797 1489.92 1476.19 193.883 2101.78 453.482 131.974 42.8133 13.7374 41.8236 32.7029 1467.96 16.5089 55.9709 321.508 1456.47 210.43 13.1935 37.7665 124.175 25.6873 315.672
internal_count=15272 10081 5191 9542 984 4207 9437 736 218 4132 4084 539 8701 1826 499 131 48 117 90 4055 63 155 1327 4023 867 49 105 518 70 1306
is_linear=0
shrinkage=0.05


Tree=28
num_leaves=31
num_cat=0
split_feature=4 13 10 20 11 4 34 10 10 31 7 8 10 16 4 10 30 14 20 1 8 27 6 4 9 8 9 11 6 0
split_gain=1093.33 731.895 950.734 283.019 203.749 93.8843 88.0126 62.4536 60.8381 28.0131 22.897 17.6821 17.0066 16.5683 14.5867 28.0652 13.3922 9.71919 8.48007 29.9748 7.8868 7.31675 4.82838 24.6118 4.96041 3.92518 30.4537 2.48527 2.42883 2.1791
threshold=0.5072980821132661 0.66926905512809765 0.40597115457057958 -0.2250830605626106 -0.72532442212104786 0.64464965462684642 0.93526437878608715 0.40137711167335516 0.27134813368320471 0.97454831004142772 0.25929506123065954 -0.78360220789909352 0.30185215175151831 0.75416088104248058 0.81045770645141613 0.50306022167205822 0.17924896627664569 -0.012352593708783386 -0.71777814626693714 0.48106607794761663 0.64165687561035167 0.19953121244907382 0.83567142486572277 0.49560140073299414 0.80333301424980175 -0.45265351235866541 0.56822785735130321 0.40840682387351995 0.36789405345916754 0.72704827785491954
decision_type=8 10 8 8 10 10 10 10 10 8 2 2 8 10 8 8 8 10 8 10 2 8 2 10 10 2 10 10 2 10
left_child=6 2 4 9 12 16 18 -7 -6 -3 -10 -12 -2 20 -4 28 -5 -9 19 -1 21 -13 24 -24 -20 26 -23 -11 -16 -27
right_child=1 3 14 5 8 7 -8 17 10 27 11 13 -14 -15 15 -17 -18 -19 22 -21 -22 25 23 -25 -26 29 -28 -29 -30 -31
leaf_value=-0.04148849725782211 -0.041954687022020064 -0.042586839889026507 -0.041066367609505827 0.049206168098658819 -0.032237703887355133 0.05371855731622982 0.054038258877103777 -0.041604502772436949 -0.045225345425144781 0.057198334286605292 -0.042430904906309401 0.016393876619228562 0.062982307545646307 -0.015356135285759562 0.063387970217905751 -0.041742155738787923 -0.041425696543251823 0.026916401868149416 -0.041313595235571349 0.050262888686481627 0.0012184558734241906 -0.039628368880031337 -0.041595776703275314 0.053438615273893202 -0.00089196645920562329 0.055342179970112163 0.05621016938495365 0.027618905551999359 0.022801708254693305 0.032874653711363964
leaf_weight=36.43424965441227 64.824427455663681 7.8397380262613297 351.30808098614216 4.102337121963501 21.147016525268555 46.873329102993011 25.565219849348068 34.118686929345131 5.8977017700672141 104.25513190031052 4.7922717481851569 12.595906376838688 4.1055215895175925 8.6264057755470258 8.2021351456642133 24.704858988523483 634.20658251643181 6.100487768650054 1190.9802007377148 11.779707640409468 7.0142740011215201 9.6042824834585172 38.151248931884766 8.2937832474708539 7.6384670883417121 1517.3306715935469 60.524772524833679 7.6202797293663016 6.6951298117637625 10.869437068700789
leaf_count=154 267 31 1473 12 84 129 70 143 21 286 19 38 11 28 22 103 2648 18 4997 32 20 36 160 23 27 4180 166 23 21 30
internal_value=4.08566e-05 0.0168954 0.0325908 -0.0224444 0.0485262 -0.0341989 -0.0378303 0.0144981 0.0520272 0.0487809 0.0531155 0.0534711 -0.0357046 0.0537536 -0.0378235 -0.00905651 -0.0408432 -0.0312112 -0.0396463 -0.0190717 0.0541221 0.0543524 -0.0404431 -0.0246253 -0.041056 0.0546516 0.0430849 0.0551836 0.0451477 0.0551824
internal_weight=4282.2 2963.36 2118.24 845.117 1727.33 725.401 1318.84 87.0925 1658.4 119.715 1637.26 1631.36 68.9299 1626.57 390.91 39.6021 638.309 40.2192 1293.28 48.214 1617.94 1610.93 1245.06 46.445 1198.62 1598.33 70.1291 111.875 14.8973 1528.2
internal_count=15272 9809 6519 3290 4900 2950 5463 290 4622 340 4538 4517 278 4498 1619 146 2660 161 5393 186 4470 4450 5207 183 5024 4412 202 309 43 4210
is_linear=0
shrinkage=0.05


Tree=29
num_leaves=31
num_cat=0
split_feature=10 4 2 2 10 4 21 6 20 29 11 6 2 9 4 10 6 18 7 1 7 29 15 24 17 0 6 30 4 24
split_gain=2055.12 1389.55 72.8733 67.1515 58.3601 96.5689 44.6229 33.8598 27.9323 24.241 19.4799 8.47611 49.9592 8.11646 7.92051 26.3682 16.9273 7.70583 2.85312 2.10111 1.39491 1.33144 1.31443 12.7342 1.25926 1.21414 0.410507 1.80035 0.231645 0.130579
threshold=0.37169821560382849 0.47303721308708196 -0.19397600740194318 0.13620260357856753 0.40137711167335516 0.61265254020690929 0.20643051713705066 0.78888249397277843 0.2369065806269646 -1.605890095233917 0.28461913764476782 0.81101468205451976 -0.1451584920287132 0.71544480323791515 0.81045770645141613 0.50306022167205822 0.41338542103767401 0.16508317738771441 0.33688920736312872 0.47455196082592016 0.33424571156501776 -1.4035562276840208 0.25410121679306036 0.31224600970745092 0.10603213310241701 0.59903711080551159 0.8029293715953828 0.25251063704490667 0.79337790608406078 0.045938460156321533
decision_type=8 10 10 10 8 10 8 2 10 8 8 2 10 10 8 8 2 8 2 10 2 8 8 8 10 10 2 10 10 10
left_child=1 2 -1 8 5 29 7 25 24 -8 18 17 -13 -14 28 16 -16 -11 -7 -19 -9 -21 23 -23 -4 -3 -24 -28 -6 -2
right_child=4 6 3 -5 14 10 9 20 -10 11 -12 12 13 -15 15 -17 -18 19 -20 21 -22 22 26 -25 -26 -27 27 -29 -30 -31
leaf_value=-0.042803965700130377 0.049962736779978749 -0.016791510706109007 0.054956644856834172 -0.042932746891683859 0.054982993955782537 -0.0046063262872152308 0.060722251283799537 0.032652055448423027 -0.042828269423150447 0.009951591616083659 0.055215656989663756 -0.042585620859226479 0.00015194203961300674 0.0704266546745307 -0.045195530630049163 0.055505436786568607 0.05029136073344799 -0.01866127819509791 -0.043036594013677369 -0.021930034501369444 0.058945699823141774 0.012087991751940953 -0.042198841440341646 -0.042106486415658381 0.036733025874285279 -0.043798536230664362 -0.042592418933226329 -0.010590171415484307 0.04808217599926129 0.05653050030782987
leaf_weight=21.973490476608276 8.4919681847095472 5.7264150679111507 520.86010870337486 18.770524904131889 1154.1520691812038 5.3841297328472129 5.8895531594753265 7.2881795167923 7.4561492353677741 7.2561658322811127 6.1181549131870261 90.398076251149178 6.118661820888522 12.507953196763991 12.892675101757051 58.502663046121597 7.2520080506801596 9.8905222117900831 46.894490137696266 8.4358215034008026 16.382038474082947 12.016219034790991 2106.003721088171 110.66834503412247 9.6552159488201124 15.228882282972334 21.232425481081012 5.5418549776077262 12.290295660495756 69.550933510065079
leaf_count=86 24 20 1452 73 3219 19 16 21 29 24 17 356 20 34 45 163 20 36 181 30 45 39 8449 438 27 57 84 20 35 193
internal_value=-3.91355e-05 -0.0231517 0.0465058 0.0500307 0.0504729 0.0194289 -0.039669 0.00987029 0.0532743 -0.0405917 -0.0291996 -0.0408414 -0.0272217 0.0473421 0.0538748 0.0385167 -0.0108206 -0.0414923 -0.0390787 -0.0416565 0.0508498 -0.041757 -0.0418311 -0.0367985 0.054625 -0.0364184 -0.0421206 -0.0359685 0.0549103 0.0558159
internal_weight=4400.83 3019.3 578.715 556.742 1381.53 136.44 2440.58 44.6255 537.971 2395.96 58.3968 2390.07 109.025 18.6266 1245.09 78.6473 20.1447 2281.05 52.2786 2273.79 23.6702 2263.9 2255.46 122.685 530.515 20.9553 2132.78 26.7743 1166.44 78.0429
internal_count=15272 11356 1667 1581 3916 434 9689 143 1508 9546 217 9530 410 54 3482 228 65 9120 200 9096 66 9060 9030 477 1479 77 8553 104 3254 217
is_linear=0
shrinkage=0.05


Tree=30
num_leaves=31
num_cat=0
split_feature=13 5 10 30 5 10 16 20 7 12 9 7 6 21 28 7 12 6 9 14 14 9 2 11 16 23 7 14 18 20
split_gain=1931.53 563.346 467.755 121.43 113.739 57.6282 101.072 38.3168 26.2327 24.2409 23.1839 21.9478 14.373 8.5377 7.1148 15.5967 50.4479 21.4559 16.4377 4.02456 3.7863 2.62473 2.43693 1.64267 1.51802 1.38467 0.811729 2.83807 0.463016 0.399605
threshold=0.64658099412918102 -0.32905659079551691 0.32801096141338354 0.17924896627664569 0.32716438174247747 0.27134813368320471 0.61002835631370556 -0.427682414650917 0.23408114165067676 0.26609988510608679 0.26301448047161108 0.27072356641292578 0.73691895604133617 0.64626321196556102 0.96254611015319835 0.30461411178112036 0.18839196115732196 0.65527901053428661 0.6195763647556306 -0.058188935741782181 -0.24142258614301679 0.35952575504779821 0.27465043962001806 0.58048158884048473 0.64623767137527477 0.0068700585979968318 0.31109739840030676 -0.39634528756141657 0.2570719718933106 -0.32311624288558954
decision_type=10 8 10 8 10 8 8 8 2 10 10 2 2 10 8 2 10 2 10 8 8 8 10 10 8 10 2 10 8 8
left_child=1 13 3 11 5 6 25 21 23 -9 12 -2 -4 -1 -7 16 17 18 -16 -10 -6 -5 26 -8 -11 -3 27 -17 -26 -30
right_child=2 4 10 7 20 14 8 9 19 24 -12 -13 -14 -15 15 22 -18 -19 -20 -21 -22 -23 -24 -25 28 -27 -28 -29 29 -31
leaf_value=0.054275629381929952 0.058876694002005674 -0.041027551547394174 -0.041661858397161154 -0.042427782394254376 0.013705744277596264 -0.041055349633808955 -0.0079879499850979661 -0.042066621436286769 0.02050357038862706 0.032775526998961045 -0.041488747073891996 -0.041629723045387125 0.057521378346240673 -0.0057586544428687618 -0.043447457215296255 -0.00097816849935801714 -0.040773353194849996 0.059436900241061054 0.05470613837894172 0.053611217864250972 0.055068795178528189 0.0018707433616458578 -0.0051865840084499648 -0.041655342465436923 0.041944421533480332 -0.012165972594284875 -0.041179252517387938 -0.04184727360567865 0.042838409600232837 0.054212809568893676
leaf_weight=192.21229514479637 6.2528461813926688 114.63497103750706 5.7028559744358054 9.7498133778572047 6.6359430849552155 1577.0429998189211 6.5378671139478675 6.6022714078426352 11.184349566698073 8.407128721475603 160.99449643492699 41.366876810789108 10.160474985837935 6.1104547977447501 13.413517579436304 5.7376611828804043 88.415527954697609 22.261369466781616 6.2543600201606742 51.197844803333282 33.275565773248672 5.0892865359783181 4.9718239903450003 8.1263112276792508 7.8115972578525552 4.3120372146368018 288.22322161495686 16.360200077295303 7.7640517950057983 1415.9770724177361
leaf_count=541 17 502 24 39 20 6877 23 27 33 25 688 175 28 21 53 21 380 61 17 144 93 19 18 34 22 16 1250 68 22 3989
internal_value=-9.01674e-05 -0.028371 0.0411248 0.0501412 -0.0354657 -0.0369706 -0.0110834 0.0527015 0.0335301 0.0535215 -0.0358062 -0.0284324 0.0218651 0.0524259 -0.039479 -0.0339005 -0.0193524 0.0258177 -0.0122347 0.0476754 0.0481915 -0.027235 -0.0399148 -0.0266451 0.0539598 -0.0399813 -0.0404712 -0.0312357 0.0540842 0.0541508
internal_weight=4142.79 2456.91 1685.88 1509.02 2258.59 2218.67 195.993 1461.4 77.0464 1446.56 176.858 47.6197 15.8633 198.323 2022.68 445.638 130.345 41.9292 19.6679 62.3822 39.9115 14.8391 315.293 14.6642 1439.96 118.947 310.321 22.0979 1431.55 1423.74
internal_count=15247 10172 5075 4335 9610 9497 752 4143 234 4085 740 192 52 562 8745 1868 511 131 70 177 113 58 1357 57 4058 518 1339 89 4033 4011
is_linear=0
shrinkage=0.05


Tree=31
num_leaves=31
num_cat=0
split_feature=4 13 10 10 10 34 10 2 23 13 14 7 0 8 11 14 1 10 11 10 27 6 4 33 9 11 8 9 26 6
split_gain=1021.94 635.179 859.603 260.134 206.183 97.8066 75.6589 48.6723 46.384 34.0223 21.8868 19.2773 16.2922 13.697 12.9318 10.1743 32.3642 14.4028 7.3052 23.8066 6.82842 5.57634 14.9938 5.55643 5.1322 28.8335 5.09849 30.083 3.42867 2.6871
threshold=0.50915145874023449 0.67853048443794262 0.40597115457057958 0.33405528962612158 0.27674649655818945 0.93526437878608715 0.38288959860801702 0.36603349447250372 -0.19988210499286649 0.63671869039535534 0.56379142403602611 0.25929506123065954 0.16429092735052112 -0.78360220789909352 0.81779608130455028 -0.31504787504672999 0.50895246863365184 0.29049971699714666 -0.60970196127891529 0.30951426923274999 0.19953121244907382 0.84339842200279247 0.49070937931537634 0.81795379519462597 0.47280906140804296 -0.035506220534443848 -0.45265351235866541 0.56822785735130321 -0.41172856092452997 0.70377770066261303
decision_type=8 10 8 10 10 10 10 10 8 8 10 2 10 2 8 8 10 10 10 10 8 2 8 10 10 10 2 10 8 2
left_child=5 2 4 8 9 15 29 11 -3 -2 -8 -6 -4 -13 18 16 17 -1 19 -15 -20 -17 -23 -11 -14 -26 27 -22 -18 -5
right_child=1 3 12 6 7 -7 10 -9 -10 23 -12 13 24 14 -16 21 28 -19 20 -21 26 22 -24 -25 25 -27 -28 -29 -30 -31
leaf_value=-0.039944113283929668 0.049176385652912151 0.053877853216925287 0.028212074495679668 0.054748682582867164 -0.044818407291667924 0.05004064410898329 -0.040779647134282976 -0.038767005688753908 -0.040914317076049526 -0.041251534639038807 0.066277460335978602 -0.04199928130004741 -0.040982943659589148 -0.047547873031081919 -0.040728157830621184 -0.040503160603654893 0.059884757781940239 0.022349957107606858 0.013925819986581052 0.057659479160636129 -0.039518694608675187 -0.041089963488376062 0.0570788174970914 0.017025849061296179 0.064208610272644781 -0.041094295497946326 0.053231792182416693 0.052840626938466966 0.011860200774819731 0.022221902803956667
leaf_weight=106.3915252238512 12.952230602502821 13.209483504295347 9.3095468878746015 114.17770132422447 5.2178281247615805 31.948247373104095 34.844104543328285 15.198775842785833 560.14495898783207 76.295553475618362 5.5320643782615653 3.9121200591325751 323.32144214212894 7.7781471014022854 3.7776514589786521 1125.9804272949696 9.8316910564899427 10.165401726961134 11.495675295591358 17.418668478727341 10.294414281845091 13.743210062384607 5.4249761104583731 4.321800932288169 7.8385939896106711 38.084958150982857 1486.0328001528978 61.414095491170883 5.9753134846687308 6.7234366238117209
leaf_count=464 36 37 28 319 19 89 147 64 2448 329 15 16 1421 27 12 4936 27 33 35 48 40 60 15 15 22 166 4167 172 20 20
internal_value=0.00015084 0.0170535 0.0310834 -0.0229503 0.0461271 -0.0363699 0.0331492 0.050289 -0.0387304 -0.0260425 -0.0261114 0.0511311 -0.0371143 0.0514436 0.0516723 -0.0385309 -0.0254063 -0.0345112 0.0518912 0.0251824 0.0523201 -0.0400479 -0.0133063 -0.0381274 -0.0387613 -0.0231204 0.0526034 0.0395816 0.0417307 0.0529398
internal_weight=4138.76 2829.3 2094.66 734.632 1716.11 1309.46 161.277 1622.54 573.354 93.5696 40.3762 1607.34 378.555 1602.12 1598.21 1277.51 132.364 116.557 1594.43 25.1968 1569.24 1145.15 19.1682 80.6174 369.245 45.9236 1557.74 71.7085 15.807 120.901
internal_count=15247 9603 6617 2986 4980 5644 501 4600 2485 380 162 4536 1637 4517 4501 5555 544 497 4489 75 4414 5011 75 344 1609 188 4379 212 47 339
is_linear=0
shrinkage=0.05


Tree=32
num_leaves=31
num_cat=0
split_feature=10 4 8 2 21 6 1 10 14 6 23 26 6 5 16 2 24 7 15 12 4 29 7 4 10 7 4 6 17 6
split_gain=1883.97 1345.61 69.3551 58.2839 51.5618 29.9113 28.0097 22.5435 52.5141 14.517 11.1348 8.15947 7.52442 44.0792 8.43342 5.87536 5.46455 3.80157 2.36176 27.5473 2.31612 1.75287 1.56808 1.54879 15.984 0.387419 0.253543 0.23235 0.221998 0.173046
threshold=0.38288959860801702 0.47100174427032476 -0.33437740802764887 0.15910609066486361 0.20643051713705066 0.78888249397277843 0.46151088178157812 0.40137711167335516 0.12617230415344241 0.12173327431082727 0.2836329191923142 -1.6534873247146604 0.81101468205451976 0.15244340151548388 0.52459856867790233 -0.24681948870420453 0.14732921868562701 0.34813773632049566 0.25410121679306036 0.29081995785236364 0.53119218349456798 -1.4035562276840208 0.3333855420351029 0.79337790608406078 0.45343953371047979 0.18457096070051196 0.51021474599838268 0.38807907700538641 0.14556522667407992 0.80477467179298412
decision_type=8 10 2 10 8 2 10 8 8 2 10 8 2 10 10 10 8 2 8 8 10 8 2 10 10 2 10 2 10 2
left_child=1 2 -1 10 5 20 -6 8 26 -9 25 -8 16 14 -14 -11 -13 -10 19 -18 -3 -20 -7 -17 -25 -4 -2 -26 -27 -23
right_child=7 4 3 -5 6 22 11 9 17 15 -12 12 13 -15 -16 23 18 -19 21 -21 -22 29 -24 24 27 28 -28 -29 -30 -31
leaf_value=-0.042356680777739124 0.053510593003657153 -0.0055435669680461569 0.04154900357963711 -0.042374474845309984 0.058289639293113461 0.029430352434034208 0.024427144354747882 -0.037793339579833239 0.0036282447897845547 -0.0010674392104943105 -0.011009040550077849 0.013774581718004686 0.067955869097462554 -0.041925823950290521 -0.0048137259394904382 0.052940399704638777 0.042138016643557291 -0.042849996800911325 -0.015860769999159148 -0.041533776230442999 -0.043183309829395521 -0.041553157220338567 0.057405122416218458 -0.025213430583370302 0.044187942372546522 0.053208062812796386 0.063057844648701497 0.053813298309301608 0.045383869471815962 -0.036497703236941861
leaf_weight=21.435428380966187 38.007538795471191 5.7823966443538692 7.3956881761550894 16.826680615544319 7.2480846941471091 6.8538629114627865 4.8805289566516876 4.4934959411621085 5.5779589712619808 5.1464038491249076 6.8997392207384101 4.5583894550800332 12.078441768884661 87.338355615735054 5.9392612278461447 1131.5226314067841 10.758045360445974 20.824016764760017 6.6817127466201782 114.89357656240463 13.939718991518019 2054.7900028973818 18.612792313098907 7.2199063450098029 6.9497060179710379 522.09689570963383 8.5112430751323682 64.080721288919449 9.2260926365852338 17.067625194787979
leaf_count=87 108 20 21 68 20 20 15 15 19 17 25 15 33 359 20 3227 32 82 24 472 54 8607 52 26 20 1488 23 182 26 70
internal_value=-5.90319e-05 -0.0220791 0.045915 0.0492791 -0.0388203 0.0140779 -0.0398479 0.0502965 0.0232915 0.0519114 0.0521057 -0.0401547 -0.0402909 -0.0272364 0.0439685 0.0522432 -0.0409135 -0.0330305 -0.0410266 -0.03437 -0.0321476 -0.0414291 0.0498762 0.0524699 0.0456669 0.052914 0.0552574 0.0528715 0.0530722 -0.0415115
internal_weight=4247.64 2955.3 583.881 562.445 2371.42 45.1888 2326.23 1292.33 72.9208 1219.41 545.618 2318.99 2314.11 105.356 18.0177 1214.92 2208.75 26.402 2204.19 125.652 19.7221 2078.54 25.4667 1209.77 78.2503 538.719 46.5188 71.0304 531.323 2071.86
internal_count=15247 11528 1715 1628 9813 146 9667 3719 232 3487 1560 9647 9632 412 53 3472 9220 101 9205 504 74 8701 72 3455 228 1535 131 202 1514 8677
is_linear=0
shrinkage=0.05


Tree=33
num_leaves=31
num_cat=0
split_feature=13 5 10 30 5 10 16 20 8 12 9 21 17 21 9 31 6 10 16 9 12 6 2 6 35 25 2 34 18 1
split_gain=1773.51 516.171 423.256 112.048 101.085 54.5496 97.5176 35.5067 26.6818 24.459 21.6038 15.7405 13.7027 11.5208 9.66276 7.82139 60.8632 12.19 23.6788 10.3322 3.62745 2.91978 2.72187 1.60261 0.6039 0.572192 0.420003 0.380444 0.382458 0.157203
threshold=0.64658099412918102 -0.32905659079551691 0.32801096141338354 0.17924896627664569 0.34040819108486181 0.27236141264438635 0.60595834255218517 -0.427682414650917 0.53407454490661632 0.26609988510608679 0.26301448047161108 0.56961992383003246 -0.31697112321853632 0.65193399786949169 0.23202905803918841 1.0291274785995486 0.72645181417465221 0.29419134557247167 0.59012630581855785 0.53379085659980785 0.34395408630371099 0.69899210333824169 -0.034761268645524972 0.8088805377483369 -0.12429450452327727 0.84762614965438854 -0.1709204167127609 1.0604019761085512 0.2570719718933106 0.4472425132989884
decision_type=10 8 10 8 10 8 8 8 2 10 10 10 10 10 10 8 2 8 8 8 8 2 8 2 10 10 10 10 8 10
left_child=1 13 3 11 5 6 24 22 14 -9 12 -2 -4 -1 -8 -7 17 18 -17 26 -16 -19 -5 27 -3 -6 -18 28 -11 -22
right_child=2 4 10 7 25 15 8 9 -10 23 -12 -13 -14 -15 20 16 19 21 -20 -21 29 -23 -24 -25 -26 -27 -28 -29 -30 -31
leaf_value=0.052367818248424174 -0.040191517177766166 -0.040520083025175263 -0.041178639020304969 0.0041123649938798745 0.053007421383007736 -0.040539202875359975 -0.01803601847417528 -0.041467771034871953 -0.041545328958826303 0.041786748658657481 -0.04091214965706283 0.056509363477060405 0.055912478185159688 -0.021207728512502563 0.014036478186882884 -0.041312865171028244 0.054858466169322197 -0.040661691020176659 0.050075267684582737 -0.015897139197794338 0.060860040324273883 -0.0076874034256364243 -0.041800826887786476 0.028534599262489309 -0.021388865714004959 0.037053158680624379 0.069904504348425878 0.041119655689956174 0.052270457168406594 0.052958337646636405
leaf_weight=188.35043230652809 39.6430803835392 113.13543613255024 5.7066349238157263 4.8068290799856186 27.632463037967682 1499.0511002093554 5.7284153252840033 7.0306019186973563 10.532303422689436 8.7542187273502385 153.22287900745869 4.70798435807228 10.005811929702757 5.4752243757247916 6.3323303461074856 18.890051573514938 10.636426925659183 361.14103376865387 11.344731479883196 5.6051371544599524 7.2518097758293143 6.8405189812183371 9.8277574032545072 7.2249156832694998 4.2810466438531867 7.0546847283840171 8.2247107625007629 7.7829865962266913 1391.4729945957661 47.68145939707756
leaf_count=543 175 518 25 18 79 6835 21 30 45 25 685 13 28 20 20 83 30 1637 32 22 20 27 41 22 17 20 23 23 4015 136
internal_value=8.32251e-05 -0.0278606 0.039796 0.0483477 -0.0349015 -0.0362889 -0.0110871 0.0507637 0.0324338 0.051561 -0.0351864 -0.0299265 0.0206498 0.0502894 0.0440643 -0.0388454 -0.0328383 -0.0375412 -0.0070221 0.0437066 0.0498707 -0.0400487 -0.0267203 0.0520231 -0.0398226 0.0497626 0.0614195 0.0521436 0.0522049 0.0540015
internal_weight=3995.38 2345.19 1650.19 1481.25 2151.36 2116.68 194.943 1436.9 77.5263 1422.27 168.935 44.3511 15.7124 193.826 66.994 1921.73 422.683 398.216 30.2348 24.4663 61.2656 367.982 14.6346 1415.24 117.416 34.6871 18.8611 1408.01 1400.23 54.9333
internal_count=15228 10128 5100 4362 9565 9466 777 4174 242 4115 738 188 53 563 197 8689 1854 1779 115 75 176 1664 59 4085 535 99 53 4063 4040 156
is_linear=0
shrinkage=0.05


Tree=34
num_leaves=31
num_cat=0
split_feature=4 13 31 7 11 7 34 1 20 16 7 6 25 0 13 16 8 5 17 6 20 1 6 4 12 27 27 20 17 6
split_gain=941.368 587.189 369.244 217.08 146.341 150.008 94.9449 90.7288 77.3955 56.1115 77.538 30.734 28.8733 103.732 24.5274 22.2572 21.5308 13.1445 12.3181 25.4038 9.81693 30.3131 10.6634 32.6038 8.95406 8.45014 7.97763 7.77441 6.41272 4.32676
threshold=0.50915145874023449 0.67853048443794262 0.40071755647659307 0.32095615565776831 -0.77514684200286854 0.40497589111328131 0.93526437878608715 0.4884627908468247 0.044136613607406623 0.61346331238746654 0.28913691639900213 0.51448738574981701 0.97788432240486156 0.53033024072647106 0.54418081045150768 0.75416088104248058 0.57806912064552318 -0.022716771811246868 0.17816059291362765 0.40065430104732519 -0.71777814626693714 0.48106607794761663 0.83567142486572277 0.49560140073299414 0.75838199257850658 0.19953121244907382 0.7714734971523286 -0.3532948493957519 0.45792412757873541 0.71103578805923473
decision_type=8 10 8 2 10 2 10 10 8 10 2 2 8 10 8 10 2 8 8 2 8 10 2 10 10 8 10 8 10 2
left_child=6 2 -2 27 -4 7 20 -6 29 12 28 -10 25 -14 17 16 26 -12 -7 -20 21 -1 -22 -24 -13 -9 -16 -3 -11 -5
right_child=1 3 4 8 5 18 -8 9 11 10 14 24 13 -15 15 -17 -18 -19 19 -21 22 -23 23 -25 -26 -27 -28 -29 -30 -31
leaf_value=-0.040387057750552652 -0.040196875218013794 0.026399367589695369 -0.039074058381729546 0.053028516093982181 -0.039989064961037102 -0.0399860363519021 0.048268559386234838 0.0088057782793785639 0.047931589150790543 -0.038948129932000315 -0.038680823474834987 -0.035839014066518696 0.049141744118913026 -0.035777992975290669 0.05259696949919334 -0.027806886459574194 -0.041432738801371334 0.05296759688194317 0.049747267804877461 -0.040840817136926937 -0.03989869334803451 0.050629553321891299 -0.040491753271832936 0.051624789131239995 0.035010314536390391 0.051396717927217832 -0.0020868460718671128 -0.040213860681648145 0.022878410582725155 0.014030602592708056
leaf_weight=33.232000097632408 170.85228195786476 4.4179196655750275 61.699414357542992 101.75242152810097 32.697841495275497 53.874881833791733 32.716459274291992 11.760821416974066 15.645291417837141 45.605487003922462 15.391505718231199 57.98346671462059 169.02923008799553 45.679495930671692 154.87813206017017 10.683477118611334 6.6686091721057883 5.2457249164581325 13.935173928737642 17.40598139166832 1136.5730572342873 12.622891545295714 36.395126655697823 13.050111204385756 4.831082582473754 1190.788181245327 6.9696818292140952 511.97467461228371 4.618799000978469 7.646986410021781
leaf_count=154 789 14 276 291 146 245 93 37 44 199 69 253 491 185 444 41 29 15 40 78 5210 35 167 37 15 3419 27 2346 14 25
internal_value=-0.000152787 0.0164078 0.0301273 -0.0229006 0.0366327 0.0392492 -0.0357995 0.0424942 0.0231239 0.0441117 0.022275 -0.0147723 0.0479646 0.031075 0.036233 0.0421775 0.0466143 -0.0153849 -0.0254868 -0.000562764 -0.0380322 -0.0153321 -0.0389098 -0.0161794 -0.03039 0.0509802 0.0502421 -0.039644 -0.0332623 0.0503026
internal_weight=3986.63 2722.04 2017.78 704.252 1846.93 1785.23 1264.59 1700.02 187.859 1667.32 250.061 78.4598 1417.26 214.709 199.837 179.2 168.516 20.6372 85.216 31.3412 1231.87 45.8549 1186.02 49.4452 62.8145 1202.55 161.848 516.393 50.2243 109.399
internal_count=15228 9532 6544 2988 5755 5479 5696 5116 628 4970 838 312 4132 676 625 541 500 84 363 118 5603 189 5414 204 268 3456 471 2360 213 316
is_linear=0
shrinkage=0.05


Tree=35
num_leaves=31
num_cat=0
split_feature=10 4 8 2 21 20 6 10 11 1 29 17 6 2 4 6 18 10 11 0 6 2 12 17 7 11 8 12 4 10
split_gain=1719.61 1238.85 70.6173 65.7814 37.016 28.2817 26.715 20.4789 50.9959 19.0392 8.20477 11.3618 6.20784 35.1088 5.9298 23.3226 5.20797 3.96643 3.08546 1.19009 1.07643 6.09089 1.03994 29.1927 0.99805 0.80015 0.565963 0.40644 0.198802 0.102478
threshold=0.38288959860801702 0.47519899904727941 -0.33437740802764887 0.15910609066486361 0.20643051713705066 0.2369065806269646 0.78888249397277843 0.40137711167335516 -0.19885873794555661 0.46464058756828314 -1.4035562276840208 -1.3003541827201841 0.82939603924751293 -0.13577233999967572 0.79337790608406078 0.33885216712951666 0.16508317738771441 0.48238991200923925 -0.34901399910449976 0.60356077551841747 0.8029293715953828 -0.14055479317903516 0.29585236310958868 -0.023130399174988266 0.33688920736312872 -0.13171710073947904 -0.22999796271324155 0.65161287784576427 0.51021474599838268 0.37975467741489416
decision_type=8 10 2 10 8 10 2 8 10 10 8 8 2 10 8 2 8 10 8 10 2 10 8 8 2 10 2 10 10 10
left_child=1 2 -1 5 6 26 19 8 -2 -6 11 -11 16 -14 -9 18 -12 -17 -16 -3 22 -22 23 -18 -8 -10 -4 -28 -27 -24
right_child=7 4 3 -5 9 -7 24 14 25 10 12 -13 13 -15 15 17 20 -19 -20 -21 21 -23 29 -25 -26 28 27 -29 -30 -31
leaf_value=-0.041784175628435852 -0.040486587103893412 -0.014818722607413598 0.039146897212962141 -0.041637724787780828 0.057589676815133384 -0.041740454093106213 0.033245256652619133 0.051202406617598333 0.034943875684697069 -0.042616701266079804 -0.0037916884242558176 0.053046346613319667 -0.041424094084377777 0.062301472857924915 -0.044543527955289874 0.010711673050389373 0.062998736531227131 0.051933380967469162 0.0040566883088846142 -0.04269813292194078 -0.04127468257929906 -8.9983794143174895e-05 -0.041013796525723907 -0.041102530675626289 0.056561234516595428 0.051796391801134246 0.05138577595899229 0.039153671403167063 0.060372856744127214 -0.034971229624064758
leaf_weight=23.701063603162766 22.09831103682518 5.4742317199707058 9.8768409490585309 20.498072385787964 5.049072563648223 8.34680427610874 6.8881329894065884 1100.5183281600475 6.7303014099597922 6.8487716764211655 9.7323719859123248 5.6763638257980329 47.515987858176231 9.8489908277988416 7.4838276505470276 6.3689047098159781 7.0117858499288559 69.695467114448547 5.7941927462816221 12.72730468213558 50.238450795412064 10.930612295866011 1872.6148488670588 170.267623513937 13.754861772060393 33.997266411781311 522.80811339616776 6.88037085533142 8.432840019464491 7.0429985225200644
leaf_count=100 91 20 28 87 14 35 20 3221 20 27 35 16 203 27 27 20 20 203 20 51 217 39 8206 742 39 99 1528 20 23 30
internal_value=6.75455e-05 -0.0215479 0.042777 0.0463029 -0.0385389 0.0495929 0.00984531 0.0486374 0.0226014 -0.0393922 -0.039615 0.000737581 -0.0398463 -0.0236155 0.0501967 0.0378084 -0.0402838 0.0484819 -0.0233356 -0.0343132 -0.0404515 -0.0339152 -0.0406459 -0.0369851 0.0487812 0.0509604 0.0510058 0.0512269 0.0535009 -0.0409912
internal_weight=4094.85 2833.73 592.111 568.41 2241.62 547.912 38.8445 1261.12 71.2587 2202.78 2197.73 12.5251 2185.2 57.365 1189.86 89.3424 2127.84 76.0644 13.278 18.2015 2118.11 61.1691 2056.94 177.279 20.643 49.1604 539.565 529.688 42.4301 1879.66
internal_count=15228 11504 1798 1698 9706 1611 130 3724 233 9576 9562 43 9519 230 3491 270 9289 223 47 71 9254 256 8998 762 59 142 1576 1548 122 8236
is_linear=0
shrinkage=0.05


Tree=36
num_leaves=31
num_cat=0
split_feature=13 5 7 5 16 12 31 6 7 9 20 9 30 5 11 1 11 13 7 11 8 4 6 4 11 16 5 3 4 12
split_gain=1632.87 462.193 395.971 97.9518 90.8915 54.6298 30.3523 87.1902 26.13 49.7774 21.1243 20.1628 14.6877 12.9168 11.2521 7.39442 6.56039 4.91306 9.85689 2.68108 17.7166 2.65646 1.9516 1.63441 1.27556 0.947783 0.885289 4.30795 0.718377 0.636128
threshold=0.6440052092075349 -0.32905659079551691 0.32018519937992101 0.32716438174247747 0.80306494235992443 0.26609988510608679 1.0152898430824282 0.69899210333824169 0.2772969007492066 0.41304738819599157 -0.37043678760528559 0.57292553782463085 0.15932574868202212 0.28521226346492773 -0.60970196127891529 0.63609361648559581 -0.3365283459424972 0.62846896052360546 0.29135587811470037 -0.55704998970031727 0.33287940919399267 0.50846636295318615 0.66059163212776195 0.63537898659706127 -0.47967866063117975 0.64623767137527477 -0.27188462018966669 0.38006271421909338 0.50406992435455333 0.30815319716930395
decision_type=10 8 2 10 10 10 8 2 2 10 8 10 8 10 8 10 8 10 2 10 2 10 2 10 8 8 10 10 10 10
left_child=1 14 5 6 24 -2 17 8 9 16 13 21 -12 -7 -1 -6 -8 26 -19 20 -10 -9 -5 25 -4 -14 27 -3 -11 -27
right_child=2 3 4 22 15 10 7 11 19 28 12 -13 23 -15 -16 -17 -18 18 -20 -21 -22 -23 -24 -25 -26 29 -28 -29 -30 -31
leaf_value=0.050766729508989673 -0.041015637737622082 -0.040120263541279975 -0.012470088572117703 0.051520656372816956 0.051662041572380413 -0.042864837898109971 0.028944936985781107 0.018358503204429132 -0.039468385938982331 0.054493989021101988 -0.019060144284479549 -0.033568448130192816 0.033852757122268012 0.049593506377129302 -0.023070240440575547 -0.0084538894666593267 -0.040599904191467785 0.020688773046234305 -0.040112556184714598 -0.0399950799713387 0.060167384263632787 0.0550661541508091 0.021320104817895157 0.026586895945646311 -0.039725463304338286 0.039437320184423884 -0.039920425769226303 0.019805743253593251 0.035160709083077439 0.050541849732462563
leaf_weight=176.95496001839638 17.005385085940361 16.859042361378673 4.3997987061738968 30.423238128423691 35.505387187004089 9.9796582758426684 3.662708967924118 5.6733595430850974 32.706077918410301 19.862266510725025 7.6972807496786118 8.6033716648817045 8.6727054566144943 6.0781672000885001 5.3146862238645545 5.9762152731418601 45.728617578744888 10.164635568857195 19.365352138876915 299.87910960614681 5.166373759508132 37.549322426319122 6.4905996322631827 7.2876430600881568 176.42837549746037 13.022439092397688 1483.0183243602514 3.6479514241218558 6.3381205052137366 1337.4059754908085
leaf_count=524 76 80 17 89 104 40 12 20 152 57 30 38 26 18 20 20 212 35 92 1418 15 108 20 22 833 38 7088 13 20 3967
internal_value=0.000260686 -0.0276642 0.0382615 -0.0344957 -0.0237498 0.0480584 -0.0359866 -0.0247995 -0.0324646 -0.0058913 0.049148 0.036334 0.0498143 -0.00786774 0.0486138 0.0430012 -0.0354427 -0.0393811 -0.0191839 -0.038412 -0.0258766 0.050248 0.0462105 0.0502023 -0.0390623 0.050329 -0.0397778 -0.0294601 0.0498171 0.0504348
internal_weight=3846.87 2217.41 1629.46 2035.14 222.31 1407.15 1998.22 465.169 413.343 75.5917 1390.14 51.8261 1374.09 16.0578 182.27 41.4816 49.3913 1533.06 29.53 337.752 37.8725 43.2227 36.9138 1366.39 180.828 1359.1 1503.53 20.507 26.2004 1350.43
internal_count=15204 10013 5191 9469 974 4217 9360 2052 1886 301 4141 166 4083 58 544 124 224 7308 127 1585 167 128 109 4053 850 4031 7181 93 77 4005
is_linear=0
shrinkage=0.05


Tree=37
num_leaves=31
num_cat=0
split_feature=4 13 10 10 11 10 20 10 20 1 7 6 8 0 16 11 11 1 16 2 6 2 16 9 24 9 11 8 9 0
split_gain=863.604 557.196 716.151 227.421 152.264 67.9512 51.6174 49.3401 44.1521 50.5105 18.1698 17.0702 15.9507 15.2624 13.7522 11.7993 9.57122 8.71764 6.15212 5.95468 4.78469 20.6002 4.40376 20.1411 6.46501 4.09408 23.5322 3.31759 25.2467 3.11717
threshold=0.50652417540550243 0.66926905512809765 0.40597115457057958 0.32801096141338354 -0.74694955348968495 0.40137711167335516 -0.28979294002056116 0.27134813368320471 -0.71777814626693714 0.47944684326648718 0.25929506123065954 0.73691895604133617 -0.78360220789909352 0.16429092735052112 0.75686123967170726 -0.46508680284023279 0.77543991804122936 0.55557522177696239 0.66730108857154857 0.30117020010948187 0.83567142486572277 -0.17384706437587735 0.46299192309379583 0.7124040722846986 0.34881001710891729 0.47280906140804296 -0.035506220534443848 -0.45265351235866541 0.62703621387481701 0.6642235815525056
decision_type=8 10 8 10 10 10 8 10 8 10 2 2 2 10 10 8 8 10 8 8 2 10 8 10 10 10 10 2 10 10
left_child=8 2 4 6 19 11 17 -6 9 -1 -9 -5 -12 -4 16 -7 22 -3 -8 -2 -10 -22 23 -14 -25 -15 -27 28 -24 -13
right_child=1 3 13 5 7 15 18 10 20 -11 12 29 14 25 -16 -17 -18 -19 -20 -21 21 -23 27 24 -26 26 -28 -29 -30 -31
leaf_value=-0.040086716754689278 0.024169027671924938 -0.021766893158638015 0.02858107839927386 0.05054862383140514 -0.030551713840470313 0.051765733057762109 0.020296432241178011 -0.043030117250592054 -0.03959936788704118 0.048897071560261789 -0.04106564785566022 -0.04289863789434456 0.050072827336912568 -0.039971439952235031 -0.017562318357682564 -0.040598417119815516 -0.026198935695877709 0.053181395725626947 -0.039741611284177608 -0.040321417508403651 0.052442058085267057 -0.038992766390185896 -0.042014806974265448 0.017146803270906411 -0.052533913041627946 0.060763635077432168 -0.040075850027646603 0.049916596472879056 0.050365197574984637 0.011095816791634289
leaf_weight=32.288861244916916 3.8333114981651306 4.9390514642000225 8.8676947355270368 125.48913908004761 20.461589992046356 3.8596453815698624 4.300110936164856 5.5084949284791938 1041.5367308408022 31.51170888543129 5.016436055302619 5.2194981276988965 52.648742467164993 291.78259289264679 7.8981750607490531 33.20368780195713 4.2658682465553275 18.091869592666626 552.3658786714077 54.033015429973602 7.5454161614179602 33.55264139175415 8.495572626590727 6.4641601741313917 6.8628500401973724 6.9495413601398459 34.541124626994133 1360.3350111395121 57.134703785181046 5.4788872599601746
leaf_count=156 13 20 27 367 92 11 14 22 5005 91 22 21 155 1406 28 155 13 52 2649 255 22 160 36 20 21 20 165 4000 167 19
internal_value=-0.000222719 0.0152737 0.0294736 -0.0212206 0.0435704 0.0290444 -0.0362431 0.0465717 -0.0365571 0.00386322 0.0476136 0.04538 0.0479445 -0.0361591 0.0482414 -0.0309799 0.0485887 0.0371085 -0.0392778 -0.0360493 -0.0389391 -0.0222057 0.0488026 0.0361736 -0.0187358 -0.0378817 -0.0231856 0.0493869 0.038407 -0.0152468
internal_weight=3834.48 2688.05 1935.1 752.948 1592.96 173.251 579.697 1535.09 1146.44 63.8006 1514.63 136.188 1509.12 342.141 1504.11 37.0633 1496.21 23.0309 556.666 57.8663 1082.63 41.0981 1491.94 65.9758 13.327 333.273 41.4907 1425.97 65.6303 10.6984
internal_count=15204 9770 6462 3308 4844 573 2735 4576 5434 247 4484 407 4462 1618 4440 166 4412 72 2663 268 5187 182 4399 196 41 1591 185 4203 203 40
is_linear=0
shrinkage=0.05


Tree=38
num_leaves=31
num_cat=0
split_feature=10 4 8 2 10 4 21 34 20 29 11 16 4 7 0 10 3 7 15 27 2 24 28 29 4 10 11 8 3 35
split_gain=1581.22 1085.4 57.2855 55.5452 41.9765 74.2224 34.5611 23.8619 21.5693 19.8803 15.2384 7.4018 26.7057 11.6582 6.96467 13.5522 5.80091 3.78002 3.60236 2.47515 3.2906 2.0908 2.65585 1.83629 1.29985 10.3905 1.00243 0.805601 0.522818 0.845145
threshold=0.37169821560382849 0.47303721308708196 -0.33437740802764887 0.1320496276021004 0.40137711167335516 0.59525963664054882 0.20643051713705066 0.77477005124092113 0.2420228645205498 -1.605890095233917 0.31361922621726995 0.537365883588791 0.49359235167503362 0.3412527740001679 0.16429092735052112 0.50306022167205822 0.64419877529144298 0.33688920736312872 0.20413611829280856 0.23105992376804355 -0.18811552226543424 0.17129933834075931 0.8708452880382539 -1.4035562276840208 0.79337790608406078 0.45343953371047979 -0.54615885019302357 -0.22231695055961606 0.61652597784996044 0.012653905898332598
decision_type=8 10 2 10 8 10 8 8 10 8 10 8 10 2 10 8 10 2 10 10 10 8 8 8 10 10 10 2 10 8
left_child=1 2 -1 8 5 -2 7 -3 27 -8 17 12 -11 16 15 -6 19 -7 -9 20 -14 22 -13 -23 -16 -26 -27 -4 -21 -30
right_child=4 6 3 -5 14 10 9 18 -10 11 -12 21 13 -15 24 -17 -18 -19 -20 28 -22 23 -24 -25 25 26 -28 -29 29 -31
leaf_value=-0.041235842870236933 0.050857274174142299 0.047874671527025944 0.034042908070655166 -0.041235753098034289 -0.03506440247925776 0.001161057307335243 0.053952795466988425 0.0057077965623468759 -0.041218183581369083 0.047989887087964103 0.058391660686348039 -0.04151103195825271 -0.041284302931924491 0.043394158315127551 0.049595234185735484 0.051252554273829146 0.010943430933984609 -0.041408338366672431 -0.042302239831511081 -0.040193503574412703 0.013089726324960027 -0.011813709748988753 0.0085034119892811507 -0.040280782119318674 -0.020312142988145564 0.029773615183791891 0.050528674634031913 0.049774218863782707 -0.012099705274425002 -0.041901419672981825
leaf_weight=19.941684052348137 72.190289556980133 19.414487570524216 8.2789684534072858 17.957340657711029 7.2652118206024197 5.9681486189365378 5.7550195455551147 5.292634159326556 6.6405423283576956 10.427650123834608 4.6970210075378409 5.6422186642885181 5.7875496447086334 4.7139685451984397 1063.5985617935658 12.155628800392149 6.2857828736305228 41.31364418566227 14.925885602831839 154.57443115115166 5.3588618785142881 5.6821702569723129 5.0122781097888955 1869.0122336745262 6.0068963617086402 6.4666807055473319 57.960090517997742 478.75741976499557 4.4165494441986066 5.1565223187208176
leaf_count=88 215 56 24 79 26 22 16 19 29 30 13 24 25 14 3204 36 22 179 61 698 19 21 18 8570 23 20 173 1440 18 22
internal_value=-3.78015e-05 -0.0220033 0.0419039 0.0451444 0.0456776 0.018055 -0.0379714 0.00828282 0.0482864 -0.0388495 -0.0275022 -0.039106 -0.0298768 -0.0342354 0.0486512 0.0189619 -0.0362507 -0.036035 -0.0297346 -0.037943 -0.0151429 -0.040069 -0.0179823 -0.0401945 0.0491596 0.0425815 0.0484454 0.0495068 -0.0394913 -0.0281524
internal_weight=3936.66 2659.03 531.576 511.634 1277.62 124.169 2127.46 39.633 493.677 2087.83 51.9788 2082.07 196.721 186.294 1153.45 19.4208 181.58 47.2818 20.2185 175.294 11.1464 1885.35 10.6545 1874.69 1134.03 70.4337 64.4268 487.036 164.148 9.57307
internal_count=15204 11293 1660 1572 3911 429 9633 136 1493 9497 214 9481 848 818 3482 62 804 201 80 782 44 8633 42 8591 3420 216 193 1464 738 40
is_linear=0
shrinkage=0.05


Tree=39
num_leaves=31
num_cat=0
split_feature=13 2 7 2 16 12 10 16 21 1 16 10 28 7 13 10 6 1 30 14 23 23 0 18 32 8 9 35 1 7
split_gain=1518.54 427.298 361.427 90.5683 81.7438 51.5797 37.7388 73.3395 22.8347 20.1068 18.5454 9.72237 7.02283 15.2638 47.2725 18.067 5.71977 5.40064 4.85622 3.29255 3.24397 2.74691 6.13903 2.70857 1.96191 1.70723 1.48908 0.578543 0.351004 0.342423
threshold=0.6440052092075349 0.32005520164966589 0.31946767866611486 -0.32348155975341791 0.80306494235992443 0.27732557058334356 0.27134813368320471 0.61002835631370556 0.70705190300941478 0.4257176965475083 0.64119571447372448 0.32801096141338354 0.96254611015319835 0.30922719836235052 0.64096337556839 0.34657002985477453 0.67001798748970043 0.53281533718109142 0.18791685253381732 -0.069820612668991075 -0.5857337713241576 0.20356181263923648 0.59220808744430553 0.54391267895698558 -0.37410512566566462 0.47365209460258489 0.3249370157718659 -0.140137143433094 0.55093008279800426 0.31109739840030676
decision_type=10 10 2 8 10 10 8 8 10 10 8 10 8 2 8 8 2 10 8 8 8 10 8 8 8 2 8 10 10 2
left_child=1 3 5 23 21 -2 7 27 -3 26 24 18 -8 14 -14 17 -6 -16 -12 -11 -20 -4 -23 -1 -7 29 -9 -5 -19 -15
right_child=2 8 4 6 16 10 12 9 -10 19 11 -13 13 25 15 -17 -18 28 20 -21 -22 22 -24 -25 -26 -27 -28 -29 -30 -31
leaf_value=0.012409248411443885 -0.038168958304968338 0.049149351355508894 -0.039713998977799883 -0.039527690453700248 -0.0031485951871374341 -0.041950559859277786 -0.039591506571043156 -0.040455318622054204 -0.040891506415271166 0.014696821064612087 0.01455097365939842 -0.014753018724496941 -0.039816219878079727 -0.029361832248873496 0.0084024949658129035 -0.039921938203877058 0.049862679837026698 0.043863690905093483 0.013747465554960456 0.050112291286562249 0.049104845252528409 -0.041137114539700592 0.031693819819452296 0.049913037904878499 0.0018510492759800706 -0.0062451779119588879 -0.0039756898636165846 -0.020269766089887172 0.056806893736520515 -0.039697588867952945
leaf_weight=5.7152259647846222 17.652941420674324 175.97993996739388 161.37492093443871 98.182132437825203 6.0025306493043891 4.914290115237236 1368.7176406234503 7.7650941312313053 7.3348510116338721 7.793547734618187 10.352773547172548 6.0717580318450919 82.494717165827751 8.280836343765257 9.2970066517591459 8.6289405822753888 33.412895292043686 7.427903980016711 6.5194581896066666 41.556644976139069 1310.488687723875 8.2395077794790232 4.4593493938446054 30.539362013339996 5.3282904028892499 3.9511923193931571 4.3727203011512765 4.0612464249134055 17.76708322763443 248.14933660626411
leaf_count=20 82 537 802 496 20 21 6874 36 33 24 34 20 406 37 29 42 101 22 22 125 4006 37 15 92 20 17 17 17 51 1236
internal_value=-1.26533e-06 -0.0274448 0.0372568 -0.03429 -0.0232298 0.0467425 -0.0357695 -0.0128119 0.0455466 0.0303395 0.0478581 0.0483729 -0.0379117 -0.0319553 -0.0176402 0.0247848 0.0417897 0.0409726 0.0486617 0.0445194 0.0489298 -0.0379521 -0.0155617 0.0440009 -0.0191645 -0.0388613 -0.0273133 -0.0387627 0.052991 -0.0393638
internal_weight=3712.83 2138.02 1574.82 1954.7 213.489 1361.33 1918.45 163.731 183.315 61.488 1343.68 1333.43 1754.71 385.997 125.616 43.1209 39.4154 34.492 1327.36 49.3502 1317.01 174.074 12.6989 36.2546 10.2426 260.381 12.1378 102.243 25.195 256.43
internal_count=15291 10111 5180 9541 975 4205 9429 715 570 202 4123 4082 8714 1840 550 144 121 102 4062 149 4028 854 52 112 41 1290 53 513 73 1273
is_linear=0
shrinkage=0.05


Tree=40
num_leaves=31
num_cat=0
split_feature=4 13 10 10 11 10 34 20 10 30 6 7 16 8 14 4 10 2 27 11 20 4 6 4 8 9 9 6 6 7
split_gain=814.943 512.153 661.934 214.845 134.473 57.7497 56.988 43.0023 42.8957 17.5346 17.4748 15.3177 13.7371 12.5976 12.1125 12.0972 23.2466 7.38538 7.09237 7.01641 5.64204 18.9902 4.51916 19.0539 3.61901 23.6917 2.93187 2.62453 2.40793 27.2219
threshold=0.50652417540550243 0.66926905512809765 0.40597115457057958 0.32801096141338354 -0.74694955348968495 0.40137711167335516 0.93526437878608715 -0.38633741438388819 0.27134813368320471 0.18791685253381732 0.73691895604133617 0.25929506123065954 0.75416088104248058 -0.74164596199989308 0.19084033370018008 0.81045770645141613 0.50306022167205822 0.26886835694313055 0.17746780812740329 0.74542596936225902 -0.67390260100364674 0.48740535974502569 0.83567142486572277 0.49560140073299414 -0.45265351235866541 0.62703621387481701 0.80333301424980175 0.77492326498031627 0.82939603924751293 0.3064503967761994
decision_type=8 10 8 10 10 10 10 8 10 8 2 2 10 2 10 8 8 8 8 8 8 10 2 10 2 10 10 2 2 2
left_child=6 2 4 7 17 10 20 -3 -6 -9 -5 -10 13 -13 -7 -4 -17 -2 -15 24 21 -1 26 -24 25 -20 -22 -12 -26 -30
right_child=1 3 15 5 8 14 -8 9 11 -11 27 12 -14 18 -16 16 -18 -19 19 -21 22 -23 23 -25 28 -27 -28 -29 29 -31
leaf_value=-0.039398150640481876 0.033081494311296943 0.045205932879076483 -0.038935877652822769 0.048747014076439034 -0.0314725038890575 -0.040083168437797301 0.04452986412826495 0.044243618969422104 -0.042611858892218628 -0.039480803989773668 -0.042167555764140024 -0.040506899066822026 -0.015804246134206414 -0.0039442654658123962 0.04946822827468203 0.043864416052915647 -0.039759087755648431 -0.039867264537437275 -0.038128710424825116 -0.0107379612100145 -0.039353609239217532 0.037292990117886428 -0.039558597620588824 0.050055407489889903 0.048305385072953753 0.048532079351324052 -0.0050137370175416078 0.0076127055327597547 0.050073608254108726 -0.047065619321156438
leaf_weight=31.828521504998207 3.7239458411931992 15.805120080709456 294.83991448581219 123.03708720207214 18.099020376801491 30.387933507561684 21.452087849378586 6.3289319723844546 4.8648377060890189 525.53933402895927 5.4874395728111249 4.136696368455886 8.8641019612550718 6.8353431522846257 4.3117392957210532 13.413501158356665 21.846557080745697 50.795087844133377 9.2904352396726591 5.2240525037050238 991.61501550674438 10.814647525548933 28.967606008052826 7.4589728116989127 1335.6109732985497 52.193066418170929 6.2548620849847785 5.1165394932031631 62.241750001907349 8.1574723422527295
leaf_count=163 12 48 1487 370 84 149 64 19 20 2647 23 19 32 22 12 40 109 251 40 16 5010 32 146 22 4042 157 25 18 187 25
internal_value=-2.08673e-05 0.0151541 0.0287343 -0.0208847 0.042266 0.0285166 -0.0361647 -0.0360693 0.0450414 -0.0384845 0.0434391 0.0459663 0.046255 0.0466257 -0.0289556 -0.0356258 -0.00794734 -0.0348845 0.0468693 0.0471052 -0.0377721 -0.0199487 -0.0385069 -0.0212086 0.0473111 0.0354372 -0.0391384 -0.018148 0.0478303 0.0388177
internal_weight=3714.54 2616.15 1900.14 716.014 1570.04 168.341 1098.39 547.673 1515.52 531.868 133.641 1497.42 1492.55 1483.69 34.6997 330.1 35.2601 54.519 1479.55 1472.72 1076.94 42.6432 1034.3 36.4266 1467.49 61.4835 997.87 10.604 1406.01 70.3992
internal_count=15291 9829 6543 3286 4907 572 5462 2714 4644 2666 411 4560 4540 4508 161 1636 149 263 4489 4467 5398 195 5203 168 4451 197 5035 41 4254 212
is_linear=0
shrinkage=0.05


Tree=41
num_leaves=31
num_cat=0
split_feature=10 4 2 2 21 10 11 6 20 29 25 4 6 9 6 2 16 24 11 29 12 17 12 13 17 0 4 6 16 12
split_gain=1472 999.247 56.5206 51.6291 35.3498 34.7513 67.5302 25.2283 25.0198 19.1687 11.5434 5.87909 20.6616 5.88311 5.60423 33.4465 11.1003 6.4154 2.22449 1.80918 1.13451 23.8937 0.908518 0.846722 0.670776 0.331742 0.297255 0.245354 2.06957 0.17345
threshold=0.37169821560382849 0.47519899904727941 -0.19397600740194318 0.1320496276021004 0.20643051713705066 0.40137711167335516 -0.19885873794555661 0.78888249397277843 0.2420228645205498 -1.605890095233917 0.92087444663047802 0.79337790608406078 0.33885216712951666 0.7099369764328004 0.8088805377483369 -0.1451584920287132 0.53113242983818065 0.14732921868562701 -0.35998103022575373 -1.4035562276840208 0.26935879886150366 -0.028432300314307209 0.18839196115732196 0.54916566610336315 0.10603213310241701 0.60356077551841747 0.51021474599838268 0.80021318793296825 0.54365143179893505 0.081134758889675154
decision_type=8 10 10 10 8 8 10 2 10 8 10 8 2 10 2 10 10 8 8 8 8 8 10 10 10 10 10 2 8 10
left_child=1 2 -1 8 7 6 -2 25 24 -6 22 -7 18 29 17 -16 -17 -11 -13 -19 21 -21 -8 -9 -4 -3 -24 -22 -29 -14
right_child=5 4 3 -5 9 11 10 23 -10 14 -12 12 13 -15 15 16 -18 19 -20 20 27 -23 26 -25 -26 -27 -28 28 -30 -31
leaf_value=-0.04058331092038106 -0.039535558240802619 -0.02619254743301699 0.048330341511964636 -0.040683756465111652 0.053131205407481535 0.048239402926911902 0.031230265032191604 0.031472108224680988 -0.040596008345661211 0.01873425068262943 -0.023695905895713628 -0.043367618983233019 0.048740428281912954 0.00054505578299987123 -0.040358627037515638 0.066450504844414421 -0.021570946626286121 -0.016394578348352586 -0.00085481187819909897 0.065301428613684293 -0.039896818838471182 -0.040076485820550886 0.048803177913926465 0.05258192905880648 0.034507812413826132 -0.041753052174783409 0.059116697210609276 -0.0027989188635573399 -0.04039896034804346 0.057343291581984139
leaf_weight=20.814499273896217 34.998728513717651 4.9455914646387127 464.7038632184267 17.568073451519012 5.7024716138839722 1046.7081843614578 7.1376140564680091 7.0432525575161007 8.0923410505056363 4.7558762431144714 6.006030097603797 7.0470761805772781 57.245032995939255 6.7534692287445059 78.777176961302757 11.125164449214937 5.2825019657611838 8.4997441023588181 5.4619144052267057 5.6775425374507904 1744.6776846349239 102.39516127109528 63.186464667320251 14.590496003627775 8.9458937346935254 11.142253234982489 7.8549327850341788 4.2082184255123138 28.076019510626793 6.5271282196044913
leaf_count=97 160 20 1442 81 16 3255 23 21 37 16 25 27 177 23 369 31 20 33 20 16 8392 489 195 43 27 48 22 16 131 19
internal_value=2.16001e-05 -0.0217101 0.0401443 0.0435095 -0.0375046 0.0445145 0.0188361 0.0104476 0.0465799 -0.0384094 0.0431033 0.0472235 0.0344174 0.0449215 -0.0386713 -0.0268322 0.0381117 -0.0392649 -0.0248049 -0.0394106 -0.0395144 -0.0345405 0.048235 0.0457093 0.0480693 -0.0369696 0.0499435 -0.0398169 -0.0354978 0.0496209
internal_weight=3805.95 2557.02 520.125 499.31 2036.9 1248.93 119.184 37.7216 481.742 1999.18 84.185 1129.74 83.0346 70.5256 1993.48 95.1848 16.4077 1898.29 12.509 1893.53 1885.03 108.073 78.179 21.6337 473.65 16.0878 71.0414 1776.96 32.2842 63.7722
internal_count=15291 11345 1684 1587 9661 3946 425 132 1506 9529 265 3521 266 219 9513 420 51 9093 47 9077 9044 505 240 64 1469 68 217 8539 147 196
is_linear=0
shrinkage=0.05


Tree=42
num_leaves=31
num_cat=0
split_feature=13 2 10 30 2 10 16 23 12 1 11 7 9 2 17 28 7 13 10 1 14 33 9 5 7 25 2 22 12 17
split_gain=1372.59 409.479 332.543 96.1133 82.2608 42.3482 71.6308 29.1491 23.9549 20.614 19.9962 16.8087 11.2302 10.3184 9.32442 6.01193 12.9543 38.6931 16.5739 3.43054 2.32748 1.99963 1.94777 1.64745 0.628097 1.98635 0.581264 0.274262 0.264805 0.869011
threshold=0.6440052092075349 0.32005520164966589 0.32994285225868231 0.17924896627664569 -0.33588591217994684 0.27134813368320471 0.60595834255218517 -0.52396109700202931 0.26609988510608679 0.42809705436229711 -0.60970196127891529 0.27072356641292578 0.26301448047161108 0.28015170991420751 -0.31697112321853632 0.96254611015319835 0.3050737082958222 0.64096337556839 0.32690635323524481 0.54473429918289196 -0.069820612668991075 0.14194371551275256 0.33879350125789648 -0.27747775614261622 0.31109739840030676 0.97465622425079357 0.095292009413242354 0.79028671979904186 0.31697973608970648 0.1604133024811745
decision_type=10 10 10 8 8 8 8 8 10 10 10 2 10 10 10 8 2 8 8 10 8 8 8 8 2 8 10 8 10 10
left_child=1 4 3 11 -1 6 26 13 -9 22 -3 -2 14 -5 -4 -7 17 -17 19 -19 -11 -10 -8 -18 25 -25 -6 -23 29 -29
right_child=2 10 12 7 5 15 9 8 21 20 -12 -13 -14 -15 -16 16 23 18 -20 -21 -22 27 -24 24 -26 -27 -28 28 -30 -31
leaf_value=0.046136810975596021 0.052935607979102732 0.048014268332726817 -0.039898886849175468 -0.040899765732759032 -0.039092753678330427 -0.039165249849927211 -0.039871995221168167 -0.040084835302640009 0.02196713443440635 0.021393356209481896 -0.029452610064922086 -0.039863783015773577 -0.039564272429903923 0.045334789915744848 0.050362443662393223 -0.039369691907493357 -0.0051602885521219374 0.018682763448333684 -0.03513942014829486 0.053956275886476307 0.048225407667672332 0.038104294833514692 -0.00037528969700389677 -0.039804219801855584 -0.039249484507621772 -0.0017134380809663817 -0.019482512753957806 0.027072712368245135 0.047887312965948503 0.049385709710393737
leaf_weight=31.638032674789429 5.5737790167331687 175.53289303183556 5.0194259583950043 12.877446770668032 93.122882783412933 1297.4697393923998 8.7674670219421351 7.8377650231122962 7.5691173523664483 9.9549480378627759 8.745220020413397 39.179003238677979 134.90740583837032 4.7478118538856497 6.6547130644321424 72.076880678534508 3.7425781786441803 10.949923276901247 9.4641890674829465 18.604263424873352 42.956652045249939 7.3397295027971259 4.8471774607896814 12.469918861985208 236.15687020123005 4.7173737138509741 3.9385655373334876 6.4976791739463833 1260.258092969656 13.286391466856001
leaf_count=98 16 553 25 60 495 6845 43 38 27 30 39 196 692 15 20 373 15 33 47 54 133 23 19 62 1237 19 17 20 3979 41
internal_value=-5.36323e-05 -0.0267579 0.036073 0.0437573 -0.0337984 -0.0351809 -0.0109054 0.0461997 0.0470638 0.0290589 0.044338 -0.028306 -0.0354931 -0.0176703 0.0115536 -0.0375651 -0.0319261 -0.0176589 0.0224465 0.0408873 0.0431771 0.0475913 -0.0258101 -0.0380914 -0.0385779 -0.0293495 -0.038297 0.0477419 0.0477972 0.0420575
internal_weight=3556.9 2045.16 1511.75 1365.17 1860.88 1829.24 163.588 1320.41 1302.79 66.5262 184.278 44.7528 146.582 17.6253 11.6741 1665.65 368.182 111.095 39.0184 29.5542 52.9116 1294.95 13.6146 257.087 253.344 17.1873 97.0614 1287.38 1280.04 19.7841
internal_count=15264 10112 5152 4415 9520 9422 737 4203 4128 225 592 212 737 75 45 8685 1840 507 134 87 163 4090 62 1333 1318 81 512 4063 4040 61
is_linear=0
shrinkage=0.05


Tree=43
num_leaves=31
num_cat=0
split_feature=4 13 7 7 7 34 34 14 11 24 1 11 17 0 14 17 6 2 16 13 4 0 20 1 6 2 25 0 7 1
split_gain=758.898 448.701 289.735 176.764 123.007 81.0733 72.2836 68.7287 62.4828 60.8948 58.1841 26.0713 22.1933 18.3384 17.1235 16.9885 18.229 14.1745 9.32005 32.3626 17.704 10.4786 8.49198 22.6903 8.36625 25.3696 7.45397 56.8244 7.64771 18.8375
threshold=0.50915145874023449 0.68196186423301708 0.40497589111328131 0.32095615565776831 0.27777682244777685 0.42183966934680944 0.93526437878608715 -0.25757130980491633 -0.66163748502731312 0.20728256553411487 0.48649403452873236 0.81779608130455028 -0.35064098238945002 0.73183855414390575 0.5140109956264497 0.17816059291362765 0.40065430104732519 0.30117020010948187 0.61346331238746654 0.53810414671897899 0.52697229385375988 0.57396996021270763 -0.71777814626693714 0.48106607794761663 0.83567142486572277 -0.17384706437587735 0.97788432240486156 0.61339694261550914 0.34813773632049566 0.62722128629684459
decision_type=8 10 2 2 2 8 10 8 10 10 10 10 8 10 10 8 2 10 10 8 10 10 8 10 2 10 8 10 2 10
left_child=6 2 4 -3 7 -6 22 -2 17 12 -10 13 -5 18 -14 -4 -17 -7 26 21 -21 -20 23 -1 -24 -26 28 -28 -12 -30
right_child=1 3 15 9 5 8 -8 -9 10 -11 11 -13 14 -15 -16 16 -18 -19 19 20 -22 -23 24 -25 25 -27 27 -29 29 -31
leaf_value=-0.039045706135799323 0.041439765464901475 -0.038507793585045219 -0.038838183472234528 0.030701433320567708 -0.039052252154909199 0.025063357782260178 0.043340642281054859 -0.036656550319370533 -0.039656212717513177 0.047705884583540331 0.04753416403305185 -0.040505375724813941 -0.039283313439612992 -0.024611666661818171 0.060398918248864966 0.040503073393908247 -0.036860958583529925 -0.03889707168077209 -0.039321747058010809 -0.03941501440447278 0.044033685491982805 0.048440608979314723 -0.038587731217818041 0.042519380628561421 0.04905030618741088 -0.038244573563064682 0.046591310805489713 -0.038317021308239343 -0.045050604299942926 0.048761373099369301
leaf_weight=28.005114018917084 40.91725055873394 439.84920594096184 152.96996845304966 20.927604496479034 33.352980405092239 12.202522590756415 28.951844215393066 90.442818939685822 21.777867928147316 96.343473449349403 1036.5851710140705 9.3584553897380811 47.481421679258347 9.8962038159370405 4.7381276190280905 15.320144295692446 15.137699663639067 29.855242937803268 18.248311698436741 6.6072698086500159 167.01040180027485 4.1802852153778067 976.31148211658001 12.258867681026457 11.10427190363407 33.228680208325386 155.2540810406208 22.569423705339432 7.7750508487224606 17.164712220430374
leaf_count=150 130 2324 815 70 178 43 89 454 113 300 3240 41 237 41 13 48 78 149 95 34 531 13 5169 36 34 174 484 98 30 53
internal_value=0.000159702 0.0154633 0.0276246 -0.0217908 0.0341275 0.03806 -0.0346074 -0.0123304 0.0397538 0.0215918 0.0414656 0.0426801 -0.0128035 0.0432187 -0.0302387 -0.0320483 0.00205277 -0.0203398 0.0436864 0.0335564 0.0408579 -0.0229644 -0.0367346 -0.0142122 -0.0376231 -0.0163794 0.0452888 0.0358147 0.0468759 0.0195152
internal_weight=3565.83 2475.97 1866.63 609.34 1683.2 1551.84 1089.86 131.36 1518.49 169.491 1476.43 1454.65 73.1472 1445.29 52.2195 183.428 30.4578 42.0578 1435.39 196.046 173.618 22.4286 1060.91 40.264 1020.64 44.333 1239.35 177.824 1061.52 24.9398
internal_count=15264 9612 6668 2944 5727 5143 5652 584 4965 620 4773 4660 320 4619 250 941 126 192 4578 673 565 108 5563 186 5377 208 3905 582 3323 83
is_linear=0
shrinkage=0.05


Tree=44
num_leaves=31
num_cat=0
split_feature=10 4 8 2 10 11 34 27 20 29 19 6 10 4 6 9 16 15 12 29 0 9 1 31 8 22 0 16 12 3
split_gain=1336.99 922.348 54.2414 51.4712 33.7043 62.1063 26.2633 43.5762 21.9297 19.4233 13.1231 8.88584 8.91854 5.35068 18.2894 9.37848 4.87556 4.20848 30.3124 2.03884 2.00335 1.44879 0.850887 0.82943 0.815806 1.11925 0.579624 0.27896 2.60319 0.581127
threshold=0.37169821560382849 0.47519899904727941 -0.32539874315261835 0.1320496276021004 0.40137711167335516 -0.21377491950988767 0.72935432195663463 0.23816899955272677 0.20289138704538348 -1.605890095233917 0.85552588105201732 0.79528871178627025 0.29468216001987463 0.79337790608406078 0.37975841760635382 0.50548428297042858 0.46668364107608801 0.22420193254947665 0.28030642867088323 -1.4035562276840208 0.40932226181030279 0.70700690150260936 0.50895246863365184 0.84761232137680065 -0.21085171401500699 0.40577496588230139 0.75428903102874767 0.53944781422615062 0.29081995785236364 0.62441498041152965
decision_type=8 10 2 10 8 10 8 8 10 8 10 2 10 8 2 10 8 8 10 8 10 10 10 10 2 8 10 8 8 10
left_child=1 2 -1 8 5 -2 7 23 24 -8 20 22 -13 -6 15 -15 -11 18 -18 -19 -7 -16 -9 -3 25 -4 27 28 -21 -30
right_child=4 6 3 -5 13 10 9 11 -10 16 -12 12 -14 14 21 -17 17 19 -20 26 -22 -23 -24 -25 -26 -27 -28 -29 29 -31
leaf_value=-0.039030286348721958 -0.040124244703876197 0.030915535050235102 0.048804343556832781 -0.040224425882680943 0.046929275854716242 0.019228831577732513 0.057602808704313273 -0.017694124276448439 -0.036617170744484298 0.0054402757035225202 -0.029818434766595948 -0.040294961750486261 0.051820983289175948 0.036428077175604263 0.048441038178836958 -0.042337683096663054 0.065172928858724222 -0.013442110961613504 -0.039139698274564622 -0.0052178624007007731 0.048864946674541727 0.023908512482470431 -0.039603041997503537 0.052050194960413403 0.047189051570648385 0.019778093571989397 -0.022122808319376772 -0.039527770095700313 -0.039543865645799259 -0.020480910492553944
leaf_weight=21.469129458069801 33.257429778575897 6.2716109454631832 6.7955459356307957 18.237711265683174 1002.9187929034233 6.2070007026195517 5.2619995474815369 4.7954661995172492 8.0112884193658811 6.2636482119560242 6.089075341820716 4.6832334846258146 5.9864589720964432 5.9372140765190151 55.198762595653534 10.397344499826429 7.9564557075500479 7.6468491405248642 55.858269274234772 6.1120222210884094 70.135948032140732 6.7545449435710898 58.422198876738548 17.868728995323181 446.25934851169586 6.4957712590694436 4.8883704394102088 1643.1152905672789 100.65645813941956 4.1632440239191046
leaf_count=102 160 20 21 88 3228 21 15 20 36 24 27 22 19 19 175 42 23 30 273 24 220 22 293 53 1433 20 22 8298 496 18
internal_value=-0.000103922 -0.0212841 0.0387443 0.0421814 0.043202 0.0175517 -0.0369807 -0.0117627 0.0453958 -0.0383228 0.0408212 -0.0308177 0.0113887 0.0459465 0.0333571 -0.0137082 -0.0385976 -0.0387483 -0.0261339 -0.039204 0.0464554 0.0457663 -0.0379411 0.0465595 0.0468255 0.0346186 -0.039316 -0.0393639 -0.0369372 -0.0387867
internal_weight=3644.12 2447.22 507.269 485.8 1196.9 115.689 1939.95 98.0277 467.562 1841.92 82.432 73.8874 10.6697 1081.21 78.2879 16.3346 1836.66 1830.4 63.8147 1766.58 76.3429 61.9533 63.2177 24.1403 459.551 13.2913 1758.94 1754.05 110.932 104.82
internal_count=15264 11350 1700 1598 3914 428 9650 427 1510 9223 268 354 41 3486 258 61 9208 9184 296 8888 241 197 313 73 1474 41 8858 8836 538 514
is_linear=0
shrinkage=0.05


Tree=45
num_leaves=31
num_cat=0
split_feature=13 2 10 30 10 16 20 1 12 21 7 2 20 9 6 28 7 12 6 9 3 7 5 16 9 23 1 23 17 12
split_gain=1281.53 378.319 307.556 78.0336 72.594 97.8738 25.0464 19.0851 17.2006 16.9742 15.285 14.7096 13.0136 10.1891 8.04194 5.62894 12.3382 38.2676 16.4242 12.3978 2.56161 1.77657 1.69381 1.5384 1.27226 0.906329 0.619006 0.55675 0.511496 0.472493
threshold=0.64658099412918102 0.32005520164966589 0.32994285225868231 0.1836843937635422 0.27615544199943548 0.60595834255218517 -0.427682414650917 0.4257176965475083 0.26609988510608679 0.69649645686149608 0.27072356641292578 -0.35181166231632227 -0.12434954568743704 0.26301448047161108 0.74770537018775951 0.96254611015319835 0.31109739840030676 0.081134758889675154 0.63579046726226818 0.62703621387481701 0.43618506193161016 0.28053857386112219 -0.27747775614261622 0.64623767137527477 0.33879350125789648 -0.46513526141643519 0.49593690037727362 0.021518795751035217 -0.10559575632214545 0.30815319716930395
decision_type=10 10 10 8 10 8 8 10 10 10 2 8 8 10 2 8 2 10 2 10 8 2 8 8 10 8 10 10 8 10
left_child=1 4 3 10 5 27 20 24 -8 -3 -2 -6 -9 14 -4 -13 17 18 19 -17 -5 28 -18 -10 -7 -25 -19 -1 -14 -27
right_child=2 9 13 6 11 7 8 12 23 -11 -12 15 21 -15 -16 16 22 26 -20 -21 -22 -23 -24 25 -26 29 -28 -29 -30 -31
leaf_value=-0.038787214681737583 0.051108872766706004 0.04670579389730814 -0.039495788008977024 -0.039682399852218934 0.047996686095883603 -0.039416650358920086 -0.03954269724099499 -0.031105209825963334 0.022721651644969736 -0.035272664080152595 -0.039418721250207955 -0.038773600535913978 0.032978017208671925 -0.039160118668323307 0.048982641479818047 -0.040860469697049137 -0.0047283377468975716 -0.02067535166345192 0.053919983160928747 0.047262473582996192 0.0085241076962592269 0.019225219783173007 -0.038884521097394001 0.027720094183377703 -0.0053086840347294478 0.036138825825153369 -0.03911521105187709 -0.019818936002622176 0.048221749599817176 0.046604077066871724
leaf_weight=104.11888583004475 5.4191434681415549 168.85344848036766 4.4165515601634961 8.7468715161085093 5.0840240120887756 7.9540950506925565 5.8650010526180258 6.0847452133893967 6.8891948610544231 6.5596822649240485 33.407533928751945 1233.9750711172819 5.9959193617105484 128.11290042102337 6.1364968121051788 12.105630934238436 3.6888235509395599 4.8418743312358847 20.064936131238937 5.9544209688901892 4.0233425796031961 6.2661230862140647 226.34660094976425 6.4496836215257645 4.1659931540489197 10.881057441234587 75.793675616383553 4.0177996307611457 66.940000638365746 1226.7440972626209
leaf_count=578 16 551 23 44 16 41 30 27 23 31 176 6847 20 689 19 58 15 25 60 17 15 21 1244 22 17 34 407 18 212 4016
internal_value=-0.000185588 -0.0264415 0.0355364 0.0430404 -0.0332962 -0.00533635 0.0451758 0.0310169 0.0458837 0.0436402 -0.0267835 -0.0369156 0.0393601 -0.0352702 0.0119536 -0.0371883 -0.0315799 -0.0184919 0.0227851 -0.0118062 -0.0244946 0.0447737 -0.0383368 0.0462842 -0.0276928 0.0464146 -0.038008 -0.0380825 0.0469686 0.0465121
internal_weight=3415.9 1968.81 1447.09 1308.43 1793.4 205.544 1269.6 97.4069 1256.83 175.413 38.8267 1587.86 85.2868 138.666 10.553 1582.77 348.796 118.761 38.125 18.0601 12.7702 79.202 230.035 1250.96 12.1201 1244.07 80.6355 108.137 72.9359 1237.63
internal_count=15312 10205 5107 4376 9623 934 4184 338 4125 582 192 8689 280 731 42 8673 1826 567 135 75 59 253 1259 4095 58 4072 432 596 232 4050
is_linear=0
shrinkage=0.05


Tree=46
num_leaves=31
num_cat=0
split_feature=4 10 16 10 8 34 10 2 8 6 6 2 24 23 9 7 24 20 1 27 22 24 0 10 15 6 4 19 9 6
split_gain=692.604 368.313 445.895 239.166 213.443 54.2781 45.3114 38.9384 23.5238 22.6158 17.8964 17.0748 16.5094 15.6844 9.70762 7.56205 23.0153 7.4815 20.8145 5.56181 18.3498 16.2913 27.5897 5.74423 5.5044 5.10149 19.0688 4.95084 3.91827 2.03549
threshold=0.5072980821132661 0.40597115457057958 0.67609733343124401 0.32801096141338354 -0.53145897388458241 0.93526437878608715 0.27134813368320471 -0.1628816872835159 0.66556361317634594 0.72091138362884533 0.12173327431082727 0.36603349447250372 0.85282635688781749 -0.44837617874145502 0.8113229274749757 0.27668875455856329 0.64484503865242015 -0.71777814626693714 0.48106607794761663 0.23816899955272677 0.62407284975051891 0.76759546995162975 0.62820225954055797 0.31089925765991216 0.228391207754612 0.83567142486572277 0.49560140073299414 0.80192893743515026 0.80805265903472911 0.82478412985801708
decision_type=8 10 10 10 2 10 10 10 2 2 2 10 10 8 10 2 8 8 10 10 8 8 10 10 8 2 10 8 10 2
left_child=5 2 4 13 7 17 -6 -2 11 -5 -3 12 15 -4 -12 16 -8 18 -1 20 -17 24 23 -23 -22 28 -27 -15 -19 -21
right_child=1 10 3 9 6 -7 8 -9 -10 -11 14 -13 -14 27 -16 19 -18 25 -20 29 21 22 -24 -25 -26 26 -28 -29 -30 -31
leaf_value=-0.038652968901344141 -0.038029531256302908 0.056112179790043654 0.030323877729592524 0.047096513021795343 -0.030184510800016835 0.042210870680656903 0.044463908838171057 0.047333521230871749 -0.035179925837498176 -0.040532567408103071 -0.037101617000627828 -0.033815024174508393 -0.022204064824793254 0.019265027086572878 0.021907515988859354 -0.04174989317673309 -0.036991586095645401 -0.038382743248639328 0.043358395726434969 0.046837400835575006 0.0017540876875263159 -0.0070878722655926783 -0.037131242508296317 0.046898887307014976 0.046406335520885356 -0.038730872479794141 0.044247829740144372 -0.038274104625722657 0.00089030340369377367 0.03552815135468395
leaf_weight=26.259160533547401 107.5281458646059 5.3821267187595359 8.6553445756435377 122.03179293870926 21.860112205147743 22.416351228952408 34.073633641004562 15.254315271973608 9.7157557755708677 7.8358057886362067 318.96038250625134 7.2181737273931494 9.5580842047929746 3.7747370451688758 7.1254020631313315 6.8830671757459632 11.632452577352522 899.36918976902962 10.968359738588331 943.05105040967464 7.0695849061012277 5.7705421894788733 17.029208183288574 33.712728455662727 290.82378055155277 30.130671173334122 8.9891134202480298 388.91792707145214 6.3962107002735129 41.53964763879776
leaf_count=148 587 15 29 390 114 71 109 49 39 37 1756 39 49 15 26 24 60 5017 33 3050 21 20 76 107 937 168 28 2140 26 132
internal_value=0.000192704 0.0146524 0.0224046 -0.0171694 0.035857 -0.0347198 0.0412529 -0.0274241 0.0423542 0.0418092 -0.0343196 0.042889 0.0432842 -0.0362536 -0.0358122 0.043734 0.023733 -0.0364757 -0.0144899 0.0444132 0.0391071 0.0406775 0.016065 0.0390086 0.0453467 -0.0373419 -0.0196637 -0.037721 -0.0381054 0.0463603
internal_weight=3429.93 2425.4 2093.94 531.216 1562.72 1004.53 1439.94 122.782 1418.08 129.868 331.468 1408.36 1401.14 401.348 326.086 1391.59 45.7061 982.113 37.2275 1345.88 361.289 354.406 56.5125 39.4833 297.893 944.885 39.1198 392.693 905.765 984.591
internal_count=15312 9821 8024 2611 5413 5491 4777 636 4663 427 1797 4624 4585 2184 1782 4536 169 5420 181 4367 1185 1161 203 127 958 5239 196 2155 5043 3182
is_linear=0
shrinkage=0.05


Tree=47
num_leaves=31
num_cat=0
split_feature=10 4 8 2 21 10 11 34 29 20 1 16 4 7 11 0 6 0 24 29 27 2 15 4 6 8 15 9 34 8
split_gain=1242.13 870.084 41.389 38.2292 34.2924 30.1849 56.8218 22.787 17.4178 11.8425 8.62152 6.92688 24.5171 13.3439 6.18404 5.17057 10.9948 3.32216 3.14428 2.79227 2.02781 4.36985 1.9317 1.41845 9.86855 0.900667 0.734179 5.95665 0.527172 0.521843
threshold=0.37169821560382849 0.47100174427032476 -0.32539874315261835 0.1320496276021004 0.20643051713705066 0.40137711167335516 -0.19885873794555661 0.77477005124092113 -1.605890095233917 0.15432441979646686 0.6761603355407716 0.537365883588791 0.49430784583091741 0.34378980100154882 0.24841745197772983 0.16429092735052112 0.57780325412750255 0.70635175704956066 0.14732921868562701 -1.4035562276840208 0.23105992376804355 -0.1784875616431236 0.21131415665149691 0.79337790608406078 0.33885216712951666 -0.56352621316909779 0.20413611829280856 0.51020181179046642 0.70202451944351207 -0.21085171401500699
decision_type=10 10 2 10 8 10 10 8 8 10 10 8 10 2 10 10 2 10 8 8 10 10 8 10 2 2 8 10 8 2
left_child=1 2 -1 9 7 6 -2 -3 -6 29 -8 12 -10 17 -12 16 -7 20 -13 -20 21 -14 -9 -17 -25 -26 27 -21 -28 -4
right_child=5 4 3 -5 8 15 10 22 11 -11 14 18 13 -15 -16 23 -18 -19 19 26 -22 -23 -24 24 25 -27 28 -29 -30 -31
leaf_value=-0.038346948436115295 -0.038570570998566145 0.046273554801444239 0.035922401657525034 -0.039904895604234547 0.049178680982885657 -0.042398878987918949 0.047477387664468178 -0.0025857958007966223 0.041279077855713782 -0.029235453321696775 -0.041225847755162144 0.001961636769786904 -0.039968065393098676 0.061258264629200601 0.035367702597843352 0.045839811250852437 0.046731707741994893 -0.0018943244929119825 -0.0037649842811324076 -0.039382164466536619 -0.038310673580835494 0.025354935681669161 -0.040763255240357531 -0.015251188100484687 0.027259912749552462 0.047330839108970124 -0.022397456796600795 0.028412607548145397 -0.038994276255463776 0.046009912432699362
leaf_weight=16.492179363965988 32.121617168188095 20.60934317111969 13.21807163953781 13.728706195950506 5.8085134029388428 5.2704825848340979 65.585596174001694 4.424779012799263 11.851882591843603 5.3354258984327307 5.0424976348876935 4.7733815908432007 7.0025494247674942 3.6628841757774344 5.5202683955430984 968.70234593749046 10.07221809029579 7.1473333686590186 5.7070866376161575 26.40146936476231 146.10107518732548 4.0356980413198453 13.190890371799471 7.6198475807905188 6.2506335973739615 52.841431796550751 4.7989104390144348 3.6932811588048926 1600.7111799120903 426.47595989704132
leaf_count=81 161 64 42 69 17 21 214 18 37 24 23 18 34 10 18 3235 33 30 22 136 754 14 61 30 21 173 23 14 8493 1422
internal_value=-7.70872e-06 -0.0209353 0.0394754 0.0422731 -0.036289 0.0423371 0.0172 0.0105827 -0.0372671 0.0448082 0.0407256 -0.0375421 -0.028224 -0.0331286 -0.00119685 0.0449272 0.0161138 -0.0352331 -0.03856 -0.0386778 -0.0367495 -0.0160853 -0.0311737 0.0453542 0.0383021 0.0452078 -0.0387996 -0.0310623 -0.0389447 0.0457067
internal_weight=3504.2 2345.17 475.25 458.758 1869.92 1159.03 108.27 38.225 1831.7 445.029 76.1484 1825.89 179.801 167.95 10.5628 1050.76 15.3427 164.287 1646.09 1641.31 157.139 11.0382 17.6157 1035.41 66.7119 59.0921 1635.6 30.0948 1605.51 439.694
internal_count=15312 11383 1638 1557 9745 3929 416 143 9602 1488 255 9585 879 842 41 3513 54 832 8706 8688 802 48 79 3459 224 194 8666 150 8516 1464
is_linear=0
shrinkage=0.05


Tree=48
num_leaves=31
num_cat=0
split_feature=13 2 10 30 5 10 16 23 12 8 21 21 9 2 6 28 13 10 4 6 33 6 24 31 2 22 0 12 29 3
split_gain=1179.11 343.031 282.696 79.2362 71.608 38.3158 64.9005 26.4426 19.2918 17.9193 15.5951 13.541 10.0396 8.06802 7.75213 6.31611 9.64459 58.1953 5.34874 2.85542 2.26522 1.87295 1.66012 1.3732 0.345551 0.269924 0.223286 0.127543 0.12716 0.123876
threshold=0.6440052092075349 0.32005520164966589 0.32994285225868231 0.17924896627664569 0.32716438174247747 0.27134813368320471 0.60595834255218517 -0.48498241603374476 0.27228827774524694 0.53407454490661632 0.69649645686149608 0.56961992383003246 0.26301448047161108 0.27465043962001806 0.74540376663208019 0.96254611015319835 0.64096337556839 0.32690635323524481 0.4250198900699616 0.62340104579925548 0.14194371551275256 0.71103578805923473 0.51769116520881664 0.80579599738121044 -0.2339307367801666 0.79028671979904186 0.71905523538589489 0.30815319716930395 -0.081762377172708497 0.29453875124454504
decision_type=10 10 10 8 10 8 8 8 10 2 10 10 10 10 2 8 8 8 10 2 8 2 8 10 10 8 10 10 10 10
left_child=1 4 3 11 5 6 28 13 -9 18 -3 -2 14 -5 -4 -7 26 19 -8 -18 -10 -19 -6 -20 -21 -22 -17 -27 -1 -29
right_child=2 10 12 7 22 15 9 8 20 -11 -12 -13 -14 -15 -16 16 17 21 23 24 25 -23 -24 -25 -26 27 -28 29 -30 -31
leaf_value=-0.038328552617502822 -0.038155646383090207 0.045553825990447681 -0.039084640830828944 -0.040141072550745428 0.016797365265741628 -0.038401702955955574 -0.0084999781834974482 -0.039279005018888945 0.019009095080881624 -0.03935532431503571 -0.034693884113380841 0.049943059133742633 -0.03876560940701184 0.03927103352860057 0.047658476713742293 -0.038582759922245136 0.016823329059291056 -0.038573509474705066 0.047228383071156871 0.037631559944134814 0.03569248916044053 -0.0022051807409814899 0.046221576156361244 0.022944745852630333 0.051837400193126972 0.039985882064474704 -0.025902045416865041 0.038586900931201089 -0.028661212033332384 0.045646535804506304
leaf_weight=85.166411213576794 35.289653480052948 159.55731807649136 4.3832509666681272 12.046604663133623 5.8544519394636154 1174.3983716741204 5.3969019502401343 6.7754071652889243 8.1214947998523712 8.474065884947775 6.293086811900138 4.9767655730247489 122.82464109361172 4.3545476943254462 6.2458288073539734 181.17466048896313 11.01458255946636 116.77756369113922 42.740754216909409 5.8414168059825888 6.9687273800373069 3.6507984697818747 26.457120805978775 6.7396342456340781 16.022196963429455 10.169397622346876 3.5392923802137366 6.2467796802520743 3.5430468171834937 1179.7337319552898
leaf_count=502 195 541 24 61 20 6862 21 36 30 45 31 15 695 15 20 1040 36 670 140 20 23 18 88 22 49 33 19 21 17 4008
internal_value=-2.09318e-05 -0.0261233 0.0345065 0.0417554 -0.0328317 -0.0342628 -0.010338 0.0440069 0.0448561 0.0283158 0.0425089 -0.027267 -0.0347313 -0.019057 0.0118871 -0.0366682 -0.0306455 -0.0213748 0.0387654 0.0375833 0.0453267 -0.037471 0.0408903 0.0439208 0.048042 0.0455044 -0.0383398 0.0455615 -0.0379424 0.0456094
internal_weight=3270.78 1862.64 1408.14 1274.68 1696.79 1664.48 152.061 1234.42 1218.02 63.3514 165.85 40.2664 133.454 16.4012 10.6291 1512.42 338.021 153.307 54.8773 32.8782 1211.24 120.428 32.3116 49.4804 21.8636 1203.12 184.714 1196.15 88.7095 1185.98
internal_count=15317 10141 5176 4437 9569 9461 747 4227 4151 228 572 210 739 76 44 8714 1852 793 183 105 4115 688 108 162 69 4085 1059 4062 519 4029
is_linear=0
shrinkage=0.05


Tree=49
num_leaves=31
num_cat=0
split_feature=1 13 7 20 11 34 34 21 1 7 7 18 8 7 2 15 16 7 17 6 2 28 27 24 6 7 35 2 3 2
split_gain=541.214 453.513 215.43 172.289 94.5392 78.8514 63.0622 61.3461 58.7433 34.1118 29.914 29.4435 22.8858 19.4702 19.295 18.7289 14.231 12.1047 11.8395 23.1084 11.0531 10.2295 23.2056 17.9949 35.5994 12.8183 21.1919 11.8431 11.0463 14.2209
threshold=0.50174432992935192 0.66457995772361766 0.40497589111328131 -0.2250830605626106 -0.68325266242027272 0.91517609357833873 0.42183966934680944 0.1987651810050011 0.64010941982269298 0.45435062050819403 0.27442862093448644 0.6374315917491914 0.72665178775787365 0.27072356641292578 -0.14055479317903516 0.24519171565771106 0.75416088104248058 0.27324503660202032 0.21934876590967181 0.40065430104732519 0.29314318299293524 0.89838311076164257 0.7203148901462556 0.18666049838066104 0.5388338863849641 0.34813773632049566 0.079732820391654982 0.1320496276021004 0.52711695432662975 0.083907086402177825
decision_type=8 10 2 8 10 10 8 8 10 2 2 8 2 2 10 8 10 2 8 2 8 8 10 10 2 2 8 10 10 10
left_child=5 2 4 13 20 -1 -6 14 -5 15 11 -9 16 -3 -8 -10 21 -7 -4 -20 -2 25 23 24 28 -12 -27 -24 -23 -30
right_child=1 3 18 8 6 17 7 10 9 -11 12 -13 -14 -15 -16 -17 -18 -19 19 -21 -22 22 27 -25 -26 26 -28 -29 29 -31
leaf_value=-0.036532076337960108 0.022290335616027918 -0.039428538456287951 -0.037815194727712588 -0.03718218854405831 -0.038316914146558967 -0.039571025552602897 0.05152672686981126 0.03923047647478501 -0.040804856539846446 -0.038607435242159843 0.044464074040700283 -0.035274357510000125 -0.042189555593178864 0.044688998607182076 -0.037307723239447893 0.044257068606060546 -0.019221097508014037 0.04536344703137285 0.046938508106106287 -0.03691687934256279 -0.038685160604260964 0.046711672020431291 -0.038543205166998093 0.043060458137310388 -0.031554775940171635 -0.039982687158126751 0.046898909152588888 0.046662822638376546 0.044194146102732264 -0.04288977603654634
leaf_weight=852.09422008693218 8.7128034532070142 7.4116505682468405 117.36600308120251 530.82301224768162 28.996408060193062 4.7610868364572516 7.3556408286094657 25.956561982631683 7.5498159527778625 25.184061780571938 879.0360055565834 27.110592141747475 8.5309109240770322 95.757632896304131 36.168534129858017 45.292608320713043 10.078722625970839 35.278631687164307 13.377927541732786 21.291544899344444 50.562793359160423 57.954937547445297 15.952903538942339 289.21400898694992 26.238587066531181 12.056490480899809 16.797023266553882 5.4787594974040976 9.8140245527029055 8.9755044430494291
leaf_count=4968 33 39 688 3081 171 27 22 88 38 146 2968 144 38 318 201 149 42 118 41 121 289 192 92 979 115 57 55 18 33 46
internal_value=-7.93102e-05 0.0123299 0.0265246 -0.0211033 0.032183 -0.0333098 0.0346865 0.0361599 -0.0312278 0.00928091 0.0379861 0.00116795 0.039444 0.038646 -0.0222946 0.0321039 0.039967 0.035264 -0.0302317 -0.00455956 -0.0297225 0.0404184 0.0339011 0.0366695 0.0187214 0.0433877 0.0105953 -0.0167613 0.0359106 0.00259533
internal_weight=3281.18 2389.05 1677.03 712.019 1524.99 892.134 1465.72 1436.72 608.849 78.0265 1393.2 53.0672 1340.13 103.169 43.5242 52.8424 1331.6 40.0397 152.035 34.6695 59.2756 1321.52 413.629 392.197 102.983 907.89 28.8535 21.4317 76.7445 18.7895
internal_count=15317 10204 6433 3771 5583 5113 5261 5090 3414 333 4867 232 4635 357 223 187 4597 145 850 162 322 4555 1475 1365 386 3080 112 110 271 79
is_linear=0
shrinkage=0.05


Tree=50
num_leaves=31
num_cat=0
split_feature=10 4 8 2 21 10 11 29 28 23 1 1 6 2 9 24 4 10 6 7 15 18 26 10 14 15 12 12 32 7
split_gain=1144.15 799.907 40.6203 35.8864 32.6777 26.7765 53.117 18.7786 18.7253 10.1456 9.11664 8.17183 7.52781 34.486 10.6958 6.61502 5.16588 15.7217 6.22078 2.07123 1.8461 14.9907 2.21694 0.589937 1.94654 0.457403 6.03125 0.443954 0.329371 0.22773
threshold=0.37169821560382849 0.47100174427032476 -0.29603402316570276 0.1320496276021004 0.20643051713705066 0.40137711167335516 -0.21377491950988767 -1.605890095233917 0.79486942291259777 0.26981478929519659 0.6761603355407716 0.46151088178157812 0.8088805377483369 -0.1451584920287132 0.69437015056610119 0.14732921868562701 0.85311031341552745 0.50306022167205822 0.38355165719985967 0.33144098520278936 0.20413611829280856 0.23123072832822802 -1.4881933331489561 0.40597115457057958 -0.084153797477483736 0.25410121679306036 0.29081995785236364 0.64663138985633861 -0.4440478235483169 0.3333855420351029
decision_type=8 10 2 10 8 8 10 8 10 10 10 10 2 10 10 8 8 8 2 2 8 8 8 10 8 8 8 10 10 2
left_child=1 2 28 9 8 6 -2 -6 19 27 -8 -9 15 -14 -15 -13 23 18 -18 -3 21 -17 -22 24 -7 26 -24 -4 -1 -10
right_child=5 4 3 -5 7 16 10 11 29 -11 -12 12 13 14 -16 20 17 -19 -20 -21 22 -23 25 -25 -26 -27 -28 -29 -30 -31
leaf_value=-0.040343074292660298 -0.039152919397673333 0.015156566425783516 0.044877849273404699 -0.039382620884121991 0.048762541381111517 0.046239586847166954 0.046247475935182684 0.055046406392738348 -0.039943947228217577 -0.029325940010997576 -0.0066465281264626828 0.02542908351178403 -0.039075352411014182 -0.023680018237071093 0.061487041460434093 0.064875610836096359 -0.042104587621658168 0.045383643098221904 0.024185099302674824 0.047371923664154034 -0.0046203796969885953 -0.038272799601700325 0.021283523079209457 0.044777222371948922 0.0097937611378613922 -0.038660695554840488 -0.038935381117358517 0.031048486818165334 -0.023648684110800271 -0.025741310784335621
leaf_weight=13.549533605575563 29.869152843952179 7.1723728030920055 415.82824993133545 13.34868775308132 6.3921941816806793 12.502771526575087 65.708809986710548 2.4029757380485526 9.7893634587526304 4.6818940341472617 9.2992057800292951 4.1019922047853479 69.567408472299576 5.0993034094572094 13.305398643016813 3.956350177526474 8.776057153940199 38.580823838710785 5.9308070242404929 16.392501920461655 4.8433019667863846 32.113176569342613 4.5248473882675171 946.12114885449409 5.1820576786994961 1540.7584506571293 51.282182842493057 5.8854118883609763 3.7783841192722312 3.9658261537551871
leaf_count=70 159 24 1440 71 19 42 222 7 48 22 38 14 375 22 38 12 36 133 19 53 20 171 16 3284 20 8604 281 20 18 19
internal_value=9.79799e-05 -0.0206013 0.0383861 0.0413449 -0.0357852 0.0412899 0.0172353 -0.036779 0.0105075 0.0438722 0.0396899 -0.0370947 -0.0372227 -0.0229733 0.0378902 -0.0379863 0.0437702 0.0286157 -0.0153721 0.0375666 -0.0381452 -0.0269588 -0.0383972 0.0446081 0.0355601 -0.0384996 -0.0340528 0.0446848 -0.0367028 -0.0358491
internal_weight=3354.71 2232.74 457.072 439.744 1775.67 1121.97 104.877 1738.35 37.3201 426.396 75.008 1731.96 1729.55 87.9721 18.4047 1641.58 1017.09 53.2877 14.7069 23.5649 1637.48 36.0695 1601.41 963.806 17.6848 1596.57 55.807 421.714 17.3279 13.7552
internal_count=15317 11364 1641 1553 9723 3953 419 9579 144 1482 260 9560 9553 435 60 9118 3534 188 55 77 9104 183 8921 3346 62 8901 297 1460 88 67
is_linear=0
shrinkage=0.05


Tree=51
num_leaves=31
num_cat=0
split_feature=13 2 10 30 5 10 16 20 12 21 8 7 9 6 16 8 9 6 24 3 9 0 14 6 8 1 20 7 9 8
split_gain=1098.08 320.248 260.479 72.2139 71.2935 31.9871 57.3121 22.8276 17.5312 14.293 14.0766 13.3748 8.12776 6.80666 5.2598 13.3075 11.2393 35.8274 4.99261 3.51546 3.20703 2.11072 1.84052 1.55546 1.25172 0.787199 0.523088 0.258593 0.213122 0.183248
threshold=0.6440052092075349 0.32005520164966589 0.32994285225868231 0.17924896627664569 0.32716438174247747 0.27134813368320471 0.61346331238746654 -0.427682414650917 0.26609988510608679 0.69649645686149608 0.4999475777149201 0.27072356641292578 0.26301448047161108 0.74540376663208019 0.75686123967170726 0.36109192669391638 0.49147450923919683 0.69899210333824169 0.687272608280182 0.43618506193161016 0.24356170743703845 0.60356077551841747 -0.12669520080089566 0.8088805377483369 -0.64597627520561207 0.54984945058822643 -0.32311624288558954 0.27502922713756567 0.37161476910114294 0.16794488579034808
decision_type=10 10 10 8 10 10 8 8 10 10 2 2 10 2 8 2 10 2 10 8 10 10 10 2 2 10 8 2 10 2
left_child=1 4 3 11 5 6 22 19 -9 -3 20 -2 13 -4 -7 16 17 -16 24 -5 -8 -6 -1 26 -18 27 -10 -22 -19 -26
right_child=2 9 12 7 21 14 10 8 23 -11 -12 -13 -14 -15 15 -17 18 28 -20 -21 25 -23 -24 -25 29 -27 -28 -29 -30 -31
leaf_value=-0.038110780565013519 0.048281321143252752 0.044589285770664691 -0.038677072042508948 -0.038950821242566949 0.045250718461857853 -0.038019314231119317 -0.00050063396626727084 -0.038787649253523113 0.030137687002857662 -0.034052165786877718 -0.039100976258991942 -0.038715303746955365 -0.038431801605476879 0.04643860934232176 -0.038422100246598707 0.040315659125617243 -0.016278154535554069 0.057497058508758338 0.024251177755313977 0.017562342953563077 0.047097069526334745 0.011688442925674813 -5.0958433771095664e-05 0.020024244053817294 -0.038171944777303707 0.025651109829945326 0.044507096913004446 0.036183168081061791 0.045806319573799242 -0.026492256079048027
leaf_weight=84.006377525627613 5.1058073639869681 153.66417148709297 4.1471347957849485 9.3073359131813014 27.823821902275085 1115.2619830742478 4.8365185111761084 6.3843890875577918 6.3681659251451492 6.0035231560468665 6.7322131693363181 32.794766008853912 115.576092004776 5.4168114066123962 37.284870475530624 6.4643834233283988 6.8141956329345694 6.4465507864952114 3.3264486044645301 3.9069942533969888 30.511298954486847 5.6329416781663886 3.301311030983924 6.5659801363944998 238.53386110067368 6.0109726786613455 1159.9480599313974 6.601807475090026 9.862470015883444 3.4062436595559111
leaf_count=518 16 542 24 51 96 6842 20 36 22 31 37 190 687 18 224 23 36 19 13 14 102 20 16 23 1452 20 4100 23 33 19
internal_value=0.000125745 -0.0258957 0.0339603 0.0409504 -0.0326225 -0.0341622 -0.0115304 0.0431099 0.0438422 0.0416324 0.0286034 -0.0269955 -0.0347662 0.0095306 -0.0364136 -0.0306765 -0.0321778 -0.0113845 -0.0365986 -0.0222419 0.038107 0.0396 -0.0366716 0.044292 -0.0374123 0.042437 0.0444286 0.0451557 0.0504274 -0.0380075
internal_weight=3118.05 1762.53 1355.52 1230.38 1602.86 1569.4 142 1192.48 1179.27 159.668 54.6928 37.9006 125.14 9.56395 1427.4 312.139 305.675 53.5939 252.081 13.2143 47.9606 33.4568 87.3077 1172.88 248.754 43.1241 1166.32 37.1131 16.309 241.94
internal_count=15267 10086 5181 4452 9513 9397 736 4246 4181 573 202 206 729 42 8661 1819 1796 276 1520 65 165 116 534 4145 1507 145 4122 125 52 1471
is_linear=0
shrinkage=0.05


Tree=52
num_leaves=31
num_cat=0
split_feature=1 13 10 20 10 34 27 10 10 5 25 3 34 7 27 0 7 14 7 16 6 27 3 5 22 10 32 3 24 17
split_gain=495.326 420.716 306.033 158.632 122.148 74.9979 64.0914 53.4671 30.6275 19.6916 18.6406 17.4338 15.6713 14.9148 14.0822 12.7005 22.5309 11.2749 10.7763 10.3157 9.17319 8.01561 18.2749 42.9002 11.3871 7.44208 6.56215 6.02912 4.88862 4.7794
threshold=0.50174432992935192 0.66457995772361766 0.40137711167335516 -0.2250830605626106 0.27867548167705541 0.91517609357833873 0.19953121244907382 0.33199745416641241 0.40137711167335516 -0.37691131234169001 0.94422900676727306 0.60672512650489818 0.76452648639678966 0.43515279889106756 0.62454718351364147 0.39959244430065161 0.5401158630847932 0.67719769477844249 0.27324503660202032 0.75686123967170726 0.70213967561721813 0.24832651764154437 0.54780623316764843 0.050108434632420547 0.62974250316619884 0.30772660672664648 0.10399994999170305 0.51134401559829723 0.40882071852684027 -0.31697112321853632
decision_type=8 10 10 8 10 10 8 10 10 10 8 10 10 2 10 10 2 10 2 10 2 10 10 10 8 10 8 10 10 8
left_child=5 2 4 10 11 29 12 -5 20 -8 -3 14 -6 19 -2 16 -4 -10 -7 21 -9 22 23 25 -24 -11 -13 -25 -26 -1
right_child=1 3 15 7 6 18 9 8 17 13 -12 26 -14 -15 -16 -17 -18 -19 -20 -21 -22 -23 24 27 28 -27 -28 -29 -30 -31
leaf_value=-0.0266695768212699 -0.038296092489250852 -0.036264189567570097 0.0495567900609023 -0.037261671037712447 -0.038790048102259687 -0.039207034521128281 -0.038214252519155265 0.041671055970153546 -0.038497883792500034 -0.015126781254733788 0.043960263235953215 0.045652651210270179 0.040753600499945919 -0.038223384560922419 0.038183681969577589 -0.036362664989675074 -0.03826379505031588 0.055479280240703581 0.044281094493544393 -0.020136884357116989 -0.034167858547515813 0.043738049688610628 -0.031766898212405741 -0.043090058380052795 0.044759088390572056 0.044619255011673055 -0.03090719338325262 0.011260438557439092 0.0048787747943667796 -0.037746116899111948
leaf_weight=113.3125314861536 69.195910304784775 7.871671959757804 12.657529711723329 498.36394621431828 32.906739190220833 4.3526626080274573 7.9871423542499533 40.413224309682846 30.547729879617691 5.7130178660154334 90.347176775336266 11.503574877977368 7.6272632479667655 5.9816070199012747 6.5923196822404853 175.17349049448967 17.265822574496269 3.5639432072639456 34.504098892211914 6.8803981542587271 4.423734799027442 901.57607363164425 5.135182872414588 24.791803658008579 236.92139130830765 59.449960142374039 3.6988215595483789 6.4248850494623175 7.9419778585433951 692.96973594278097
leaf_count=658 411 41 39 3057 192 26 48 137 183 20 312 38 25 36 23 1066 104 10 120 28 22 3143 22 119 821 204 20 26 29 4287
internal_value=-0.000222589 0.0118923 0.0258218 -0.0212115 0.0341763 -0.0329197 0.0380692 -0.0312054 0.007025 0.0400464 0.0375307 -0.0218414 -0.0238224 0.0405422 -0.0316436 -0.0312202 -0.00111583 -0.0286793 0.0349289 0.0409177 0.0341886 0.0412543 0.0347893 0.0162924 0.0419203 0.0393812 0.0270252 -0.0319039 0.0434656 -0.0361895
internal_weight=3126.1 2280.96 1605.42 675.531 1400.33 845.139 1309.34 577.313 78.9486 1268.8 98.2188 90.9906 40.534 1260.82 75.7882 205.097 29.9234 34.1117 38.8568 1254.83 44.837 1247.95 346.378 96.3797 249.999 65.163 15.2024 31.2167 244.863 806.282
internal_count=15267 10176 6414 3762 5205 5091 4713 3409 352 4496 353 492 217 4448 434 1209 143 193 146 4412 159 4384 1241 369 872 224 58 145 850 4945
is_linear=0
shrinkage=0.05


Tree=53
num_leaves=31
num_cat=0
split_feature=10 4 8 2 10 11 21 20 16 29 1 8 16 7 4 3 2 0 3 24 29 28 8 4 10 0 11 34 15 15
split_gain=1050.35 737.622 44.0552 38.3483 25.3465 48.3787 24.9166 19.0351 18.2561 14.1993 7.45669 7.31702 5.9477 19.2235 9.47464 6.34245 16.2453 5.04136 9.39387 2.99436 2.51111 1.46839 1.40975 1.33043 9.20521 1.27623 0.701435 0.514016 0.513858 0.475838
threshold=0.37169821560382849 0.47519899904727941 -0.33437740802764887 0.1320496276021004 0.40137711167335516 -0.21377491950988767 0.20857901126146319 0.20289138704538348 0.537365883588791 -1.605890095233917 0.67145287990570079 0.034115031361579902 0.537365883588791 0.34378980100154882 0.49359235167503362 0.61505019664764415 -0.12440372630953787 0.16429092735052112 0.18908567726612094 0.14732921868562701 -1.4035562276840208 0.88265463709831249 -0.22542591392993924 0.79337790608406078 0.45343953371047979 0.64093852043151867 -0.53688475489616383 0.70202451944351207 0.21821725368499759 0.20413611829280856
decision_type=10 10 2 10 10 10 8 10 10 8 10 2 8 2 10 10 10 10 8 8 8 8 2 10 10 10 10 8 8 8
left_child=1 2 -1 7 5 -2 8 22 25 -8 -7 -12 13 14 -11 21 -17 18 -6 -14 -21 -16 -4 -19 -25 -3 -26 -22 -10 -29
right_child=4 6 3 -5 17 10 9 -9 28 12 11 -13 19 -15 15 16 -18 23 -20 20 27 -23 -24 24 26 -27 -28 29 -30 -31
leaf_value=-0.039176784507321705 -0.038766010815554509 0.047149365546513916 0.020166054663812397 -0.038972694877039145 0.044741212574402014 0.04535182293303533 0.046929011882422621 -0.03499560478483426 -0.018251930566539756 0.033068261406007687 -0.040618952465861877 0.039721251307385082 0.0021817220876664285 0.054619991138684792 -0.038330088481179962 -0.039435188703385575 0.066458735758183923 0.04384000950553172 -0.035942794414511883 -0.0054599868867465425 -0.021187801328582216 -0.0054558023816718062 0.044013974764550129 -0.021682060142178532 0.026589979405843501 0.020145207690825437 0.044803831336256622 -0.031307602426264604 -0.039571630081699921 -0.038240558692531318
leaf_weight=18.607473760843277 28.390700206160545 13.016349375247957 6.2928138077259055 15.075818628072737 9.6315087676048243 60.318088054656982 5.0770847201347351 7.8396612703800193 3.7133139371871948 5.5086646378040305 5.4466855525970441 5.9083025753498077 4.6659501492977142 6.8029343485832205 125.86520497500896 10.947108283638956 5.4125384688377371 896.8595789372921 5.7679341733455667 5.9279634803533554 4.4957380294799805 3.4910098165273658 407.02072712779045 6.1730474829673758 5.9436687082052222 6.5906725972890845 47.76870596408844 25.18515633046627 11.832070380449293 1429.9665012583137
leaf_count=103 159 43 20 84 34 212 15 41 18 18 26 19 18 20 720 58 15 3243 24 24 23 15 1466 26 21 21 169 138 61 8413
internal_value=9.50562e-05 -0.0202752 0.0361682 0.0393821 0.040435 0.0164734 -0.0356618 0.0421869 0.00598803 -0.0365582 0.0383545 0.00118419 -0.0368185 -0.027601 -0.0312998 -0.0337332 -0.00440051 0.0429014 0.0145206 -0.0378092 -0.0379365 -0.0374429 0.0436509 0.0433582 0.0361427 0.0380722 0.0427883 -0.0380684 -0.034479 -0.0381206
internal_weight=3195.54 2123.33 454.836 436.229 1072.21 100.064 1668.5 421.153 35.1524 1633.35 71.6731 11.355 1628.27 158.027 151.225 145.716 16.3596 972.144 15.3994 1470.24 1465.58 129.356 413.314 956.745 59.8854 19.607 53.7124 1459.65 15.5454 1455.15
internal_count=15267 11334 1714 1611 3933 416 9620 1527 143 9477 257 45 9462 846 826 808 73 3517 58 8616 8598 735 1486 3459 216 64 190 8574 79 8551
is_linear=0
shrinkage=0.05


Tree=54
num_leaves=31
num_cat=0
split_feature=13 5 10 30 5 10 16 23 12 8 9 1 17 11 28 7 13 6 9 4 27 5 12 16 31 29 29 5 16 12
split_gain=1003.57 299.523 239.417 63.3101 62.5065 34.3868 54.3398 20.9568 15.7905 14.3444 12.7852 12.0101 8.21846 7.76465 6.16586 12.0283 34.3577 13.0634 11.5837 5.35703 4.33898 3.00146 1.61374 1.23898 1.08853 0.638952 0.326018 0.245502 0.243455 0.199736
threshold=0.6440052092075349 -0.32905659079551691 0.32801096141338354 0.18791685253381732 0.32716438174247747 0.27134813368320471 0.60595834255218517 -0.48498241603374476 0.26609988510608679 0.53407454490661632 0.26301448047161108 0.51681360602378856 -0.31697112321853632 -0.098116308450698839 0.96254611015319835 0.31109739840030676 0.64096337556839 0.65527901053428661 0.6195763647556306 0.4250198900699616 0.59578630328178417 -0.28998737037181849 0.44628651440143591 0.64379185438156139 0.81589946150779735 -0.077686741948127733 -0.32228198647499079 0.17620012164115909 0.50226020812988292 0.29811625182628637
decision_type=10 8 10 8 10 8 8 8 10 2 10 10 10 8 8 2 8 2 10 10 10 8 8 8 10 10 8 10 8 8
left_child=1 20 3 11 5 6 25 13 -9 19 12 -2 -4 -5 -7 16 28 18 -18 -8 -1 -17 -6 -10 -21 -3 -25 -19 -16 -28
right_child=2 4 10 7 22 14 9 8 23 -11 -12 -13 -14 -15 15 21 17 27 -20 24 -22 -23 -24 26 -26 -27 29 -29 -30 -31
leaf_value=0.043747980957243728 0.041998313397722919 -0.037682442455157748 -0.038485670694714341 0.040682001891040584 0.014502984078591833 -0.037754122037103828 -0.010108359240640455 -0.038652140036319754 0.020749798330015723 -0.038672317284239317 -0.038109809571688663 -0.038544209560198314 0.046020430525830457 -0.039439359946795621 -0.023959774215077848 0.01097094254549053 -0.03978582532513697 0.054300247387091029 0.043897638578430376 0.045240560638921692 -0.0045197670537911313 -0.037854104634193919 0.044351942074867895 0.031674852436198921 0.022162510459990799 -0.015305794845294055 0.03434598647350981 0.043389721535049858 -0.038023110779716811 0.043695152289464877
leaf_weight=143.93910604715347 5.4859983026981345 75.101056158542633 4.5186015665531158 4.2216423898935318 5.5387265980243683 1061.467729754746 5.4817020148038855 5.8859580010175696 5.9728967398405102 7.2415121495723715 112.0735160857439 29.609814256429672 7.9198384582996351 10.658044964075087 3.2283112704753876 3.1999836713075638 11.488473892211916 9.9655058979988116 6.4609725326299658 39.248239278793335 4.8116507828235617 192.48417878895998 24.815750986337665 5.7169236689805984 5.8743000477552405 3.331730678677558 5.7429457306861877 10.682944118976591 65.823476254940033 1089.3100416660309
leaf_count=530 19 492 27 15 20 6885 22 34 21 42 701 179 27 59 19 13 62 30 19 138 21 1234 89 22 20 16 19 37 413 4016
internal_value=-0.000100099 -0.0255504 0.0331224 0.0401795 -0.0321298 -0.0335662 -0.00961737 0.042238 0.0430263 0.0271471 -0.0327722 -0.0259542 0.0153213 -0.0167074 -0.0359576 -0.0296708 -0.0162468 0.0215349 -0.00966364 0.0365659 0.0421867 -0.0370557 0.0389055 0.0434607 0.0422361 -0.0367319 0.0435839 0.0486554 -0.0373656 0.0436461
internal_weight=2967.3 1680.19 1287.12 1162.6 1531.43 1501.08 136.279 1127.51 1112.63 57.8458 124.512 35.0958 12.4384 14.8797 1364.8 303.334 107.65 38.5979 17.9494 50.6042 148.751 195.684 30.3545 1106.74 45.1225 78.4328 1100.77 20.6485 69.0518 1095.05
internal_count=15241 10102 5139 4384 9551 9442 730 4186 4112 222 755 198 54 74 8712 1827 580 148 81 180 551 1247 109 4078 158 508 4057 67 432 4035
is_linear=0
shrinkage=0.05


Tree=55
num_leaves=31
num_cat=0
split_feature=4 13 10 10 10 34 10 20 2 19 9 6 8 6 16 30 7 25 20 8 14 10 27 22 18 6 7 6 2 9
split_gain=562.579 333.604 421.803 148.809 91.3535 42.9297 39.7337 34.8566 27.2616 15.1645 12.9097 27.839 12.3909 11.1932 9.9658 7.71717 6.93972 10.0763 5.03722 15.0509 5.01891 4.73602 4.20258 14.4785 11.0177 25.8035 4.68841 3.40872 13.4424 3.85036
threshold=0.50652417540550243 0.66926905512809765 0.40597115457057958 0.32801096141338354 0.27502827346324926 0.93526437878608715 0.40137711167335516 -0.28979294002056116 0.36603349447250372 0.80677989125251781 0.47280906140804296 0.5948375165462495 0.66556361317634594 0.73691895604133617 0.75416088104248058 0.19285156577825549 0.26998753845691686 0.85102763772010814 -0.71777814626693714 0.37627583742141729 0.1202727071940899 0.30053611099720007 0.24494961649179461 0.62407284975051891 0.16508317738771441 0.57780325412750255 0.3412527740001679 0.83567142486572277 -0.17384706437587735 0.80333301424980175
decision_type=8 10 8 10 10 10 10 8 10 8 10 2 2 2 10 8 2 8 8 2 10 10 10 8 10 2 2 2 10 10
left_child=5 2 4 7 9 18 13 21 12 -2 -4 -12 14 -5 16 -9 17 -6 19 -1 -8 -3 23 -18 25 -25 -26 29 -29 -20
right_child=1 3 10 6 8 -7 20 15 -10 -11 11 -13 -14 -15 -16 -17 22 -19 27 -21 -22 -23 -24 24 26 -27 -28 28 -30 -31
leaf_value=0.044284590471535011 0.041179756700043008 -0.014544133974369867 -0.037729087263575101 0.043004729537667014 0.042457749627658685 0.040855141685890606 -0.038099693259005654 0.035614862698289999 -0.03794857626850575 -0.03644420218257903 0.051869825173833817 -0.036145925441544144 -0.032984612751075629 -0.014079783187124354 -0.01693480314545661 -0.037629998765128479 -0.040713121286177004 -0.040537160919443857 -0.037567962071090331 -0.035942842097775173 0.02556668374251941 0.046120480442557218 0.043454752035071958 0.039852063788497122 0.04421448461775853 -0.030689778514873662 0.0084842134057345423 0.044427179307664919 -0.036654749976836869 0.0022845851764093329
leaf_weight=7.7530104815959957 7.2551531195640555 4.1250416487455395 216.43003611266613 104.62277942895889 8.6753011196851695 18.665205389261246 23.029156491160396 3.6287104338407516 11.146782815456389 47.386262655258179 13.43445637822151 27.120203375816345 5.6960047930479041 9.3551412075757963 7.3967058956623069 401.36779004335403 5.9121765345334998 6.3223410993814477 764.96365261077881 23.766766294836998 3.5761873573064795 14.619046866893767 897.18270201981068 45.10984580218792 245.97015672922134 18.191346853971481 9.5370340496301633 6.3666777014732352 25.933098986744881 6.1091938465833655
leaf_count=26 25 20 1408 373 31 66 145 12 70 294 41 171 20 42 30 2609 22 32 4979 150 11 50 3249 158 884 75 33 22 166 27
internal_value=0.000174499 0.0138797 0.025713 -0.0190997 0.0371563 -0.0341397 0.0254766 -0.0338886 0.0398987 -0.0261375 -0.032878 -0.00698913 0.0405929 0.0383193 0.0409297 -0.0369737 0.0412757 0.00747077 -0.0358163 -0.0162091 -0.0295419 0.0327699 0.0416906 0.0368165 0.0382543 0.0195799 0.0428808 -0.0365856 -0.0206725 -0.0372522
internal_weight=2990.65 2137.09 1572.77 564.324 1315.78 853.558 140.583 423.741 1261.14 54.6414 256.985 40.5547 1249.99 113.978 1244.3 404.997 1236.9 14.9976 834.892 31.5198 26.6053 18.7441 1221.9 324.721 318.808 63.3012 255.507 803.373 32.2998 771.073
internal_count=15241 9805 6543 3262 4923 5436 571 2691 4604 319 1620 212 4534 415 4514 2621 4484 63 5370 176 156 70 4421 1172 1150 233 917 5194 188 5006
is_linear=0
shrinkage=0.05


Tree=56
num_leaves=31
num_cat=0
split_feature=10 4 8 2 10 11 21 20 34 29 19 6 2 16 4 10 6 24 15 29 15 12 24 0 8 28 4 1 33 5
split_gain=962.291 685.336 40.5142 35.2931 24.8397 47.0639 22.4048 17.4019 16.8967 15.2377 8.09703 6.34204 29.7864 14.7901 4.70382 14.8168 12.2637 4.18683 2.41889 2.09535 1.59385 17.34 0.872779 0.674688 0.363493 0.536717 0.254111 0.24754 0.396997 0.153749
threshold=0.37169821560382849 0.47519899904727941 -0.32539874315261835 0.1320496276021004 0.40137711167335516 -0.19885873794555661 0.20857901126146319 0.20289138704538348 0.77477005124092113 -1.605890095233917 0.84417220950126659 0.80477467179298412 -0.1451584920287132 0.54537746310234081 0.79337790608406078 0.50306022167205822 0.41338542103767401 0.14732921868562701 0.20413611829280856 -1.4035562276840208 0.25410121679306036 0.29081995785236364 0.34375904500484472 0.41121685504913336 -0.21085171401500699 0.44898794591426855 0.51021474599838268 0.47676739096641546 0.46847864985466009 -0.18125110864639279
decision_type=8 10 2 10 8 10 8 10 8 8 10 2 10 10 8 8 2 8 8 8 8 8 10 10 2 8 10 10 10 10
left_child=1 2 -1 7 5 -2 8 24 22 -8 23 17 -13 -14 29 16 -16 -11 -10 -19 21 -21 -3 -7 25 -4 -25 28 -22 -6
right_child=4 6 3 -5 14 10 9 -9 18 11 -12 12 13 -15 15 -17 -18 19 -20 20 27 -23 -24 26 -26 -27 -28 -29 -30 -31
leaf_value=-0.039033053201205668 -0.037384371029045065 0.023142961343307136 0.044758999766988355 -0.038770723747229695 0.034616866514664404 0.026245698958162311 0.046076812213579371 -0.034658729841081946 0.0046809272575383211 0.014396102795366145 -0.02093569644280234 -0.038378719556045882 0.060699501301189722 -0.039495824876096361 -0.04100885815055505 0.043788453076049096 0.040537065253591603 -0.009816939193804294 -0.039314259491908962 0.039210778854195223 -0.038328025724621198 -0.038214483252606693 0.046970714520656327 0.043508996735188106 0.043423643673818867 0.023038139416551948 0.053601502695664653 -0.037973425221804365 -0.015955554194434517 0.043049233805416948
leaf_weight=17.335830926895142 29.425987794995308 5.7233368307352093 5.9412368535995457 14.09447358548641 5.4403067827224723 5.3856295049190512 5.6130515336990356 7.3180991113185874 4.0000192821025848 3.9150425940752029 5.3403497934341422 69.723959967494011 13.358443304896356 5.0851995944976798 11.383417233824732 49.789525806903839 7.7492213845252982 6.862706646323204 14.269933551549913 7.9962424039840698 4.9009989202022535 75.602943874895573 11.697896301746367 50.854883581399918 380.62803444266319 5.4555079638957986 7.1086607575416556 1356.4316503852606 3.3302940130233765 850.11141407489777
leaf_count=100 171 20 21 82 20 20 17 39 17 14 26 415 39 26 51 185 25 30 77 27 29 456 39 190 1429 19 21 8410 18 3208
internal_value=-7.39158e-05 -0.0200866 0.0358497 0.0389896 0.0394446 0.0155241 -0.0352554 0.0417341 0.00391204 -0.0361556 0.0381896 -0.036454 -0.0234316 0.0330741 0.0419833 0.0294175 -0.00798062 -0.0372409 -0.029682 -0.0373798 -0.0375104 -0.0308088 0.0391427 0.0431739 0.0431602 0.0343614 0.0447467 -0.037921 -0.0292764 0.0429956
internal_weight=3041.87 2019.28 430.773 413.437 1022.59 98.1155 1588.51 399.343 35.6912 1552.82 68.6895 1547.21 88.1676 18.4436 924.474 68.9222 19.1326 1459.04 18.27 1455.12 1448.26 83.5992 17.4212 63.3492 392.025 11.3967 57.9635 1364.66 8.23129 855.552
internal_count=15241 11324 1690 1590 3917 428 9634 1508 153 9481 257 9464 480 65 3489 261 76 8984 94 8970 8940 483 59 231 1469 40 211 8457 47 3228
is_linear=0
shrinkage=0.05


Tree=57
num_leaves=31
num_cat=0
split_feature=13 2 10 30 2 10 16 20 8 12 9 1 21 6 4 25 6 9 10 11 16 25 0 31 23 18 14 2 11 15
split_gain=934.947 278.486 218.472 60.0457 57.3082 30.2217 47.5597 18.7481 14.5175 13.7233 13.4083 13.0082 12.6852 5.6222 4.87462 4.63348 37.7168 9.936 5.12482 10.8805 2.42228 2.22617 1.30659 1.13941 0.85993 0.455346 0.32364 0.27759 0.244749 0.0853088
threshold=0.6440052092075349 0.32005520164966589 0.32801096141338354 0.18791685253381732 -0.33588591217994684 0.27134813368320471 0.60595834255218517 -0.427682414650917 0.4999475777149201 0.26609988510608679 0.26301448047161108 0.51681360602378856 0.69649645686149608 0.74457719922065746 0.4250198900699616 0.95610710978508007 0.69899210333824169 0.59727346897125255 0.2936075627803803 -0.51637518405914296 0.64119571447372448 0.94422900676727306 0.42439655959606176 0.80579599738121044 -0.073780898004770265 0.2570719718933106 -0.56357410550117482 -0.38475835323333735 0.19765121489763263 0.26600834727287298
decision_type=10 10 10 8 8 8 8 8 2 10 10 10 10 2 10 8 2 10 8 8 8 8 8 10 10 8 8 10 10 8
left_child=1 4 3 11 27 6 24 21 14 -9 13 -2 -3 -4 -8 -7 18 28 19 -17 -11 -5 -21 -16 -6 -22 -27 -1 -18 -28
right_child=2 12 10 7 5 15 8 9 -10 20 -12 -13 -14 -15 23 16 17 -19 -20 22 25 -23 -24 -25 -26 26 29 -29 -30 -31
leaf_value=0.043446288357770965 0.040137548738074687 0.042940201955858383 -0.030476797336605362 0.0089914134417102953 -0.037386321459243234 -0.037414069200249735 -0.0094962844327871679 -0.038546728315846802 -0.038262919143415883 0.0078396597444225901 -0.037787297409145104 -0.03818463442637407 -0.033358231248311401 0.044543170479831168 0.044463468912523771 0.058343804787468569 0.056290341020032546 -0.038047368106667818 -0.037582953942971536 -0.038510964710921254 0.030185916289572391 -0.038392301371834338 -0.0019930931170162574 0.020620062315089602 -0.0095519546694349863 0.030688939649758579 0.037444555392438406 0.030637244398843022 0.043905404453823349 0.042902806377168715
leaf_weight=21.0858827829361 6.4597510993480673 141.73480840027332 3.7409967929124814 3.6948364078998539 72.531029723584652 1005.9826740324497 5.3671483695507041 5.2420363724231711 7.8089634925127021 5.002041399478915 106.30667248368263 29.56340779364109 5.6653642654418936 7.5129432082176208 35.842452496290207 4.3929552733898163 5.8799551725387635 4.1218658834695807 237.48501385003328 12.016203448176384 7.2012901604175568 7.5315956473350534 3.0765950083732614 5.824785351753234 2.8852390944957724 5.4858191907405853 7.2082005143165588 5.2910542488098136 12.404748499393461 1039.8090491890907
leaf_count=79 23 543 23 16 502 6869 22 31 48 18 701 189 32 27 131 13 18 26 1606 75 25 45 15 20 15 21 27 19 44 4006
internal_value=-9.7501e-05 -0.0254543 0.0325421 0.0393645 -0.0321458 -0.0335064 -0.0105574 0.0414804 0.0248713 0.0421549 -0.0322932 -0.0241397 0.0400077 0.0196053 0.0353533 -0.0358321 -0.0301355 0.0320796 -0.0355604 -0.0109098 0.0425522 -0.0227974 -0.031067 0.0411303 -0.0363214 0.042716 0.0428018 0.0408769 0.0478881 0.0428652
internal_weight=2824.16 1589.4 1234.76 1117.2 1442 1415.62 130.26 1081.17 54.8433 1069.95 117.561 36.0232 147.4 11.2539 47.0344 1285.36 279.377 22.4066 256.971 19.4858 1064.71 11.2264 15.0928 41.6672 75.4163 1059.7 1052.5 26.3769 18.2847 1047.02
internal_count=15229 10077 5152 4401 9502 9404 738 4189 221 4128 751 212 575 50 173 8666 1797 88 1709 103 4097 61 90 151 517 4079 4054 98 62 4033
is_linear=0
shrinkage=0.05


Tree=58
num_leaves=31
num_cat=0
split_feature=4 13 10 10 10 34 10 23 2 19 9 6 6 6 7 16 20 1 30 6 4 8 9 16 21 18 9 8 6 0
split_gain=521.677 307.956 395.417 140.041 91.2258 38.7347 35.1948 27.7896 23.0936 12.9158 10.5865 24.9637 10.3775 9.81779 8.9757 8.82987 6.14566 18.2896 5.62154 5.07904 12.6354 3.87316 10.72 3.8075 14.2191 4.78967 3.70816 1.94814 1.80403 1.68968
threshold=0.5072980821132661 0.67246571183204662 0.40597115457057958 0.32801096141338354 0.27502827346324926 0.93526437878608715 0.3904950767755509 -0.32143673300743097 0.36603349447250372 0.80540862679481517 0.47280906140804296 0.59064516425132763 0.73997053503990184 0.51448738574981701 0.26235349476337438 0.75416088104248058 -0.58620506525039662 0.45785793662071234 0.17924896627664569 0.83567142486572277 0.49560140073299414 -0.53145897388458241 0.7445078194141389 0.46299192309379583 0.39912298321723944 0.32584303617477423 0.80333301424980175 0.61683338880538952 0.7091290056705476 0.72704827785491954
decision_type=8 10 8 10 10 10 10 8 10 8 10 2 2 2 2 10 8 10 8 2 10 2 10 8 8 8 10 2 2 10
left_child=5 2 4 7 9 16 12 -3 14 -2 -4 -12 -5 -8 -6 21 17 -1 -9 26 -21 22 -16 24 25 -23 -18 29 -19 -25
right_child=1 3 10 6 8 -7 13 18 -10 -11 11 -13 -14 -15 15 -17 19 28 -20 20 -22 23 -24 27 -26 -27 -28 -29 -30 -31
leaf_value=-0.037360906185668272 0.038483765475924442 0.043746034871484131 -0.037430860378390399 0.042981001401863873 -0.023877166215908248 0.037697696528492773 0.033639111212563889 0.021150437589081954 -0.034498061603294564 -0.035871848642235811 0.050672281401079003 -0.035820739410961797 -0.016596272091688773 -0.037990772158114097 -0.040426838128315358 -0.015617323935133052 -0.03738763395259867 0.016313830855715535 -0.037441110225512352 -0.037471316729123315 0.039485913911761011 0.014020415179486406 0.044438195655837287 0.041945759072721384 0.041301340292846267 -0.049479058850990611 0.0019303681281713479 0.014734383819100192 0.055213653117040365 0.01881710970986019
leaf_weight=30.244779482483864 6.652607560157775 11.020911782979963 206.11863578855991 96.257349103689194 5.4741915166378012 18.614782810211182 6.0067134797573116 4.1391085088253039 10.493793919682501 47.829711019992828 12.086277663707731 26.930737406015396 7.9098612070083609 23.495036616921425 5.5068030059337643 7.0197845846414557 725.01353725045919 5.9612947255372983 373.91259880363941 17.709676846861843 7.6324256509542456 5.5219210684299451 11.475787252187727 1094.9875322729349 44.533552527427673 6.4249466806650162 6.0467539131641379 6.6992897093296042 5.9606805592775345 7.9540204405784598
leaf_count=210 24 40 1416 358 25 68 19 15 68 311 38 179 38 153 28 29 4985 21 2567 121 27 20 43 4137 169 23 27 23 20 27
internal_value=0.000127044 0.0137151 0.0251942 -0.0193492 0.0364933 -0.033602 0.0248033 -0.0345181 0.0393521 -0.0267926 -0.0329101 -0.00902785 0.038457 -0.0234065 0.0400003 0.0402941 -0.035264 -0.0166864 -0.0367996 -0.0362996 -0.0142937 0.0406259 0.0169197 0.0409711 0.0283074 -0.0201292 -0.0370624 0.0416157 0.0357627 0.041779
internal_weight=2845.64 2028.45 1505.71 522.742 1260.57 817.184 133.669 389.073 1206.09 54.4823 245.136 39.017 104.167 29.5018 1195.6 1190.12 798.569 42.1668 378.052 756.402 25.3421 1183.1 16.9826 1166.12 56.4804 11.9469 731.06 1109.64 11.922 1102.94
internal_count=15229 9750 6560 3190 4927 5479 568 2622 4592 335 1633 217 396 172 4524 4499 5411 251 2582 5160 148 4470 71 4399 212 43 5012 4187 41 4164
is_linear=0
shrinkage=0.05


Tree=59
num_leaves=31
num_cat=0
split_feature=10 4 2 2 21 10 11 20 6 29 6 2 9 22 4 10 6 24 29 14 15 12 7 17 14 10 17 1 12 6
split_gain=893.038 639.404 37.1717 33.431 21.8983 20.8565 42.4979 15.2243 14.5565 12.4204 6.99572 29.4418 6.6533 5.9441 4.34482 12.4987 4.60023 3.87168 1.28139 1.02992 0.847281 12.9704 0.756402 0.654899 0.574836 0.442861 1.31632 0.399845 0.331328 0.279388
threshold=0.37169821560382849 0.47519899904727941 -0.19397600740194318 0.1320496276021004 0.20643051713705066 0.40137711167335516 -0.19885873794555661 0.20289138704538348 0.78888249397277843 -1.605890095233917 0.8088805377483369 -0.1451584920287132 0.71770125627517711 0.84079813957214367 0.85311031341552745 0.50306022167205822 0.38807907700538641 0.14732921868562701 -1.4035562276840208 -0.33546742796897883 0.23416365683078769 0.26935879886150366 0.33688920736312872 0.10603213310241701 0.12617230415344241 0.40597115457057958 0.1219695881009102 0.47455196082592016 0.64261016249656688 0.80021318793296825
decision_type=8 10 10 10 8 8 10 10 2 8 2 10 10 10 8 8 2 8 8 10 8 8 2 10 8 10 8 10 10 2
left_child=1 2 -1 7 8 6 -2 23 19 -6 17 -12 -13 24 25 16 -16 -11 -19 -3 21 -20 -10 28 -8 26 -7 -22 -4 -29
right_child=5 4 3 -5 9 14 13 -9 22 10 11 12 -14 -15 15 -17 -18 18 20 -21 27 -23 -24 -25 -26 -27 -28 29 -30 -31
leaf_value=-0.038607729285566994 -0.03711914327185592 -0.039072711919394307 0.042579036864139497 -0.038500011029897793 0.044010311977812307 0.043521388959446343 0.043962133057657372 -0.033953281086207487 0.023832795694227631 0.01157913046914253 -0.038004976827161155 -0.0086944197779367845 0.059128699147773495 -0.0087087777041485372 -0.040532382124314315 0.0428278828387176 0.019768500961761172 -0.015055134472844007 0.053472835732027914 -0.0081497324173436039 -0.021311585650053685 -0.038046539955515574 0.046382957303630679 0.02649950433477229 0.027023836315160428 0.042204615397004076 0.011559040795282919 -0.0376302760845941 0.031597248453268945 -0.032197025933619498
leaf_weight=16.469702214002609 26.55443012714386 10.15414781868458 365.35726955533028 13.773907229304312 4.8446680903434753 10.308629482984539 55.164421990513802 6.6972858160734168 5.6523750126361874 4.0924169570207596 58.464282676577568 5.3181882351636913 11.297007158398626 6.2710684835910788 7.5475295037031156 32.231405258178711 5.4442098140716553 6.5456506758928299 4.1842474639415741 3.6643667668104163 3.8106837421655646 51.777132220566273 10.87041090428829 6.6135944575071326 5.5091576427221289 823.96316556632519 4.6853239685297021 1297.0964559614658 6.9999272823333731 24.100345656275749
leaf_count=101 163 56 1432 84 15 39 209 37 20 15 368 24 33 28 35 126 19 30 13 17 21 324 38 24 22 3250 20 8494 27 145
internal_value=-2.97583e-05 -0.0198562 0.0350061 0.0380413 -0.0350491 0.0388611 0.0164037 0.040775 0.00699706 -0.0359161 -0.0361801 -0.0213133 0.0374199 0.0376342 0.0412359 0.0261394 -0.0152632 -0.0369822 -0.0371254 -0.0308726 -0.03723 -0.0312036 0.0386686 0.0420956 0.0424241 0.0420496 0.0335338 -0.0374845 0.0423726 -0.0375312
internal_weight=2895.46 1917.78 415.912 399.442 1501.87 977.679 93.4991 385.668 30.3413 1471.53 1466.69 75.0795 16.6152 66.9446 884.18 45.2231 12.9917 1391.61 1387.51 13.8185 1380.97 55.9614 16.5228 378.971 60.6736 838.957 14.994 1325.01 372.357 1321.2
internal_count=15229 11318 1705 1604 9613 3911 422 1520 131 9482 9467 425 57 259 3489 180 54 9042 9027 73 8997 337 58 1483 231 3309 59 8660 1459 8639
is_linear=0
shrinkage=0.05


Tree=60
num_leaves=31
num_cat=0
split_feature=13 2 10 2 16 10 16 21 14 9 8 18 10 17 28 7 13 6 9 21 20 9 2 1 29 3 29 2 16 2
split_gain=865.866 257.278 206 54.1517 42.6243 29.3846 47.3195 14.0148 12.9213 12.292 12.1489 9.48091 29.7974 7.11952 4.61472 9.04777 27.2539 11.211 10.0451 2.63395 2.53041 2.50004 1.85247 0.965857 0.741599 0.598041 0.297556 0.26254 0.258395 0.240748
threshold=0.6440052092075349 0.32005520164966589 0.32801096141338354 -0.33588591217994684 0.64119571447372448 0.27134813368320471 0.60595834255218517 0.69649645686149608 -0.62060213088989247 0.26301448047161108 0.53407454490661632 0.33450216054916387 0.28878164291381841 -0.31697112321853632 0.96254611015319835 0.31109739840030676 0.64096337556839 0.68310800194740307 0.6195763647556306 0.42379108071327215 0.16265236586332324 0.25339815020561224 0.28652486205101019 0.55038577318191539 0.0086428183130919951 0.29453875124454504 -0.33610275387763971 -0.38475835323333735 0.4732902199029923 -0.1784875616431236
decision_type=10 10 10 8 8 8 8 10 10 10 2 8 10 10 8 2 8 2 10 8 8 10 10 10 10 10 8 8 8 10
left_child=1 3 4 27 20 6 24 -3 19 13 21 12 -10 -4 -7 16 28 18 -18 -6 -2 -8 -17 -23 -5 -13 -27 -1 -16 -19
right_child=2 7 9 5 8 14 10 -9 11 -11 -12 25 -14 -15 15 22 17 29 -20 -21 -22 23 -24 -25 -26 26 -28 -29 -30 -31
leaf_value=0.042620296938273627 -0.037482068711715437 0.042344465027734472 -0.037894893157995081 -0.037114117154223615 -0.038658567626916301 -0.037184752759458997 0.0017855486562981281 -0.038343486305060584 0.041978255767837008 -0.037508466284574452 -0.038000818548224312 0.026532209043380862 -0.040010855891056581 0.044617113162340877 -0.0224050870875111 -0.037288453600332921 -0.039086548621573562 0.040501790544266114 0.040249079881331855 0.016972805452008383 0.0056806724052039115 0.043097434651306721 0.0029538272313549036 0.021829200333010376 -0.010521478312087593 0.032096764171445684 0.042146998908724267 0.030194158764364012 -0.037504243502769236 0.05233250384302103
leaf_weight=20.372266009449959 18.228677779436111 135.30327074229717 3.9541736096143723 69.446746997535229 5.9073507487773869 947.62127462774515 4.8537129759788504 5.6044744700193396 43.90277025103569 102.21470610797405 6.3817267119884482 6.2329177707433692 14.823283374309538 7.7152635902166349 2.9686779528856277 174.21148243546486 11.009071961045267 8.2455519735813159 6.2577817589044562 3.3254267871379861 4.1728814393281963 34.065709874033928 2.9074640274047843 6.3300666213035575 2.7245764732360831 7.4216789305210114 959.48038324713707 5.3714975714683559 62.214085094630718 8.9867895841598493
leaf_count=80 126 542 26 508 37 6855 21 34 173 711 41 27 88 28 19 1243 65 31 19 16 17 129 13 23 13 30 3869 20 431 28
internal_value=-0.00021008 -0.0252082 0.0319537 -0.0318069 0.0387977 -0.0331786 -0.00996458 0.0391352 0.0402661 -0.0319582 0.0265824 0.040793 0.021283 0.016658 -0.0355258 -0.0298463 -0.0177964 0.0181403 -0.0103341 -0.0186215 -0.0294419 0.0356908 -0.0366279 0.0397647 -0.0361102 0.0419703 0.0420699 0.0400276 -0.0368166 0.0466716
internal_weight=2692.26 1514.88 1177.38 1373.97 1063.5 1348.22 123.803 140.908 1041.09 113.884 51.6312 1031.86 58.7261 11.6694 1224.42 276.801 99.682 34.4992 17.2669 9.23278 22.4016 45.2495 177.119 40.3958 72.1713 973.135 966.902 25.7438 65.1828 17.2323
internal_count=15263 10115 5148 9539 4383 9439 735 576 4240 765 214 4187 261 54 8704 1849 593 143 84 53 143 173 1256 152 521 3926 3899 100 450 59
is_linear=0
shrinkage=0.05


Tree=61
num_leaves=31
num_cat=0
split_feature=4 13 31 7 11 7 1 24 34 16 7 20 14 25 0 16 16 13 17 6 11 18 7 35 34 20 1 17 11 6
split_gain=482.844 284.934 184.248 128.182 69.4452 64.3885 46.1805 36.7319 35.582 25.7282 37.618 16.9747 11.6066 11.2109 50.8863 10.0824 9.96578 11.0987 9.08729 13.5621 9.06895 8.72156 6.191 15.7541 4.82902 4.59857 14.1126 4.59097 3.97863 3.34126
threshold=0.50652417540550243 0.67246571183204662 0.40071755647659307 0.32095615565776831 -0.77514684200286854 0.40497589111328131 0.48649403452873236 0.18666049838066104 0.93526437878608715 0.60595834255218517 0.29010500013828283 -0.427682414650917 0.5140109956264497 0.97788432240486156 0.57973140478134166 0.66730108857154857 0.75416088104248058 0.54418081045150768 0.17816059291362765 0.40065430104732519 0.59172284603118908 0.50831896066665661 0.3412527740001679 -0.092257048934698091 0.79507181048393261 -0.67390260100364674 0.48106607794761663 0.44019015133380895 -0.12691897153854367 0.83567142486572277
decision_type=8 10 8 2 10 2 10 10 10 10 2 8 10 8 10 8 10 8 8 2 8 8 2 8 8 8 10 10 10 2
left_child=8 2 -2 15 -4 6 -6 11 25 13 27 -5 -13 22 28 -3 17 21 -7 -20 24 -12 -8 -24 -19 26 -1 -11 -15 -27
right_child=1 3 4 7 5 18 9 -9 -10 10 16 12 -14 14 -16 -17 -18 20 19 -21 -22 -23 23 -25 -26 29 -28 -29 -30 -31
leaf_value=-0.037116549564045233 -0.036861338971900526 0.038038161319860556 -0.034308114783265585 0.042519096976183841 -0.037816489360406554 -0.036035923056153558 0.041358609793248499 0.041188479935383521 0.036667046541894663 -0.036012790088427456 0.042481739607568791 -0.031108742142960961 0.05065260002946545 0.041224592892866424 -0.035379492417827701 -0.036500891760699906 -0.023240162092832181 -0.0088331576471461486 0.040064747256589844 -0.034728412019872971 -0.037929951917456697 -0.037641777231920033 -0.044594781757701041 0.039549742872792032 0.041896947012882824 -0.036630706763067775 0.036017038268248786 0.025016377378923978 -0.0041368140830899775 -0.018595040026353669
leaf_weight=23.801254622638226 112.66186966001987 4.5964958518743515 41.067204564809799 12.431364044547079 21.901910960674286 34.338748723268509 859.75425440073013 85.702523440122604 17.670213580131531 30.181916236877441 5.3157668858766538 43.633448928594589 4.8200858831405631 121.61023345589638 27.711752712726593 348.41002489626408 8.5972158014774305 4.8962121754884764 12.54663732647896 11.725154414772986 3.8800131231546393 9.4062053263187391 7.4873384684324265 21.639719456434253 111.93736365437508 688.84047304093838 9.1256324946880323 3.4319554567337027 5.034028932452201 26.673833131790161
leaf_count=174 829 16 282 49 152 246 3389 336 67 190 21 276 15 477 161 2519 43 27 44 80 26 65 33 85 438 4986 31 13 24 169
internal_value=0.000182986 0.0133694 0.024555 -0.0192099 0.0297091 0.0317293 0.0341445 0.0200924 -0.0334619 0.0354354 0.0178461 -0.00960273 -0.0229752 0.0384306 0.0259924 -0.0355303 0.0289613 0.0322749 -0.0194836 0.00393386 0.0372735 -0.00871101 0.0405906 0.0179197 0.039771 -0.0351176 -0.0168477 -0.0297817 0.0394215 -0.0359584
internal_weight=2720.83 1954.72 1455.13 499.594 1342.46 1301.4 1242.79 146.587 766.111 1220.88 177.647 60.8849 48.4535 1043.24 154.356 353.007 144.033 135.436 58.6105 24.2718 120.714 14.722 888.881 29.1271 116.834 748.441 32.9269 33.6139 126.644 715.514
internal_count=15263 9836 6625 3211 5796 5514 5144 676 5427 4992 823 340 291 4169 662 2535 620 577 370 124 491 86 3507 118 465 5360 205 203 501 5155
is_linear=0
shrinkage=0.05


Tree=62
num_leaves=31
num_cat=0
split_feature=10 4 8 2 10 0 34 21 29 20 19 6 4 10 6 15 12 16 26 30 3 6 0 9 4 24 8 19 34 26
split_gain=830.112 591.193 34.4441 31.3421 20.8739 38.1563 18.6408 27.5633 13.6938 13.0809 8.24268 7.06477 3.99303 11.8838 9.71048 3.77922 23.8597 3.22005 2.43547 1.61319 1.36418 1.05365 0.874585 1.52815 0.682058 0.527374 0.5172 0.815987 0.366691 1.63542
threshold=0.37169821560382849 0.47519899904727941 -0.33437740802764887 0.1320496276021004 0.40137711167335516 0.39959244430065161 0.72935432195663463 0.2588652521371842 -1.605890095233917 0.20289138704538348 0.85552588105201732 0.83567142486572277 0.79337790608406078 0.49717544019222265 0.41338542103767401 0.22420193254947665 0.28030642867088323 0.46668364107608801 -1.4881933331489561 0.210205152630806 0.57107543945312511 0.80477467179298412 0.73183855414390575 0.60043320059776317 0.51318690180778515 0.3407463282346726 -0.21085171401500699 0.77406850457191478 0.79030847549438488 -0.20091404020786283
decision_type=8 10 2 10 8 10 8 8 8 10 10 2 8 8 2 8 10 8 8 10 10 2 10 8 10 10 2 8 8 8
left_child=1 2 -1 9 5 25 7 19 -8 26 20 21 -6 14 -14 16 -10 -17 -19 -3 -7 24 28 -24 -9 -2 27 -4 29 -20
right_child=4 6 3 -5 12 10 8 11 15 -11 -12 -13 13 -15 -16 17 -18 18 22 -21 -22 -23 23 -25 -26 -27 -28 -29 -30 -31
leaf_value=-0.038247980426916212 -0.037989770829103736 0.014279748053829684 0.043604819058557738 -0.03817655998357921 0.041574677886358213 0.043211517513936815 0.043596074135517859 -0.016695527548530219 0.057052079545349292 -0.032912326840254198 -0.026795628397349638 0.031485979293024401 -0.039918367210741705 0.041249913306784347 0.03852662250042585 0.0034668325908772143 -0.037721737536793802 0.001248678697875907 -0.010132174447268001 0.047884849052092227 0.015945579694620772 -0.0078062070544147565 -0.037711782243376984 0.0058018692475065321 -0.037505504648521037 -0.015075893986957474 0.041788232907991572 0.016363366858632006 -0.037348673377779598 -0.0380760942688433
leaf_weight=15.62744691967964 23.373883560299877 4.6648612320423153 5.8452262431383106 13.20610900223255 786.01572580635548 55.399404972791672 5.3828708529472351 4.3257955610752097 7.8767733573913565 6.0125028043985358 4.8499971181154242 4.5228009968996039 9.7440845370292681 47.408136188983917 6.6287841796874991 4.9377104640007019 42.326603583991528 4.1511841416358948 6.7702540755271912 15.232439696788786 5.0016148686408988 3.6589320898056021 5.3133892267942402 3.25295114517212 43.862764686346054 2.8133265227079383 348.80598874390125 5.1894485354423532 1248.6231577843428 23.103842362761505
leaf_count=101 150 20 22 85 3247 218 17 21 25 35 26 16 48 192 22 23 278 18 37 52 21 20 35 16 298 17 1434 19 8598 152
internal_value=2.44993e-05 -0.0196665 0.0344983 0.0374974 0.0381559 0.0154564 -0.0346371 -0.0105872 -0.035994 0.040229 0.035918 -0.0284454 0.0405984 0.0285665 -0.00815882 -0.0363122 -0.022852 -0.0368336 -0.0369877 0.0400062 0.0409537 -0.0336734 -0.037111 -0.0211881 -0.0356374 -0.0355281 0.0414511 0.0307936 -0.0372177 -0.0317433
internal_weight=2763.93 1822.69 394.687 379.059 941.235 91.4382 1428.01 76.2676 1351.74 365.853 65.251 56.3703 849.797 63.781 16.3729 1346.36 50.2034 1296.15 1291.21 19.8973 60.401 51.8475 1287.06 8.56634 48.1886 26.1872 359.841 11.0347 1278.5 29.8741
internal_count=15263 11322 1696 1595 3941 432 9626 427 9199 1510 265 355 3509 262 70 9182 303 8879 8856 72 239 339 8838 51 319 167 1475 41 8787 189
is_linear=0
shrinkage=0.05


Tree=63
num_leaves=31
num_cat=0
split_feature=13 2 10 30 5 10 16 20 12 1 21 7 9 28 7 13 10 17 25 3 14 8 8 16 9 12 3 16 7 20
split_gain=807.498 239.388 185.99 50.3071 50.1369 28.0227 45.3478 17.6625 14.4769 12.0619 11.2332 10.5201 7.80251 5.45492 10.9006 29.8029 10.3177 5.45367 3.5126 3.06674 2.23806 1.90133 1.85325 1.81104 0.690581 0.557173 0.522497 0.275647 0.262493 0.247502
threshold=0.6440052092075349 0.32005520164966589 0.32994285225868231 0.17924896627664569 0.32716438174247747 0.27134813368320471 0.60595834255218517 -0.41623845696449274 0.26609988510608679 0.4257176965475083 0.70705190300941478 0.27072356641292578 0.26301448047161108 0.96254611015319835 0.31109739840030676 0.64096337556839 0.35196548700332647 -0.31697112321853632 0.93009144067764293 0.38952542841434484 -0.069820612668991075 -0.83165013790130604 0.4999475777149201 0.64119571447372448 0.31736229360103613 0.29306307435035711 0.56168359518051159 0.47624744474887853 0.29576836526393896 -0.31429016590118403
decision_type=10 10 10 8 10 8 8 8 10 10 10 2 10 8 2 8 8 10 8 10 8 2 2 8 8 8 10 8 2 8
left_child=1 4 3 11 5 6 -1 18 -9 24 -3 -2 17 -7 15 27 19 -4 -5 -17 -11 -6 -16 -10 -8 -25 28 -15 -21 -27
right_child=2 10 12 7 21 13 9 8 23 20 -12 -13 -14 14 22 16 -18 -19 -20 26 -22 -23 -24 25 -26 29 -28 -29 -30 -31
leaf_value=-0.036420793876495793 0.044831305346900746 0.041303579143595476 -0.037561276691333925 0.019729645819848412 0.042074595985965989 -0.036932342779436113 -0.037660787957804434 -0.037972387062070186 0.010903990453032709 0.011691051490571376 -0.037953342421114089 -0.037609197354927931 -0.037224253755026783 -0.020934178105340411 -0.037060395107103482 0.0013563455711375189 -0.037226738956940293 0.043034880507083206 -0.038094433646314492 0.042081977137892079 0.041670933352035811 0.0073691980498676009 0.0030129474086484009 0.024284115093310785 -0.0086801544644093589 0.030283708730893769 0.030330413669511409 -0.037209243686515722 0.054868841894203019 0.041451470460892294
leaf_weight=68.869615100324154 4.5492969006299999 130.43269544839859 3.4199044853448868 3.8322427123784992 22.347575843334202 906.28694153577089 5.7708396613597843 5.814728617668151 4.922173053026202 7.5485747754573822 4.6293095648288718 25.905390486121178 92.681117996573448 2.7258092686533928 165.78579737991095 5.5844397395849255 6.0762482434511176 5.4340361356735212 8.3462870866060257 9.7762966454029137 35.508205533027649 4.7928050160408011 2.9362118095159522 4.7817614674568176 3.1929442584514627 4.9869384765625 6.2120192795991889 57.115074314177036 6.8088525384664527 961.28044521808624
leaf_count=527 16 548 24 16 91 6930 39 38 18 27 30 183 682 18 1246 23 44 21 53 36 143 19 16 17 17 20 21 419 21 4059
internal_value=-0.000171806 -0.0248087 0.0316081 0.0380058 -0.0313085 -0.0327232 -0.0098058 0.0399453 0.0406876 0.0254296 0.038587 -0.0252943 -0.0329402 -0.0350926 -0.0287533 -0.0151379 0.0219047 0.011904 -0.0198988 0.0345642 0.036415 0.0359459 -0.036363 0.0411562 -0.0273377 0.0413096 0.0426988 -0.0364679 0.0473315 0.0413938
internal_weight=2578.35 1452.4 1125.95 1024.42 1317.34 1290.2 120.89 993.965 981.786 52.0206 135.062 30.4547 101.535 1169.31 263.021 94.2987 34.4579 8.85394 12.1785 28.3816 43.0568 27.1404 168.722 975.971 8.96378 971.049 22.7972 59.8409 16.5851 966.267
internal_count=15362 10215 5147 4420 9637 9527 753 4221 4152 226 578 199 727 8774 1844 582 145 45 69 101 170 110 1262 4114 56 4096 78 437 57 4079
is_linear=0
shrinkage=0.05


Tree=64
num_leaves=31
num_cat=0
split_feature=4 13 10 10 10 10 34 20 11 13 14 8 9 6 16 34 0 21 5 8 20 8 10 6 5 9 7 25 27 12
split_gain=455.994 264.273 334.042 121.448 82.918 31.5463 31.2979 23.8784 20.1744 15.8442 15.6339 11.6235 10.4281 22.0405 5.74189 4.76193 4.6945 4.59324 7.33272 4.28301 4.12167 11.973 2.91053 2.66826 10.5811 3.60084 2.43518 4.89046 2.09461 6.95383
threshold=0.50652417540550243 0.67454206943511974 0.40597115457057958 0.33286279439926153 0.27674649655818945 0.37975467741489416 0.93526437878608715 -0.3773400336503982 -0.74694955348968495 0.63671869039535534 0.34260667860507971 0.66556361317634594 0.47280906140804296 0.59064516425132763 0.75416088104248058 0.86591637134552013 0.73183855414390575 0.19621133804321292 0.21518582105636599 -0.62603080272674549 -0.71777814626693714 0.37627583742141729 0.29693116247653967 0.83882308006286632 0.17350886762142184 0.80333301424980175 0.26938688755035406 0.84703126549720775 0.23816899955272677 0.081134758889675154
decision_type=8 10 8 10 10 10 10 8 10 8 10 2 10 2 10 8 10 8 10 2 8 2 8 2 10 10 2 8 10 10
left_child=6 2 4 7 9 -5 20 -3 22 -2 -7 14 -4 -14 16 -11 17 18 -10 -19 21 -1 -6 25 -25 -22 27 -21 29 -28
right_child=1 3 12 5 8 10 -8 -9 11 15 -12 -13 13 -15 -16 -17 -18 19 -20 26 23 -23 -24 24 -26 -27 28 -29 -30 -31
leaf_value=0.043008706961725665 0.036854505240525311 0.036882807177964785 -0.036910530267304752 0.040322199381669144 -0.038029950288374241 -0.038352633496617938 0.035403353457600026 -0.036412487145638307 -0.034176003845623762 0.031341186829926954 0.047730478821804499 -0.033328391097185696 0.048802133723218802 -0.035014337738672498 -0.0080304285941678911 -0.037194112736447259 -0.0079958492153517063 -0.0061325509070129895 0.045970403420172841 0.042345354569309032 -0.036598098728366051 -0.034034067790978693 0.017449126990533838 -0.03700923320125582 0.043476517868256265 0.0020370932689417714 0.018687441602838532 -0.026938347111992385 0.041292733209985527 0.039875054099931848
leaf_weight=6.5618348419666317 9.4678046256303769 11.487591952085493 187.01723071932793 86.191191896796227 9.7594198137521708 23.470804437994961 16.19660858809948 339.8684736341238 5.4622167497873289 2.6752050071954745 6.8031813204288474 5.6275175511836997 11.710035681724547 23.753240346908569 6.531131535768508 48.193317860364914 5.2905456721782675 5.1067733168601981 5.9764508754014969 6.7451918423175785 657.20811904221773 21.785066649317741 3.119727388024331 18.406892001628879 5.2476662099361411 6.0866847187280646 46.85719595849514 4.0922213941812524 798.20615708827972 223.15598091483116
leaf_count=24 35 45 1433 353 68 160 64 2593 22 11 23 22 39 176 27 353 18 26 21 27 5038 160 14 139 20 29 195 20 3297 910
internal_value=0.000158555 0.0132117 0.0240244 -0.0193488 0.0345685 0.0248999 -0.0333278 -0.0340161 0.0376286 -0.0225359 -0.019008 0.0383486 -0.0321967 -0.00733799 0.0387128 -0.0335898 0.0389901 0.039217 0.00769872 0.0395496 -0.0348841 -0.0162 -0.0245912 -0.0356551 -0.0191538 -0.0362436 0.0397658 0.0161837 0.040005 0.0361982
internal_weight=2608.06 1876.57 1408.75 467.821 1186.27 116.465 731.493 351.356 1125.93 60.3363 30.274 1113.05 222.481 35.4633 1107.42 50.8685 1100.89 1095.6 11.4387 1084.16 715.296 28.3469 12.8791 686.949 23.6546 663.295 1079.06 10.8374 1068.22 270.013
internal_count=15362 9888 6714 3174 5066 536 5474 2638 4667 399 183 4585 1648 215 4563 364 4536 4518 43 4475 5410 184 82 5226 159 5067 4449 47 4402 1105
is_linear=0
shrinkage=0.05


Tree=65
num_leaves=31
num_cat=0
split_feature=10 4 8 2 21 10 11 23 29 6 6 2 16 19 18 4 6 10 29 12 15 12 17 13 10 27 13 1 4 2
split_gain=766.555 552.2 32.7422 29.585 21.1152 17.8962 37.2076 12.3842 11.81 9.27298 8.31723 31.148 13.2592 6.07599 4.74594 4.2042 12.2047 4.90005 1.86786 1.72506 1.40014 14.7599 1.08745 0.947498 0.873829 0.525525 0.516557 0.501684 0.207655 0.180446
threshold=0.37169821560382849 0.47519899904727941 -0.33437740802764887 0.12881386280059817 0.19621133804321292 0.40137711167335516 -0.21377491950988767 0.31350132822990423 -1.605890095233917 0.77349829673767101 0.80477467179298412 -0.1451584920287132 0.54537746310234081 0.84417220950126659 0.16508317738771441 0.79337790608406078 0.37975841760635382 0.49717544019222265 -1.4035562276840208 0.65161287784576427 0.26174925267696386 0.29081995785236364 0.12578655779361728 0.81811097264289867 0.48672021925449377 0.30044269561767584 0.54916566610336315 0.47455196082592016 0.51021474599838268 0.18038980662822726
decision_type=8 10 2 10 8 8 8 10 8 2 2 10 10 10 8 8 2 8 8 10 8 8 10 8 10 8 10 10 10 10
left_child=1 2 -1 7 9 6 -2 19 -6 -3 14 -12 25 23 -10 29 17 -17 -16 22 21 -20 -4 28 -18 -13 -11 -22 -8 -7
right_child=5 4 3 -5 8 15 13 -9 10 26 11 12 -14 -15 18 16 24 -19 20 -21 27 -23 -24 -25 -26 -27 -28 -29 -30 -31
leaf_value=-0.038018281197952447 -0.03756023509700876 -0.033925034329785157 0.041336638984016752 -0.037718832369095567 0.042272970456628624 0.040926186491681567 0.041388542292370885 -0.038510541990380322 0.012068442973977767 0.024868010867500699 -0.037616974489915266 0.047772037269623646 -0.038390662549365608 -0.018650370809096671 -0.011186391609357556 -0.039301847094051719 0.020652917078877949 0.023587835782162919 0.033556873186665087 0.010583716411290555 -0.019043503911004924 -0.037301877660047743 0.018110996077039962 0.020445516360380334 0.041460247606139533 0.066228162154724379 0.044503570144345056 -0.037091826443956526 0.050590318822839042 0.03117547796283078
leaf_weight=15.245374247431753 23.640740126371384 6.5865563005208996 339.88321323692799 12.866712585091589 4.9331055283546448 746.92249558866024 45.094964310526848 5.0203601419925681 5.0632465928792953 5.1959067136049262 61.754808634519577 8.9565991014242172 4.9110857993364325 4.6799689978361121 7.2810655683279037 8.1630221158266032 5.7353922724723807 4.9910386353731164 8.1566940546035749 4.727870598435401 3.8631678521633139 74.228686735033989 5.1156439185142508 5.2969318032264701 41.969308748841286 6.7742507755756387 9.4252127707004529 1157.8204659968615 7.0958452820777884 4.7750984877347937
leaf_count=103 162 37 1462 88 16 3236 193 32 23 20 426 30 29 25 35 43 20 20 31 21 23 526 19 22 179 19 36 8444 22 20
internal_value=1.11314e-05 -0.0192824 0.0337828 0.0367605 -0.0341668 0.0375476 0.0158313 0.0394619 -0.0349481 0.0153349 -0.0352326 -0.0198436 0.0333293 0.0361347 -0.0362419 0.0398409 0.027201 -0.0154396 -0.0364373 0.0405812 -0.0365851 -0.0302864 0.0409922 0.0405946 0.0389586 0.0557199 0.0375257 -0.0370318 0.0426396 0.0408642
internal_weight=2646.17 1747.81 382.859 367.614 1364.95 898.365 85.8085 354.747 1343.74 21.2077 1338.81 82.3967 20.6419 62.1677 1256.41 812.556 60.8588 13.1541 1251.35 349.727 1244.07 82.3854 344.999 57.4877 47.7047 15.7308 14.6211 1161.68 52.1908 751.698
internal_count=15362 11420 1725 1622 9695 3942 424 1534 9602 93 9586 504 78 262 9082 3518 262 63 9059 1502 9024 557 1481 237 199 49 56 8467 215 3256
is_linear=0
shrinkage=0.05


Tree=66
num_leaves=31
num_cat=0
split_feature=13 5 7 10 16 16 12 8 2 30 20 4 28 7 12 10 20 21 10 9 23 34 0 10 23 8 7 24 32 10
split_gain=744.42 220.008 172.546 48.759 59.7127 42.0979 23.3629 9.6179 8.81467 8.43133 7.74373 7.55786 4.80022 10.2953 27.5596 8.82941 4.79883 4.27258 3.21318 2.80089 2.64937 6.56121 2.58892 2.02236 1.63497 0.851519 0.849776 0.541013 0.148614 0.142141
threshold=0.6440052092075349 -0.32905659079551691 0.31884554028511053 0.27735257148742681 0.61002835631370556 0.80306494235992443 0.26609988510608679 0.53407454490661632 -0.35181166231632227 0.18791685253381732 -0.12434954568743704 0.52961766719818126 0.96254611015319835 0.31109739840030676 0.081134758889675154 0.35196548700332647 -0.427682414650917 0.65193399786949169 0.33405528962612158 0.24356170743703845 0.20356181263923648 0.98002853989601146 0.58477845788002025 0.32502411305904394 0.054108418524265296 0.46474252641201025 0.28009465336799627 0.17129933834075931 -0.75920292735099781 0.31272865831851965
decision_type=10 8 2 8 8 10 10 2 8 8 8 10 8 2 10 8 8 10 10 10 10 10 10 10 10 2 2 10 8 10
left_child=1 17 6 4 24 20 -2 10 -5 11 -6 -8 -10 14 15 22 -11 -1 -7 -12 -4 -22 -14 28 -3 -15 -21 -16 -18 -30
right_child=2 3 5 8 7 18 9 -9 12 16 19 -13 13 25 27 -17 23 -19 -20 26 21 -23 -24 -25 -26 -27 -28 -29 29 -31
leaf_value=0.040931665275682115 -0.037387531453991409 -0.036719453776525281 -0.036609137142504529 0.042220143344564288 -0.032322652576076548 0.041434300873430197 0.043765909209598192 -0.037336896401131976 -0.036691531402114404 -0.0049687913374668047 0.00036302960727516408 -0.039072503095916949 0.012688755418510077 -0.036810000459649432 -0.018773843501586944 -0.03695880546593009 0.032074161148510846 -0.012183013691435714 -0.0059588941534615015 0.042092005259148968 -0.038077616804269535 0.049263317516088992 0.046481599380620443 0.016609655624533887 0.004745498076662677 -0.008189762455246977 0.02107077165616103 -0.037140841377222088 0.040924652035125526 0.037686329224622638
leaf_weight=118.72156189382076 9.9373188093304616 73.117529913783073 102.71729278564453 3.717911571264267 4.2646824866533279 23.75980165600777 4.8387275040149706 5.245772495865821 841.77089597284794 5.8367809653282166 4.7614049613475791 6.3891044110059738 8.4919891655445152 155.39160267263651 4.346153497695922 5.0760138109326354 4.910783663392067 3.910897582769393 4.2100856751203528 54.027660340070724 6.5302800238132459 3.2058465480804443 17.041832566261292 8.7620284259319288 2.4572183340787879 2.6430959403514853 5.277178853750228 51.733380518853664 854.43886071443558 35.285259634256363
leaf_count=525 72 590 810 15 26 102 18 38 6812 28 22 38 31 1234 29 39 21 20 19 225 44 10 61 32 11 16 22 397 3792 156
internal_value=-0.000122881 -0.0246471 0.0310699 -0.0309683 -0.00415568 -0.020593 0.0388672 0.0279076 -0.0346366 0.0396905 0.0329164 -0.0033726 -0.0348996 -0.0287358 -0.0148892 0.0232697 0.0402223 0.0392378 0.0343006 0.0372592 -0.0342463 -0.00931858 0.0352428 0.0405142 -0.0353713 -0.0363313 0.0402215 -0.0357174 0.0407483 0.0407962
internal_weight=2432.82 1362 1070.82 1239.36 149.151 140.423 930.399 73.5767 1090.21 920.462 68.3309 11.2278 1086.49 244.724 86.6894 30.6098 909.234 122.632 27.9699 64.0662 112.453 9.73613 25.5338 903.397 75.5747 158.035 59.3048 56.0795 894.635 889.724
internal_count=15255 10113 5142 9568 934 985 4157 333 8634 4085 295 56 8619 1807 557 131 4029 545 121 269 864 54 92 4001 601 1250 247 426 3969 3948
is_linear=0
shrinkage=0.05


Tree=67
num_leaves=31
num_cat=0
split_feature=4 13 10 10 10 34 10 2 23 9 6 6 16 14 7 30 8 9 20 8 16 21 6 2 9 2 29 25 6 8
split_gain=419.358 247.695 313.409 111.618 70.3108 29.0346 28.9027 23.3968 21.4967 13.9377 23.0614 8.58574 8.26971 7.58157 6.32813 5.39566 4.42253 10.5498 4.17176 10.9332 3.71262 13.1965 2.92556 10.7566 3.63761 2.39871 1.68752 7.64366 17.9424 2.12104
threshold=0.50652417540550243 0.67246571183204662 0.40137711167335516 0.32801096141338354 0.27134813368320471 0.93526437878608715 0.40137711167335516 0.36603349447250372 -0.32143673300743097 0.47280906140804296 0.59064516425132763 0.73691895604133617 0.75416088104248058 0.5140109956264497 0.26187233626842504 0.17924896627664569 -0.53145897388458241 0.7445078194141389 -0.67390260100364674 0.39232294261455541 0.46299192309379583 0.27590005099773413 0.83567142486572277 -0.17384706437587735 0.80333301424980175 -0.097731385380029664 -1.605890095233917 0.96926748752594005 0.69899210333824169 0.30109106004238134
decision_type=8 10 8 10 10 10 10 10 8 10 2 2 10 10 2 8 2 10 8 2 8 8 2 10 10 8 10 8 2 2
left_child=5 2 4 8 -2 18 11 12 -3 -4 -11 -5 14 -8 -6 -10 17 -16 19 -1 21 -18 24 -24 -20 -13 27 -22 29 -29
right_child=1 3 9 6 7 -7 13 -9 15 10 -12 25 -14 -15 16 -17 20 -19 22 -21 26 -23 23 -25 -26 -27 -28 28 -30 -31
leaf_value=0.031852629024535908 -0.033193534869804801 0.038722960388104188 -0.036699346693683979 0.040512079185976532 -0.024695642553321753 0.03634714775158325 -0.037385710236471671 -0.034155519908205909 0.023435520568301435 0.04798344301690835 -0.034583929208805854 0.017173462358938012 -0.013468905699958074 0.049470527464487796 -0.041081958282536322 -0.036669120893395753 -0.030709273387714904 0.042753605173352222 -0.036456429682625975 -0.036006565569274174 0.040271250068460995 0.037368023197421087 0.041924778890523755 -0.036914432912053208 0.003063980125010907 -0.038456593516510422 0.040570357140467167 0.042507385941015129 -0.033392449426908534 0.0084417899051454862
leaf_weight=8.4456196278333682 36.931590892374516 9.9286507815122587 181.33902966231108 84.324060156941414 3.9936240166425696 14.743528440594671 20.290608584880832 11.437139689922331 3.7780207395553607 13.838454425334929 21.746336869895458 3.4481743276119232 7.8246340304613105 2.8675148785114279 5.87148089706898 320.07762970775366 8.6488779932260496 10.39812135696411 612.21720630675554 19.972533605992794 179.59601730108261 40.232618167996407 5.6659135967493084 18.300268664956093 5.8784577101469031 4.4237423092126837 757.46725713461637 27.284020096063614 12.605004787445067 5.4885583370923987
leaf_count=37 281 42 1466 358 19 61 154 88 14 48 170 13 35 9 32 2598 35 44 4970 157 770 173 22 144 28 27 3268 112 59 21
internal_value=0.000161472 0.0129947 0.023874 -0.0190931 0.034636 -0.03306 0.0233066 0.0369754 -0.0337462 -0.031085 -0.00247457 0.0358501 0.0377433 -0.0266309 0.0381243 -0.035968 0.0383638 0.0124985 -0.0345862 -0.0158394 0.0387719 0.0253227 -0.035416 -0.0182758 -0.0360806 -0.0140887 0.039441 0.0356386 0.0173036 0.0368023
internal_weight=2459.06 1773.84 1324.7 449.138 1107.78 685.224 115.354 1070.85 333.784 216.924 35.5848 92.196 1059.41 23.1581 1051.59 323.856 1047.59 16.2696 670.48 28.4182 1031.32 48.8815 642.062 23.9662 618.096 7.87192 982.441 224.974 45.3776 32.7726
internal_count=15255 9836 6621 3215 4937 5419 561 4656 2654 1684 218 398 4568 163 4533 2612 4514 76 5358 194 4438 208 5164 166 4998 40 4230 962 192 133
is_linear=0
shrinkage=0.05


Tree=68
num_leaves=31
num_cat=0
split_feature=10 34 1 2 2 16 10 11 13 35 2 2 10 1 29 15 12 15 0 6 8 15 12 6 0 17 8 12 1 6
split_gain=716.795 291.131 112.848 85.519 37.0872 29.3283 18.5122 34.0713 14.8373 11.7062 8.7053 8.86427 7.35368 7.11455 7.04171 6.63584 21.0107 4.30215 3.54657 6.74664 2.95566 2.70224 2.70069 2.21245 11.9694 1.65083 7.73059 1.28774 0.975035 8.86139
threshold=0.37169821560382849 0.8023519515991212 0.45403732359409338 0.12630295753479007 -0.1628816872835159 0.51035183668136608 0.40137711167335516 -0.21377491950988767 0.50686559081077587 0.264868974685669 -0.19397600740194318 0.21323052048683169 0.31762912869453436 0.6761603355407716 -1.605890095233917 0.21131415665149691 0.29585236310958868 0.228391207754612 0.16429092735052112 0.49877552688121801 -0.08313023671507834 0.31034682691097265 0.18839196115732196 0.8088805377483369 0.57396996021270763 -0.60740536451339711 0.64165687561035167 0.66977858543396007 0.78855019807815563 0.37662723660469061
decision_type=8 8 10 10 10 8 8 10 10 10 10 10 8 10 8 8 10 8 10 2 2 10 8 2 10 8 2 10 10 2
left_child=1 3 10 4 12 8 7 -2 -4 17 -3 -12 -1 -9 -7 16 -16 -6 19 -8 -15 -10 -17 -24 -25 26 -19 -26 -20 -30
right_child=6 2 5 -5 9 14 18 13 21 -11 11 -13 -14 20 15 22 -18 25 28 -21 -22 -23 23 24 27 -27 -28 -29 29 -31
leaf_value=-0.037677753488401917 -0.037322299620221489 -0.039599851066665831 -0.040777511241046296 -0.036923695772359308 -0.011262482721657733 0.03719200726721357 -0.032771807584062784 0.041751208146819548 0.040814728564930805 -0.037067710764925509 0.040278509213912683 -0.037286500694204271 0.03725775952012355 -0.038719083063780572 0.05025968463612665 -0.0014923142182992092 -0.037141592032325359 -0.037244513736339468 0.040269286196492012 0.04124531093650044 0.021424334720925309 -0.0053062621733329617 -0.036562940195329359 0.040731717120890146 -0.03714454383897868 0.041366751493267392 0.041483620466853666 -0.0024543156297121421 -0.02603236188708076 0.040094258966081431
leaf_weight=20.994619905948642 22.978419840335846 4.0745804309844962 9.358652248978613 52.658538915216923 4.1297985613346109 3.3616458177566528 4.915745496749877 49.694744870066643 20.067205607891086 5.109185352921485 62.359481886029243 3.9146485403180113 3.8787970542907706 4.0783138573169708 9.3674430400133115 5.6657788008451462 25.854932457208633 3.8528535217046764 709.10598224401474 8.238067224621771 4.0927635580301267 3.7730347216129294 1099.5879627242684 5.9548074156045905 40.585151091217995 234.04025086760521 16.350991666316986 2.8639580160379401 5.637255758047103 50.01963971555233
leaf_count=138 165 27 65 392 26 11 25 216 90 38 274 29 18 24 34 34 189 28 3222 36 16 23 8429 27 302 1038 73 14 29 223
internal_value=-3.93034e-05 -0.0194393 -0.0302495 0.0216692 0.0323692 -0.0337821 0.0369598 0.0141876 0.0125725 0.0378787 0.0313358 0.0356969 -0.0259922 0.0346421 -0.0350718 -0.0352759 -0.0138971 0.0393607 0.0393264 0.0135842 -0.0085942 0.0335155 -0.0359281 -0.0360979 -0.0257469 0.040183 0.0264702 -0.0348579 0.0397691 0.0333966
internal_weight=2496.57 1637.8 1296.79 341.015 288.356 1226.44 858.761 80.8442 33.1989 263.483 70.3487 66.2741 24.8734 57.8658 1193.24 1189.88 35.2224 258.374 777.917 13.1538 8.17108 23.8402 1154.66 1148.99 49.4039 254.244 20.2038 43.4491 764.763 55.6569
internal_count=15255 11299 9548 1751 1359 9218 3956 421 178 1203 330 303 156 256 9040 9029 223 1165 3535 61 40 113 8806 8772 343 1139 101 316 3474 252
is_linear=0
shrinkage=0.05


Tree=69
num_leaves=31
num_cat=0
split_feature=13 2 10 30 2 10 16 20 12 4 11 32 7 28 7 13 10 9 2 0 2 6 11 20 18 0 14 3 2 9
split_gain=690.674 208.132 164.058 46.334 41.4097 22.5037 35.5878 14.2261 11.8419 10.3693 9.98973 8.93197 8.83809 5.40299 10.3683 26.9124 8.91743 4.54644 3.69754 3.13682 1.99802 1.7834 0.792069 0.556952 0.487545 0.307748 0.289405 0.213355 0.163565 0.0718338
threshold=0.6440052092075349 0.32005520164966589 0.32994285225868231 0.17924896627664569 -0.33588591217994684 0.27134813368320471 0.60595834255218517 -0.41623845696449274 0.25645683705806738 0.41408814489841467 -0.60970196127891529 -0.20635622739791867 0.27072356641292578 0.96254611015319835 0.31109739840030676 0.64096337556839 0.35196548700332647 0.26301448047161108 -0.13577233999967572 0.61837777495384227 0.29314318299293524 0.81101468205451976 0.47167186439037329 -0.32311624288558954 0.2570719718933106 0.72310295701026928 -0.45480804145336146 0.29950875043869024 0.099806975573301329 0.36823821067810064
decision_type=10 10 10 8 8 8 8 8 8 10 10 8 2 8 2 8 8 10 8 10 10 2 10 8 8 10 10 10 10 10
left_child=1 4 3 12 26 6 28 18 -9 -8 -3 -11 -2 -7 15 25 19 -4 -5 -17 -16 23 -13 -10 -25 -15 -1 -26 -6 -21
right_child=2 10 17 7 5 13 9 8 21 11 -12 22 -14 14 20 16 -18 -19 -20 29 -22 -23 -24 24 27 -27 -28 -29 -30 -31
leaf_value=0.04075824960221229 0.04342660165098302 0.040467308623970244 0.0068365348505736159 0.026384982995471637 -0.036410568108386172 -0.036477215603018323 -0.039115645958292561 -0.037476872688334301 0.023857028231987251 -0.041457194855223416 -0.028989465651111351 0.041850598882301686 -0.036990071340746132 -0.036752295221105284 -0.03656395014380158 0.010879826598546315 -0.036789735282800988 -0.036759515279120462 -0.037248182244299426 0.050046376685388118 0.0080853493135145948 0.0075609781245039743 0.018866912151305079 0.026334026490726078 0.032341699815349581 -0.018201900690652761 0.026304342541960742 0.040388556159461124 -0.023436911445621517 0.043433682123758373
leaf_weight=17.117619886994365 3.9674374312162426 117.58000083267689 6.4381377324461928 3.2668711692094803 57.120449356734753 800.41578270494938 5.9427720233798018 4.9647800326347369 5.2367888242006302 3.7888419628143311 5.4152639061212531 32.36113928258419 24.613215990364552 51.271173506975174 148.08410615473986 10.056298613548281 5.4725681766867629 84.080129042267799 7.5793583169579488 6.6468330770730999 2.5487149357795706 4.2273448407649985 4.2396507039666167 6.2835658788681039 8.3168303221464139 2.3377188667654982 4.3415521383285514 862.59204468131065 2.5373623967170706 10.747347414493559
leaf_count=77 15 544 37 12 495 6849 36 36 22 22 35 139 196 418 1248 37 44 689 55 22 12 18 22 25 38 16 18 4013 16 42
internal_value=-9.89446e-05 -0.0244496 0.0306031 0.0368508 -0.0309802 -0.0322715 -0.0103261 0.0388358 0.0395281 0.0225499 0.0374092 0.0316232 -0.025827 -0.0345132 -0.0278848 -0.0140915 0.0214902 -0.0336587 -0.018082 0.033109 -0.0358085 0.0399593 0.0391883 0.0401145 0.0402116 -0.0359434 0.037834 0.0403117 -0.0358588 0.0459606
internal_weight=2309.59 1288.03 1021.57 931.048 1165.03 1143.57 105.99 902.468 891.621 46.3324 122.995 40.3896 28.5807 1037.58 237.165 86.5319 32.923 90.5183 10.8462 27.4505 150.633 886.657 36.6008 882.429 877.192 53.6089 21.4592 870.909 59.6578 17.3942
internal_count=15248 10092 5156 4430 9513 9418 730 4219 4152 219 579 183 211 8688 1839 579 145 726 67 101 1260 4116 161 4098 4076 434 95 4051 511 64
is_linear=0
shrinkage=0.05


Tree=70
num_leaves=31
num_cat=0
split_feature=4 13 10 10 10 34 10 23 2 14 13 8 4 10 16 6 0 30 33 26 1 27 22 13 11 7 10 6 4 10
split_gain=387.188 225.304 287.555 107.572 64.3133 27.0336 25.7588 23.0329 16.3425 14.1351 13.512 8.96344 7.71579 10.6846 6.34871 5.58915 5.01028 4.76198 4.33346 4.1223 12.5453 3.82651 11.5958 10.7847 21.2605 5.2858 3.6002 3.37813 10.0699 3.13265
threshold=0.50652417540550243 0.67246571183204662 0.40597115457057958 0.32801096141338354 0.27674649655818945 0.93526437878608715 0.37975467741489416 -0.32143673300743097 0.36603349447250372 0.31389924883842474 0.5851026475429536 0.66556361317634594 0.81045770645141613 0.50306022167205822 0.75416088104248058 0.73691895604133617 0.73183855414390575 0.15932574868202212 0.86977931857109081 -0.67557176947593678 0.48106607794761663 0.24494961649179461 0.62407284975051891 0.32924777269363409 -0.17076471447944638 0.33907961845397955 0.32348968088626867 0.83567142486572277 0.49560140073299414 0.39640861749649053
decision_type=8 10 8 10 10 10 10 8 10 10 8 2 8 8 10 2 10 8 10 8 10 10 8 10 10 2 10 2 10 10
left_child=5 2 4 7 10 19 15 -3 11 -8 -2 14 -4 -14 16 -5 21 -9 -12 20 -1 22 -6 24 26 -25 -24 -21 -29 -23
right_child=1 3 12 6 8 -7 9 17 -10 -11 18 -13 13 -15 -16 -17 -18 -19 -20 27 -22 29 23 25 -26 -27 -28 28 -30 -31
leaf_value=-0.036443824992105099 0.03525999047444936 0.038983758148104689 -0.035663750786380184 0.040671014636200979 -0.038794737043468162 0.033695483515045609 -0.037882605408282033 0.027204379063595404 -0.033000177235050422 0.042407788376359182 -0.036779909430216723 -0.031321738299950531 0.031170332875115003 -0.036769605581304939 -0.012686668584986764 -0.010122753022246463 -0.010544251610412135 -0.036453788486713115 0.030488612520854552 -0.035980311797466323 0.034507020240004647 0.040156089889505323 -0.0032158137340131073 0.040952978179768784 -0.036852563088672123 0.0036033309991361792 0.041279196371102278 -0.036537611360269284 0.037262708548126341 0.0037291557000609745
leaf_weight=22.132796190679077 8.8308015167713148 10.640733480453489 173.94828432053328 79.046916380524635 5.5279138237237921 14.958766162395476 21.55201476812363 2.9663789570331591 8.3996249958872777 7.3514330089092246 39.794486097991467 4.7730802893638602 10.87207952141762 12.37235753983259 6.2969039082527152 5.8141812980175009 5.3575512021780005 304.74697612971067 2.5474083870649329 577.87221386283636 8.671116963028906 710.62669615447521 5.3577279001474372 205.57689520716667 14.788658574223517 9.9303743839263898 30.012019291520119 17.132086433470253 6.3300056606531134 5.9515240341424933
leaf_count=190 35 46 1488 352 24 64 162 11 67 27 322 19 44 102 28 31 19 2616 11 4947 32 3231 18 918 78 39 131 144 25 27
internal_value=0.000158121 0.0127315 0.0234089 -0.0184262 0.0336891 -0.0327392 0.0233058 -0.0333392 0.0364528 -0.0174612 -0.0209994 0.0370337 -0.0320483 -0.00499218 0.0373602 0.0371909 0.0376775 -0.0358401 -0.0327328 -0.0343113 -0.0164716 0.0379391 0.0328804 0.0343718 0.0134901 0.0392319 0.0345392 -0.0352252 -0.0166265 0.0398535
internal_weight=2340.18 1693.08 1260.96 432.119 1063.77 647.097 113.765 318.354 1012.6 28.9034 51.1727 1004.2 197.193 23.2444 999.426 84.8611 993.129 307.713 42.3419 632.138 30.8039 987.772 271.194 265.666 50.1584 215.507 35.3697 601.334 23.4621 716.578
internal_count=15248 9846 6601 3245 4967 5402 572 2673 4599 189 368 4532 1634 146 4513 383 4485 2627 333 5338 222 4466 1208 1184 227 957 149 5116 169 3258
is_linear=0
shrinkage=0.05


Tree=71
num_leaves=31
num_cat=0
split_feature=10 4 8 5 34 21 10 11 5 20 29 19 15 12 4 10 6 16 10 26 0 0 9 4 0 33 15 12 10 14
split_gain=656.957 477.724 27.4226 23.5179 17.8892 22.968 16.1781 33.0604 15.2786 11.9443 11.5595 4.44827 4.32266 16.5461 3.47975 8.75422 5.98893 3.08418 1.95754 1.41485 0.967368 0.856754 1.63666 0.743452 0.525497 0.384585 0.380762 4.80723 0.363424 1.16877
threshold=0.37169821560382849 0.47519899904727941 -0.24416866898536679 -0.13230305165052411 0.72935432195663463 0.51799133419990551 0.40137711167335516 -0.21377491950988767 0.14500208199024203 0.2369065806269646 -1.605890095233917 0.84417220950126659 0.20413611829280856 0.29585236310958868 0.85311031341552745 0.50306022167205822 0.41338542103767401 0.46668364107608801 0.27187210321426397 -1.4881933331489561 0.41508994996547705 0.73183855414390575 0.62369909882545482 0.51382598280906688 0.58289879560470592 0.1274780407547951 0.25410121679306036 0.29081995785236364 0.40597115457057958 -0.078727681189775453
decision_type=8 10 2 10 8 8 8 10 10 10 8 10 8 10 8 8 2 8 10 8 10 10 10 10 10 10 8 8 10 8
left_child=1 2 18 -4 5 8 7 -2 24 -5 -6 20 13 -12 28 16 -16 -14 -1 -19 -9 26 -23 -7 -3 -26 27 -21 29 -8
right_child=6 4 3 9 10 23 14 11 -10 -11 12 -13 17 -15 15 -17 -18 19 -20 21 -22 22 -24 -25 25 -27 -28 -29 -30 -31
leaf_value=-0.038095794339771928 -0.037030540460504018 0.030765646015559561 -0.037201126706383973 0.039923473641226608 0.040645654328458874 -0.01321574083137849 0.041045085763518278 0.019964732552742927 -0.038591895889922678 -0.037711201109895238 0.052447673088035586 -0.015757871777481655 0.0067472220803394449 -0.036995657596169629 -0.039168321306226828 0.040392392374743263 0.03215938649319116 -0.0054309101823267108 0.0087550200056540229 0.020886435930666462 0.041619810309458188 -0.037076285306925715 0.010825735872820675 -0.036728665938588895 0.043888887889318891 0.059251703192176666 -0.036567482935875563 -0.036893291303730001 0.039806081092390609 0.008924434947806684
leaf_weight=13.543143928050997 22.021163120865822 4.5881815180182519 10.549361914396284 311.30610111355782 5.00657057762146 3.7365257441997519 9.5822524428367597 5.8064018934965125 7.114754579961299 5.0345062687993041 6.7035012692213085 3.9630869179964057 4.2050624787807465 22.610987432301044 7.3665520399808866 26.571360155940056 4.9006540775299072 3.7346507459878922 2.6689151823520652 3.9402886182069778 46.124062746763229 4.8989229425787917 2.8036753237247467 33.527879029512405 10.567811936140062 6.6291508525609961 1055.142424851656 41.664985351264477 678.20631974935532 4.0202329009771338
leaf_count=99 168 22 81 1471 17 20 43 26 48 35 23 22 21 172 40 125 18 19 12 17 207 37 15 269 40 20 8572 327 3242 20
internal_value=-5.97464e-05 -0.0190179 0.0330909 0.0362388 -0.0337101 -0.00842797 0.0365166 0.0148585 0.0250238 0.0386879 -0.0351638 0.0353019 -0.0354951 -0.0165422 0.0388262 0.0242632 -0.0106735 -0.0359928 -0.030383 -0.0361544 0.0391985 -0.0362579 -0.0196404 -0.034371 0.0457999 0.049811 -0.0363742 -0.0319011 0.0396438 0.0315518
internal_weight=2368.54 1559.98 343.102 326.89 1216.88 66.1643 808.562 77.9147 28.8999 316.341 1150.71 55.8936 1145.7 29.3145 730.647 38.8386 12.2672 1116.39 16.2121 1112.18 51.9305 1108.45 7.7026 37.2644 21.7851 17.197 1100.75 45.6053 691.809 13.6025
internal_count=15248 11337 1698 1587 9639 419 3911 423 130 1506 9220 255 9203 195 3488 183 58 9008 111 8987 233 8968 52 289 82 60 8916 344 3305 63
is_linear=0
shrinkage=0.05


Tree=72
num_leaves=31
num_cat=0
split_feature=13 5 10 10 16 30 20 12 9 1 2 27 20 17 28 13 10 27 6 2 1 16 5 4 9 10 12 4 0 10
split_gain=640.419 191.716 151.097 41.66 50.1424 41.5057 11.6273 10.7718 10.4395 9.62661 8.96661 7.61416 6.37181 5.37339 5.16801 7.41637 35.0255 4.70787 3.34898 2.63944 2.0336 1.6761 1.01271 0.964485 0.887618 0.641991 0.635662 0.59088 0.313367 0.257163
threshold=0.6440052092075349 -0.32905659079551691 0.32801096141338354 0.27615544199943548 0.60595834255218517 0.17924896627664569 -0.41623845696449274 0.25254487991333013 0.26301448047161108 0.4257176965475083 -0.35181166231632227 0.59126904606819164 -0.12434954568743704 -0.31697112321853632 0.96254611015319835 0.64096337556839 0.32690635323524481 0.61209991574287426 0.72541832923889171 -0.10055864229798316 0.54473429918289196 0.64119571447372448 -0.24192480742931363 0.4433963149785996 0.3249370157718659 0.30245074629783636 0.29306307435035711 0.57482734322547924 0.72704827785491954 0.32502411305904394
decision_type=10 8 10 8 8 8 8 8 10 10 8 10 8 10 8 8 8 10 2 8 10 8 8 10 8 10 8 8 10 10
left_child=1 17 5 4 22 11 19 -8 13 24 -5 -2 -11 -4 -12 28 20 -1 -18 -7 -17 -9 -3 -14 -6 -22 -23 -27 -16 -28
right_child=2 3 8 10 9 6 7 21 -10 12 14 -13 23 -15 15 16 18 -19 -20 -21 25 26 -24 -25 -26 27 29 -29 -30 -31
leaf_value=0.039855843460809684 -0.035967381973758768 -0.0022311430468972835 -0.037135439605805343 0.040739481145163882 -0.037096286472404365 0.020457098849058771 -0.037245987237921913 0.009457928203870718 -0.036587220436567924 -0.030997031337750048 -0.036281868803846352 0.042731739865569537 0.020877558817324639 0.042501320312935187 -0.036463327803834919 0.012206745099054011 -0.036546890703892297 -0.017309229433344477 0.02371860419250674 -0.036931621632009852 0.054367946240039711 0.020003447520964526 -0.036367500381057148 0.040241224745339421 -0.0027983923727013475 0.043470472463665061 0.039755561442741359 0.019264699743561552 -0.017864828518808409 0.030827814556149982
leaf_weight=108.93415540456772 22.781066767871383 2.2498237192630768 3.0722483694553375 3.9954900741577148 5.176206007599828 2.9921065866947174 4.6086550652980822 4.6466467380523682 82.420547619462013 3.6038711071014404 758.14662207663059 3.5527268946170798 7.4341815263032904 6.8207723945379239 116.95488961786032 8.3795768618583697 74.780885264277458 3.724817991256713 2.3785541802644721 6.06414547562599 6.6645448356866863 4.129941388964653 63.338571839034557 47.642920657992363 2.9680466055870065 6.9316768199205372 823.53862883150578 3.9623360335826883 2.3095676973462096 8.1459212452173215
leaf_count=532 188 13 24 18 40 13 35 18 712 23 6870 14 32 28 1028 32 653 21 12 47 21 16 574 220 17 27 4035 20 16 35
internal_value=-0.000217508 -0.0241996 0.0300956 -0.03047 -0.00413931 0.0364763 0.0383825 0.0389864 -0.0307619 0.0263431 -0.0340114 -0.02535 0.033413 0.0177704 -0.034316 -0.0276132 -0.017792 0.0379658 -0.0346891 -0.0179709 0.0324727 0.0394045 -0.0351965 0.0376276 -0.024597 0.0421444 0.039571 0.0346664 -0.0361032 0.0396681
internal_weight=2202.35 1229.58 972.773 1116.92 132.414 880.46 854.126 845.07 92.3136 66.8252 984.504 26.3338 58.681 9.89302 980.509 222.362 103.098 112.659 77.1594 9.05625 25.9381 840.461 65.5884 55.0771 8.14425 17.5586 835.814 10.894 119.264 831.685
internal_count=15334 10169 5165 9616 919 4401 4199 4139 764 332 8697 202 275 52 8679 1809 765 553 665 60 100 4104 587 252 57 68 4086 47 1044 4070
is_linear=0
shrinkage=0.05


Tree=73
num_leaves=31
num_cat=0
split_feature=4 13 10 10 11 34 10 20 10 14 19 30 9 6 8 13 10 10 0 7 19 21 16 21 20 1 16 6 4 9
split_gain=358.09 210.548 265.161 96.4089 57.212 27.3316 24.9807 21.0087 16.513 11.7505 11.0187 8.95257 8.86163 17.4429 8.1194 6.5618 4.69082 4.60609 4.45695 4.0852 5.41056 4.07412 3.93647 11.3102 3.8828 11.1979 3.73159 3.15764 11.0957 3.91126
threshold=0.50652417540550243 0.66926905512809765 0.40597115457057958 0.32801096141338354 -0.74694955348968495 0.93644854426383983 0.38288959860801702 -0.28979294002056116 0.27867548167705541 0.31389924883842474 0.80677989125251781 0.17924896627664569 0.47280906140804296 0.59064516425132763 0.66556361317634594 0.80839413404464733 0.30122585594654089 0.29975917935371404 0.73183855414390575 0.26998753845691686 0.80830880999565136 0.5519789755344392 0.46299192309379583 0.27590005099773413 -0.67390260100364674 0.47455196082592016 0.75416088104248058 0.83239436149597179 0.49560140073299414 0.80333301424980175
decision_type=8 10 8 10 10 10 10 8 10 10 8 8 10 2 2 10 10 10 10 2 8 10 8 8 8 8 10 2 10 10
left_child=5 2 4 7 16 24 15 17 10 -8 -6 -9 -4 -14 18 -5 -2 -3 19 20 -10 -12 23 -21 25 -1 -24 29 -29 -26
right_child=1 3 12 6 8 -7 9 11 14 -11 21 -13 13 -15 -16 -17 -18 -19 -20 22 -22 -23 26 -25 27 -27 -28 28 -30 -31
leaf_value=-0.036225657168738871 -0.03662099935143754 -0.022597144854802728 -0.036242440736520956 0.039581930067169632 0.038499243045990089 0.033427233850942074 -0.037308889369063895 0.048902324839494471 0.037557526891641047 0.04145558635220286 -0.036115660189223457 -0.036108322409076452 0.047169505298694264 -0.033907013220114378 -0.030593023264026093 -0.021613652285949216 0.035269611436696005 0.04206433417426389 -0.0095312571406955277 -0.029687593079049807 -0.038951276679655054 0.029938851315923089 0.038506553617253914 0.034986092697645008 -0.036014931462419568 0.036315442156389606 -0.0028396161405720372 -0.036324178557162655 0.038891022049462209 0.00703802060610321
leaf_weight=18.091015338897709 30.695250764489174 3.6664099618792525 157.35456971824169 77.409662902355194 10.543694376945497 15.443677753210066 20.800955973565582 3.1302880048751849 5.3330544829368565 6.1307642459869376 15.14182895421982 291.23660153150558 10.035554960370066 19.571215286850929 4.4730245769023886 4.6432490870356551 2.450170934200286 11.068413302302359 5.1335134506225577 8.2819816023111326 4.0775794759392747 2.7598385140299788 879.73006684333086 36.788235276937485 544.29221022129059 7.536084532737731 5.4911835193634024 20.065253794193271 6.4889334440231314 5.3269685059785834
leaf_count=165 268 23 1431 359 46 69 168 10 25 23 116 2646 37 170 18 29 10 48 18 36 26 12 4180 172 4946 29 23 179 26 26
internal_value=0.000144177 0.0125184 0.023181 -0.0180309 0.0332978 -0.0322516 0.0224046 -0.0322879 0.0354878 -0.0193789 -0.00204977 -0.0352043 -0.0315206 -0.0064252 0.0366126 0.036119 -0.0313067 0.0259749 0.0369308 0.0371846 0.00440665 -0.0259323 0.0375162 0.0231018 -0.033937 -0.0148937 0.0382501 -0.0347841 -0.0179442 -0.0355977
internal_weight=2233.19 1615.95 1197.86 418.086 1010.9 617.244 108.985 309.102 977.754 26.9317 28.4454 294.367 186.961 29.6068 949.309 82.0529 33.1454 14.7348 944.836 939.702 9.41063 17.9017 930.291 45.0702 601.8 25.6271 885.221 576.173 26.5542 549.619
internal_count=15334 9894 6588 3306 4950 5440 579 2727 4672 191 174 2656 1638 207 4498 388 278 71 4480 4462 51 128 4411 208 5371 194 4203 5177 205 4972
is_linear=0
shrinkage=0.05


Tree=74
num_leaves=31
num_cat=0
split_feature=10 34 1 2 2 16 13 7 10 11 23 11 8 7 29 19 18 2 15 15 1 6 1 15 12 17 9 29 9 0
split_gain=612.297 258.897 100.521 77.2456 30.9547 25.3876 20.1518 17.7486 13.9823 28.2069 9.28506 7.57647 8.25049 7.15304 6.79212 5.38009 3.68161 5.0221 3.44059 3.02558 2.44518 11.77 1.53474 1.3441 12.7165 1.29142 1.08995 0.97157 0.844824 0.679845
threshold=0.37169821560382849 0.8023519515991212 0.45403732359409338 0.12630295753479007 -0.1628816872835159 0.5207134783267976 0.50686559081077587 0.38946869969367987 0.40137711167335516 -0.21377491950988767 0.34197710454463964 -0.22059267759323117 -0.23892362415790555 0.37362469732761389 -1.605890095233917 0.85552588105201732 0.16508317738771441 -0.18811552226543424 0.3198783695697785 0.24519171565771106 0.78855019807815563 0.37975841760635382 0.68685561418533336 0.24944260716438296 0.28564789891242987 -0.97976791858673085 0.70700690150260936 -1.4035562276840208 0.57769867777824413 0.75428903102874767
decision_type=8 8 10 10 10 8 10 2 8 10 10 8 2 2 8 10 8 10 10 8 8 2 10 8 8 8 10 8 10 10
left_child=1 3 11 4 13 6 -4 14 9 -2 19 -3 -13 -1 -7 22 17 -16 -8 -6 -10 28 -11 24 -18 -21 -23 -25 -22 -29
right_child=8 2 5 -5 10 7 18 -9 20 15 -12 12 -14 -15 16 -17 23 -19 -20 25 21 26 -24 27 -26 -27 -28 29 -30 -31
leaf_value=-0.037878250870570701 -0.03675196999566608 -0.036851110230188444 -0.039110322620984517 -0.03647257378674492 -0.0033125856627577014 0.036730312753488696 0.037519157963782801 0.03973971238918228 0.039215328791420326 0.040576872577766855 -0.036752471469323242 -0.03935625936760237 0.039556816910328897 0.039539917688072065 -0.037410113668907986 -0.023665565503588084 0.035444006667488891 0.04541625294321279 -0.020339568677708197 0.015224640723895242 -0.0070859183684977255 0.04011219020567458 0.0096489348598749781 -0.010704660179859491 -0.036664154493191652 0.039753557651318161 0.016397306775635511 -0.036270052230752109 -0.038585165019445158 -0.01418235557973101
leaf_weight=18.139348842203621 19.172259099781513 3.8973087072372437 16.405433744192123 48.583563566207886 4.2638708427548417 3.2737354934215546 23.850614398717884 7.965363770723342 639.16349233686924 46.857841789722443 4.1778100505471221 3.5132623091340056 57.88744792342186 3.5709992796182624 4.0798504948616028 3.8086878657340995 6.9054342061281204 3.3190151751041421 2.879640318453311 5.4936065748333931 3.7181278020143491 47.143217578530312 4.3866884708404532 3.7536069601774216 53.360787078738213 231.01428728550673 5.4000983238220206 976.9984417706728 4.9794169217348099 3.4962332472205153
leaf_count=133 155 32 128 404 28 11 119 37 3211 224 34 25 279 18 29 23 27 13 21 33 20 232 18 20 440 1132 25 8411 29 23
internal_value=6.94479e-05 -0.0187096 -0.0295324 0.0215127 0.0320773 -0.0330905 0.0045128 -0.0346162 0.036114 0.0154788 0.0371489 0.0307506 0.0350415 -0.0251442 -0.0351775 0.0336681 -0.0354013 -0.000255504 0.0312861 0.0384312 0.0383009 0.0287567 0.0379293 -0.0356503 -0.0284018 0.0391838 0.0376749 -0.0360941 -0.0251195 -0.0361913
internal_weight=2261.46 1486.83 1171.59 315.243 266.66 1106.29 43.1357 1063.15 774.63 74.2255 244.95 65.298 61.4007 21.7103 1055.19 55.0532 1051.91 7.39887 26.7303 240.772 700.404 61.2409 51.2445 1044.51 60.2662 236.508 52.5433 984.248 8.69754 980.495
internal_count=15334 11397 9615 1782 1378 9279 268 9011 3937 420 1227 336 304 151 8974 265 8963 42 140 1193 3517 306 242 8921 467 1165 257 8454 49 8434
is_linear=0
shrinkage=0.05


Tree=75
num_leaves=31
num_cat=0
split_feature=13 2 10 2 30 10 16 23 12 8 7 11 2 9 28 7 13 6 9 17 8 14 6 11 9 11 16 32 25 15
split_gain=595.555 182.688 139.081 39.5539 37.7008 20.5696 30.9093 12.5897 10.7144 8.67031 8.22185 7.97679 5.83989 5.3519 4.97785 9.17671 23.5333 6.79836 9.1009 3.29581 2.08795 1.70108 1.28351 2.5918 1.16781 0.88808 0.310443 0.289909 0.404472 0.164253
threshold=0.6440052092075349 0.32005520164966589 0.32994285225868231 -0.33588591217994684 0.17924896627664569 0.27134813368320471 0.60595834255218517 -0.46513526141643519 0.25645683705806738 0.5465783178806306 0.27072356641292578 -0.60970196127891529 0.40145154297351843 0.26301448047161108 0.96254611015319835 0.31109739840030676 0.64096337556839 0.68310800194740307 0.6195763647556306 -0.31255236268043513 0.4999475777149201 -0.069820612668991075 0.80021318793296825 0.25558307766914373 0.33879350125789648 -0.16059571504592893 0.4877182543277741 0.96188566088676464 0.85405075550079357 0.26600834727287298
decision_type=10 10 10 8 8 8 8 8 8 2 2 10 10 10 8 2 8 2 10 8 2 8 2 10 10 8 8 10 8 8
left_child=1 3 4 -1 10 6 25 12 -9 21 -2 -3 -6 19 -7 16 26 18 -18 -4 -17 -8 27 -24 -23 -5 -16 29 -29 -10
right_child=2 11 13 5 7 14 9 8 22 -11 -12 -13 -14 -15 15 20 17 -19 -20 -21 -22 24 23 -25 -26 -27 -28 28 -30 -31
leaf_value=0.038382931166959254 0.042187271068581389 0.039501707557984198 -0.02973284916825359 -0.0032000559510586002 -0.038013566339860576 -0.036089505075899711 0.0086857613162737955 -0.036896600039005717 0.029958091111525781 -0.036676060094973553 -0.036618230447765111 -0.027738896726547002 0.040260841896172669 -0.036328789307438034 -0.017962319036607829 -0.036198560397623092 -0.038168135971163669 0.04308666006986632 0.040167307895898147 0.040990085734049608 0.011829310559093385 0.013748747400382309 0.04077957121920299 -0.0099564061716947653 0.040887388292770471 -0.036019540982433706 -0.03640093743438768 0.03936155445852331 0.017958921253297049 0.039412351049277483
leaf_weight=20.479341492056847 3.9215747863054302 107.54822988808155 2.9101032167673111 2.1467386484146118 7.9273981973528844 711.53285266458988 6.7157310098409653 4.6747617721557635 4.6213740706443822 5.3685226440429679 21.214724272489548 4.5992986261844626 3.4070071429014206 74.605596363544464 2.4001044183969498 132.17339105159044 8.4613888412714022 15.827287584543226 6.5996524095535269 3.7963560074567786 2.3023663237690917 4.7158721834421184 6.7548994868993741 4.0122988969087601 24.864053130149841 51.755117833614349 46.700176060199738 5.2485619485378239 3.8098200857639322 777.37881904840469
leaf_count=100 16 550 23 12 58 6827 26 38 23 45 187 33 16 685 19 1242 61 62 21 17 13 25 31 20 120 503 424 27 18 4001
internal_value=5.84838e-05 -0.0238925 0.029967 -0.0304183 0.0359908 -0.0317976 -0.00971231 0.0378446 0.03858 0.0226309 -0.0243236 0.0367441 -0.0144851 -0.0324828 -0.0340769 -0.0273995 -0.013989 0.0202044 -0.00384204 0.0103016 -0.0353763 0.0314031 0.0390201 0.0218733 0.0365607 -0.0347124 -0.0354996 0.0392535 0.0303599 0.0393565
internal_weight=2078.47 1154.19 924.283 1042.04 842.971 1021.56 95.566 817.835 806.501 41.6642 25.1363 112.148 11.3344 81.3121 925.997 214.464 79.9886 30.8883 15.061 6.70646 134.476 36.2957 801.826 10.7672 29.5799 53.9019 49.1003 791.059 9.05838 782
internal_count=15243 10083 5160 9500 4435 9400 731 4232 4158 216 203 583 74 725 8669 1842 587 144 82 40 1255 171 4120 51 145 515 443 4069 45 4024
is_linear=0
shrinkage=0.05


Tree=76
num_leaves=31
num_cat=0
split_feature=1 13 10 20 10 34 21 10 10 2 11 16 25 19 34 0 6 14 15 16 15 14 21 0 29 3 11 14 10 6
split_gain=278.599 217.5 156.621 89.5563 60.9439 48.6529 32.3796 31.1482 14.9055 14.0929 12.7492 12.0864 10.6374 10.4537 9.61525 8.6915 12.7777 7.54849 7.36824 7.00588 6.52459 5.12021 5.09203 3.691 3.04097 9.63858 10.5615 12.2983 4.83339 2.92682
threshold=0.50283738970756542 0.66457995772361766 0.40137711167335516 -0.2250830605626106 0.27867548167705541 0.9029560685157777 0.20643051713705066 0.33199745416641241 0.40137711167335516 -0.15655481815338132 -0.83441051840782154 0.58482584357261669 0.94169387221336376 0.80540862679481517 0.42183966934680944 0.39959244430065161 0.59064516425132763 0.5140109956264497 0.31541584432125097 0.77364090085029613 0.55284607410430919 -0.89051073789596547 0.68854889273643505 0.73183855414390575 -1.4035562276840208 0.55965977907180797 0.025636618956923488 -0.27688279747962946 0.32019430398941046 0.82131716609001171
decision_type=8 10 8 8 10 10 8 10 10 10 10 8 8 8 8 10 2 10 8 10 8 8 10 10 10 10 10 8 10 2
left_child=5 2 4 12 13 -1 9 -5 18 -6 -8 -7 -3 20 -12 16 -4 -10 -9 23 -2 -11 -15 24 25 26 28 -28 -16 -26
right_child=1 3 15 7 6 11 10 8 17 21 14 -13 -14 22 19 -17 -18 -19 -20 -21 -22 -23 -24 -25 29 -27 27 -29 -30 -31
leaf_value=-0.034276467878310291 -0.024142515977505528 -0.037310297077709352 0.040144220406868804 -0.035084508046773141 0.042456444885803885 0.03671530621628321 -0.036498030642683747 -0.035957862184029556 -0.036540104920665221 0.041217085727828326 -0.03616587181236669 -0.036074585927494976 0.038510748645751089 -0.036299696929140195 -0.008254201985011823 -0.033759496791239726 -0.036279014190735676 0.048394183924152706 0.036535208115743172 -0.020723174206904033 0.041823978476972799 -0.037212693237362503 0.03954440743577034 -0.0066503358908442216 0.038782248207369481 0.038041240099577302 0.025425353407064217 -0.040944217285887506 0.040653942078606051 0.025022580256764439
leaf_weight=521.85202347487211 6.2426039502024633 4.9844956621527663 10.593730174005033 310.68918748944998 8.5988720506429654 31.922653317451477 6.2443434521555892 4.0006974115967751 19.732733339071277 2.2660842686891556 4.6942278221249589 6.9433095529675475 64.296882770955563 41.12608028948307 6.0537344664335242 111.73071876913309 11.307225584983824 3.0157804489135733 28.300204113125801 5.4888100847601882 9.3817032873630506 25.474471315741543 2.338889241218566 5.0560410320758811 604.52099356800318 147.83920854330063 13.745285362005232 14.180963620543482 30.516038954257965 41.286875046789646
leaf_count=4972 47 38 44 2968 36 162 56 19 181 10 44 67 312 370 23 1049 104 10 140 29 43 220 9 19 3048 732 63 82 143 203
internal_value=-7.11828e-05 0.0108932 0.0226494 -0.0190686 0.0296065 -0.030257 0.0327815 -0.0289424 0.00572227 -0.0134701 0.0346922 0.0237116 0.0330558 -0.0196094 0.0352012 -0.0281139 0.000687734 -0.0252803 0.0275564 0.0355869 0.0154674 -0.0308059 -0.0322185 0.0359449 0.0361959 0.0310051 0.0148766 -0.00827715 0.0325577 0.0379026
internal_weight=2104.42 1543.71 1108.69 435.02 975.055 560.718 915.966 365.739 55.0494 36.3394 879.627 38.866 69.2814 59.0893 873.382 133.632 21.901 22.7485 32.3009 868.688 15.6243 27.7406 43.465 863.199 858.143 212.335 64.496 27.9262 36.5698 645.808
internal_count=15243 10042 6374 3668 5177 5201 4708 3318 350 266 4442 229 350 469 4386 1197 148 191 159 4342 90 230 379 4313 4294 1043 311 145 166 3251
is_linear=0
shrinkage=0.05


Tree=77
num_leaves=31
num_cat=0
split_feature=10 4 2 2 21 10 11 20 34 29 19 6 2 24 4 6 10 4 29 1 15 12 6 30 9 8 14 0 24 12
split_gain=562.079 406.906 23.5455 22.1456 16.5683 13.0269 28.2913 11.2299 10.4903 8.7071 6.37717 6.15145 20.3573 4.05495 3.28844 9.80841 3.89655 2.90471 1.92857 1.41638 1.35526 13.2447 1.25496 4.0311 1.24506 0.815325 1.40253 0.479212 0.295756 0.214867
threshold=0.37169821560382849 0.47519899904727941 -0.19397600740194318 0.1320496276021004 0.20857901126146319 0.40137711167335516 -0.21377491950988767 0.20289138704538348 0.72935432195663463 -1.605890095233917 0.86759629845619213 0.82478412985801708 -0.1451584920287132 0.14732921868562701 0.79337790608406078 0.37975841760635382 0.49717544019222265 0.51880693435668956 -1.4035562276840208 0.47186809778213507 0.26174925267696386 0.29081995785236364 0.80477467179298412 0.2588904350996018 0.70700690150260936 -0.21085171401500699 -0.22477273643016812 0.41508994996547705 0.36309383809566503 0.64533326029777538
decision_type=8 10 10 10 8 8 10 10 8 8 10 2 10 8 8 2 8 10 8 10 8 8 2 10 10 2 8 10 10 10
left_child=1 2 -1 7 8 6 -2 25 -3 -6 27 13 -13 -11 -7 16 -16 -10 -15 -20 21 -21 -22 28 -17 26 -4 -8 -24 -27
right_child=5 4 3 -5 9 14 10 -9 17 11 -12 12 -14 18 15 24 -18 -19 19 20 22 -23 23 -25 -26 29 -28 -29 -30 -31
leaf_value=-0.037364947367829499 -0.036592109692021646 0.040594150598886602 0.0021864666216872132 -0.037107824145023859 0.038770419122885869 0.038808783510638836 0.024880313022323776 -0.032424970850857597 0.014035518202574452 0.013544755046968846 -0.029547368538389025 -0.036733070362910951 0.047388165631417511 -0.0080295311968646768 -0.038019989419609046 0.040177434029848608 0.024067039016090041 -0.037563438219951811 0.0057150132380582551 0.033585786861574006 -0.036172540780809163 -0.036391316414916254 -0.036529655413467109 0.021379093211986819 0.01268523592485365 0.039235550295945554 0.040425513182040504 0.040684177733232955 -0.017178449281038555 0.028031494323077791
leaf_weight=11.82199903577566 19.20280633866787 12.086369946599005 4.124582052230835 10.400080680847166 4.1028656214475632 606.57068881392479 5.3840939402580252 5.6851327791810027 3.7643920332193401 4.2959678843617439 3.6481049358844748 26.6648004129529 9.848263815045355 6.5204016119241714 7.1504340171813938 35.995521068572998 3.9083483219146737 9.9017664939165098 2.099554017186164 7.6098297014832497 918.36579596996307 60.687251731753349 15.902964293956762 3.9897569790482512 4.6502938568592063 269.37701347470284 5.7281297296285612 43.965401917695999 2.2544049248099318 4.3482404649257651
leaf_count=99 163 53 17 86 14 3216 27 41 20 20 24 226 33 35 45 181 18 73 12 31 8394 535 138 20 22 1417 27 216 18 22
internal_value=1.32585e-05 -0.0185424 0.0318462 0.0345767 -0.032967 0.0355657 0.0154042 0.037154 0.00666058 -0.0339277 0.0342442 -0.0342095 -0.014044 -0.0349302 0.037777 0.0256728 -0.0160775 -0.0233503 -0.0351348 -0.0353097 -0.0353951 -0.0285943 -0.0358889 -0.0241277 0.037032 0.0385489 0.0244177 0.03896 -0.034127 0.0390576
internal_weight=2130.06 1399.58 311.485 299.663 1088.09 730.476 72.2004 289.263 25.7525 1062.34 52.9976 1058.24 36.5131 1021.73 658.275 51.7046 11.0588 13.6662 1017.43 1010.91 1008.81 68.2971 940.513 22.1471 40.6458 283.578 9.85271 49.3495 18.1574 273.725
internal_count=15243 11331 1709 1610 9622 3912 430 1524 146 9476 267 9462 259 9203 3482 266 63 93 9183 9148 9136 566 8570 176 203 1483 44 243 156 1439
is_linear=0
shrinkage=0.05


Tree=78
num_leaves=31
num_cat=0
split_feature=13 5 10 10 16 30 20 8 2 27 20 12 21 9 31 6 10 16 17 4 6 16 9 34 23 14 14 5 12 24
split_gain=551.96 167.817 127.816 39.3736 45.2271 34.3585 13.0408 8.96459 7.54137 7.23536 6.41075 5.27829 5.16664 5.05956 4.61062 24.1236 7.87883 10.2943 2.7318 2.31339 1.67881 1.5064 1.43084 1.36882 0.417868 0.344212 0.258084 0.208486 0.143974 0.277349
threshold=0.64658099412918102 -0.32905659079551691 0.32994285225868231 0.27615544199943548 0.60595834255218517 0.18791685253381732 -0.427682414650917 0.53407454490661632 -0.35181166231632227 0.59126904606819164 -0.16170952469110486 0.28327733278274542 0.68854889273643505 0.26301448047161108 1.0291274785995486 0.72645181417465221 0.29419134557247167 0.59012630581855785 -0.25120308995246882 0.42838838696479803 0.69899210333824169 0.64379185438156139 0.46428979933261877 0.88394957780838024 -0.46513526141643519 -0.28237934410572046 -0.10927313566207884 0.30473731458187109 0.31697973608970648 0.307111606001854
decision_type=10 8 10 8 8 8 8 2 8 10 8 8 10 10 8 2 8 8 10 10 2 8 8 10 8 8 10 10 10 10
left_child=1 12 5 4 26 9 23 10 -5 27 -6 -8 -1 18 -10 16 17 -16 -4 -12 -18 -13 -17 -7 -23 -21 -3 -2 29 -26
right_child=2 3 13 8 7 6 11 -9 14 -11 19 21 -14 -15 15 22 20 -19 -20 25 -22 24 -24 -25 28 -27 -28 -29 -30 -31
leaf_value=0.039019243715855287 -0.036700945771470365 -0.036038322391125206 -0.024045149120788645 0.039918030770819526 -0.040314156572269541 0.0058597986676815119 -0.015971673536953026 -0.036560936876792308 -0.035841116371542275 0.041272038676356287 0.0065409637126919197 0.0086581628480956029 -0.028758931308013588 -0.036118317823317307 -0.036812173897808047 0.04454024485279983 -0.03609285247338808 0.043166201354720241 0.040549851169619233 0.024379021554846836 -0.0035305431002391032 0.023212368398102909 0.011202580932030262 -0.037054901526703092 0.039153147599499588 0.039616870706697872 -0.017912811144425025 -0.020196330603939411 0.038884577633832844 0.021974809134910758
leaf_weight=100.23895947635174 18.152872569859035 55.992573209106922 3.1230478286743164 3.4768969863653183 2.9951677396893501 2.7076733037829381 4.4662362635135668 5.358008809387683 675.0628295019269 3.6764273494482032 6.437152534723281 4.1926408410072327 2.8928419649600974 69.564328230917454 8.4512871578335744 10.193247780203816 164.91581871733069 7.6792223155498531 3.4393329918384543 4.0313779413700104 4.0556644871830931 4.3229445815086365 4.7037928923964509 5.9221268966794014 6.4398446530103666 45.934677332639694 2.0352910235524169 2.1388496905565253 733.68865160644054 3.6994331628084183
leaf_count=541 166 567 25 17 20 16 29 47 6842 16 29 18 19 678 80 42 1631 25 16 20 28 21 27 47 34 232 17 19 3991 18
internal_value=-0.000182748 -0.0236121 0.029714 -0.029867 -0.00334573 0.0356807 0.0375266 0.0253802 -0.0335736 -0.023268 0.0309676 0.0382235 0.0371181 -0.0321592 -0.0338656 -0.0271978 -0.0321241 0.00126299 0.00980898 0.0347529 -0.0353113 0.0385452 0.0340138 -0.02359 0.0387127 0.0383874 -0.0354026 -0.0349613 0.0388028 0.0328854
internal_weight=1969.99 1104.45 865.534 1001.32 122.784 789.408 765.44 64.7564 878.539 23.9681 59.3984 756.81 103.132 76.1267 875.062 199.999 185.102 16.1305 6.56238 56.4032 168.971 752.344 14.897 8.6298 748.151 49.9661 58.0279 20.2917 743.828 10.1393
internal_count=15278 10184 5094 9624 932 4375 4174 348 8692 201 301 4111 560 719 8675 1833 1764 105 41 281 1659 4082 69 63 4064 252 584 185 4043 52
is_linear=0
shrinkage=0.05


Tree=79
num_leaves=31
num_cat=0
split_feature=4 13 10 10 10 10 14 8 23 2 13 14 9 6 8 16 6 27 0 27 22 12 10 15 10 2 1 30 16 6
split_gain=311.541 181.958 226.186 83.7243 53.6678 21.6277 20.5614 17.3195 16.4041 13.1343 11.3399 8.52664 7.70551 15.1034 7.31419 6.05815 6.0526 3.84546 3.75521 3.51039 10.0145 9.72431 16.8774 4.92466 2.98565 2.78486 17.4525 2.17887 1.61186 1.27901
threshold=0.50652417540550243 0.67454206943511974 0.40597115457057958 0.32801096141338354 0.27674649655818945 0.37975467741489416 -0.56357410550117482 0.57806912064552318 -0.32143673300743097 0.36603349447250372 0.63671869039535534 0.31389924883842474 0.47280906140804296 0.59064516425132763 0.66556361317634594 0.75416088104248058 0.73691895604133617 0.64430725574493419 0.73183855414390575 0.24494961649179461 0.62407284975051891 0.081134758889675154 0.32801096141338354 0.20413611829280856 0.39640861749649053 -0.17384706437587735 0.51931357383728038 0.16463773697614673 0.57277116179466259 0.57780325412750255
decision_type=8 10 8 10 10 10 8 2 8 10 8 10 10 2 2 10 2 10 10 10 8 10 10 8 10 10 10 8 8 2
left_child=6 2 4 8 10 16 7 28 -3 14 -2 -7 -4 -14 15 18 -5 -12 19 20 -6 22 29 -23 -21 26 -8 -10 -1 -22
right_child=1 3 12 5 9 11 25 -9 27 -11 17 -13 13 -15 -16 -17 -18 -19 -20 24 21 23 -24 -25 -26 -27 -28 -29 -30 -31
leaf_value=0.042788289219038309 0.03338270493497817 0.037227217867599742 -0.035883039672788754 0.039137379288637864 -0.037666940792758175 -0.036188552214067915 -0.035151996661471348 -0.033870510559439189 0.017359467016106581 -0.032155391278922411 -0.036138792079086039 0.03746687993755856 0.044672023504864697 -0.033349417054335195 -0.028478868586362921 -0.010977351431730689 -0.015377494606351056 0.030256070580593864 -0.0099839496297045183 0.038563631441627916 -0.0094525572947235167 -0.006233323063261925 0.036388866456365694 0.038823676568645403 0.0015763533367986375 -0.035684130073621839 0.045043717508744779 -0.035868078475766334 0.0061098103755013507 -0.039216122648964
leaf_weight=16.164351888000965 8.0162698775529844 8.0062920451164228 139.5303993076086 66.662285327911377 5.1785439848899832 18.332062646746639 48.307610094547272 16.045998848974705 1.9374242126941696 7.2686869055032721 35.595587067306042 5.0011759251356116 9.3595730662345904 18.390577584505081 4.4676208868622771 6.9081890210509291 5.5126177892088881 2.3231495991349211 4.4111154377460471 618.86093387007713 5.4366782903671291 6.269035980105401 24.889306843280792 185.83075033128262 5.5045175626873961 457.13215300440788 7.8925607353448859 252.03066875040531 3.6766214519739178 10.739602640271185
leaf_count=77 35 39 1422 344 25 161 474 154 8 68 343 21 37 179 20 33 33 11 16 3262 21 24 123 962 28 4660 33 2579 22 64
internal_value=0.000255379 0.0123563 0.0224358 -0.0186302 0.0320473 0.0214451 -0.0318349 0.00475443 -0.0332405 0.0347801 -0.0206485 -0.0204015 -0.0310973 -0.00703434 0.0353339 0.0356601 0.0349736 -0.032071 0.0360317 0.0362669 0.0311048 0.0326322 0.0105475 0.0373533 0.0382375 -0.0343929 -0.0238896 -0.035462 0.0359916 -0.0292129
internal_weight=2005.68 1456.46 1098.98 357.483 931.7 95.5081 549.219 35.887 261.974 885.765 45.935 23.3332 167.281 27.7502 878.496 874.029 72.1749 37.9187 867.12 862.709 238.344 233.165 41.0656 192.1 624.365 513.332 56.2002 253.968 19.841 16.1763
internal_count=15278 9858 6673 3185 5035 559 5420 253 2626 4646 389 182 1638 216 4578 4558 377 354 4525 4509 1219 1194 208 986 3290 5167 507 2587 99 85
is_linear=0
shrinkage=0.05


Tree=80
num_leaves=31
num_cat=0
split_feature=10 4 8 2 21 10 0 20 34 29 6 2 19 24 0 16 0 10 29 7 3 12 17 4 6 7 9 9 5 16
split_gain=531.603 378.654 22.2048 19.4405 15.1247 11.7369 23.2924 10.1332 9.35122 8.72095 6.18585 23.1362 6.17133 4.56217 4.16341 2.52384 2.36216 4.79582 1.34907 1.00372 0.980564 0.938952 15.2633 0.78236 5.4907 0.292666 0.458442 0.273384 0.239034 0.204223
threshold=0.37169821560382849 0.47519899904727941 -0.24416866898536679 0.1320496276021004 0.2104272395372391 0.40137711167335516 0.3943136334419251 0.20289138704538348 0.72935432195663463 -1.605890095233917 0.8088805377483369 -0.1451584920287132 0.88022068142890941 0.14732921868562701 0.53178536891937267 0.51879677176475536 0.16429092735052112 0.50306022167205822 -1.4035562276840208 0.26128217577934271 0.57303822040557872 0.29081995785236364 -0.023130399174988266 0.79337790608406078 0.33885216712951666 0.19623280316591266 0.22234794497489932 0.70440965890884411 -0.18125110864639279 0.39094783365726476
decision_type=8 10 2 10 8 8 10 10 8 8 2 10 10 8 10 10 10 8 8 2 10 8 8 10 2 2 8 10 8 8
left_child=1 2 19 7 8 6 -2 25 -3 -6 13 -12 20 -11 -10 -13 17 -7 -15 -1 -8 22 -20 28 -25 26 -4 -26 -18 -23
right_child=5 4 3 -5 9 16 12 -9 14 10 11 15 -14 18 -16 -17 23 -19 21 -21 -22 29 -24 24 27 -27 -28 -29 -30 -31
leaf_value=-0.037326808169289599 -0.034612331251888132 0.037353342666536858 0.039263201814643461 -0.03661726221497455 0.037211604308024164 -0.030049965847410133 0.039886158695579571 -0.031820959956692582 0.022600035968440089 0.01979157456888685 -0.036437156003370545 0.053543166720271276 -0.02922835329364934 -0.011740045503684939 -0.037192291272625279 0.0068773796624768072 0.025822311253495295 0.03975373863615822 0.050163110401646706 -0.0013018865861458835 0.013311682874272066 -0.024839586473985237 -0.036154105214970533 -0.017545281421460526 0.039802855640601167 0.038723393360169577 0.016254676796745107 0.027061569871221793 0.038467790853328798 -0.035978380117747663
leaf_weight=11.147801011800764 17.227489233016968 11.84775874018669 5.0910266190767262 9.2624947875738126 4.3024710118770599 3.8917659819126103 42.702080130577087 5.2370157465338698 3.9163126498460796 3.7745934128761292 41.032538935542107 9.2998693734407407 3.716823421418666 6.0436704158782959 11.345862776041029 4.2085431069135657 3.7616585940122604 6.6913213282823572 5.4948616027832031 2.3392368629574767 3.7784001007676116 4.1349256038665771 75.36692002415657 5.0569993406534186 31.226117581129074 255.8949356675148 3.7667372524738321 4.8661195337772361 571.39010939002037 853.59705127775669
leaf_count=95 151 54 27 83 16 24 221 39 20 16 372 30 26 34 91 22 20 35 20 13 20 36 712 30 164 1414 19 26 3195 8253
internal_value=-7.52925e-05 -0.0186217 0.0315819 0.0346082 -0.03283 0.0353744 0.0155521 0.0370517 0.00402375 -0.0338219 -0.0341266 -0.0177522 0.0327683 -0.0350683 -0.0218494 0.0390045 0.0375064 0.0140845 -0.0352875 -0.0310785 0.0377259 -0.0354391 -0.0302885 0.0379086 0.0312484 0.0384141 0.0294789 0.038085 0.0383851 -0.0359247
internal_weight=2021.41 1327.1 292.739 279.252 1034.37 694.309 67.4248 269.99 27.1099 1007.26 1002.95 54.541 50.1973 948.412 15.2622 13.5084 626.884 10.5831 944.637 13.487 46.4805 938.594 80.8618 616.301 41.1492 264.753 8.85776 36.0922 575.152 857.732
internal_count=15278 11366 1690 1582 9676 3912 418 1499 165 9511 9495 424 267 9071 111 52 3494 59 9055 108 241 9021 732 3435 220 1460 46 190 3215 8289
is_linear=0
shrinkage=0.05


Tree=81
num_leaves=31
num_cat=0
split_feature=13 2 10 10 16 16 12 9 14 21 8 2 12 28 7 12 6 9 17 12 1 2 21 18 27 11 12 15 10 20
split_gain=514.092 153.402 118.035 36.2487 40.1599 23.5615 15.7567 9.18285 8.65872 8.60212 8.41395 6.64343 6.09442 4.17179 7.83085 18.801 6.14357 7.37584 3.35906 2.61724 2.33985 1.85639 1.54828 1.36704 1.23982 1.16117 0.252661 0.234582 0.622105 0.217465
threshold=0.64658099412918102 0.32005520164966589 0.32801096141338354 0.27615544199943548 0.60595834255218517 0.64119571447372448 0.28564789891242987 0.26301448047161108 -0.62060213088989247 0.70705190300941478 0.53407454490661632 -0.35181166231632227 0.32639479637146002 0.96254611015319835 0.30922719836235052 0.18839196115732196 0.63579046726226818 0.6195763647556306 -0.30877776443958277 0.53424406051635753 0.43575842678546911 0.29314318299293524 0.42379108071327215 0.2570719718933106 0.27429425716400152 -0.24485247582197187 0.61345961689949047 0.27998597919940954 0.30275642871856695 0.62181606888771068
decision_type=10 10 10 8 8 8 10 10 10 10 2 8 8 8 2 10 2 10 10 8 10 10 8 8 10 8 10 8 8 10
left_child=1 3 5 4 25 19 24 18 22 -3 12 -5 -6 -13 15 16 17 -15 -4 -2 -14 26 -8 -10 -7 -1 -16 28 -25 -17
right_child=2 9 7 11 10 6 8 -9 23 -11 -12 13 20 14 21 29 -18 -19 -20 -21 -22 -23 -24 27 -26 -27 -28 -29 -30 -31
leaf_value=0.0039396216332670759 -0.03657446761811816 0.038303526570175439 -0.025052083199174707 0.03944433914413667 -0.022301177527453628 -0.037693760253118387 -0.037453607743495244 -0.03601453075858748 0.011925305149293028 -0.03670222539520434 -0.036443785805393307 -0.035752143916425248 0.0046624378219432923 -0.037672827473747623 -0.03589383825584215 -0.036104341014607765 0.042537678046540572 0.039270487169937397 0.040804355102653567 0.020157086028313505 0.039382058995335062 0.0098339132269857285 0.013463255843933106 0.038854194669960526 0.0044969624692997087 -0.035743901132720655 -0.020915093757418856 0.038446390210218812 0.01373322048522207 -0.018580820020482138
leaf_weight=1.9093240052461622 12.258854709565638 96.05140595138073 2.9185119941830635 3.1085269153118134 4.9964269846677789 7.1368069872260076 4.2544295191764823 67.589233733713627 4.9366479665041014 3.9810124188661566 5.1550576761364928 628.15878309682012 5.4443527087569228 7.4839380383491534 118.69963873177767 37.494319796562195 13.66488243639469 5.3349369466304779 5.753018304705618 2.4371641278266898 44.648991994559765 2.2969555854797354 2.3002687841653824 8.2152389436960185 2.3032118007540703 53.374045476317406 2.883717104792594 696.6497473269701 3.5206942856311807 1.8582018017768849
leaf_count=13 123 545 24 16 29 64 37 692 27 34 47 6775 28 61 1246 381 59 17 27 10 236 12 16 46 12 577 25 3991 19 17
internal_value=-0.000131774 -0.0235358 0.0294429 -0.0298223 -0.00359927 0.0355153 0.0367783 -0.0297999 0.0376199 0.0353185 0.0246404 -0.0335124 0.0303564 -0.0337897 -0.0272918 -0.0133573 0.0192132 -0.00565069 0.0186395 -0.0271662 0.0356086 -0.0346973 -0.0195851 0.0381456 -0.0273999 -0.0343733 -0.0355386 0.0383283 0.0313181 -0.0352769
internal_weight=1856.82 1036.54 820.274 936.512 115.528 744.013 729.317 76.2608 719.877 100.032 60.2448 820.984 55.0898 817.875 189.717 65.8363 26.4838 12.8189 8.67153 14.696 50.0933 123.88 6.5547 713.322 9.44002 55.2834 121.583 708.386 11.7359 39.3525
internal_count=15206 10118 5088 9539 930 4345 4212 743 4136 579 340 8609 293 8593 1818 535 137 78 51 133 264 1283 53 4083 76 590 1271 4056 65 398
is_linear=0
shrinkage=0.05


Tree=82
num_leaves=31
num_cat=0
split_feature=4 13 10 10 10 34 10 23 19 11 9 11 14 8 16 16 0 2 1 21 8 8 9 33 14 8 30 27 22 24
split_gain=290.435 168.483 205.845 80.6898 51.7858 22.502 18.6361 14.6632 11.9734 11.1351 10.2762 15.3562 9.01223 7.75426 5.75581 4.87256 4.232 3.27216 19.0698 3.04043 5.86407 2.53724 7.53631 2.52758 2.39036 6.83572 1.88814 1.53278 5.79661 5.41204
threshold=0.50652417540550243 0.67454206943511974 0.40137711167335516 0.32801096141338354 0.27735257148742681 0.93526437878608715 0.38288959860801702 -0.32143673300743097 0.80677989125251781 -0.83441051840782154 0.47280906140804296 -0.035506220534443848 0.31389924883842474 0.66556361317634594 0.7966497838497163 0.75416088104248058 0.73183855414390575 -0.17384706437587735 0.51931357383728038 0.19621133804321292 -0.0052561576012521974 -0.53145897388458241 0.7445078194141389 0.85230970382690441 -0.69258391857147206 0.61683338880538952 0.15932574868202212 0.23816899955272677 0.7075515389442445 0.19750226289033893
decision_type=8 10 8 10 10 10 10 8 8 8 10 10 10 2 10 10 10 10 10 8 2 2 10 10 8 2 8 10 8 10
left_child=5 2 4 7 8 17 14 -3 -2 -6 -4 -12 -8 15 -5 16 19 18 -1 20 -11 22 -21 -10 25 -19 -9 28 -23 -30
right_child=1 3 10 6 9 -7 12 26 23 13 11 -13 -14 -15 -16 -17 -18 24 -20 21 -22 27 -24 -25 -26 -27 -28 -29 29 -31
leaf_value=-0.03475293633410962 0.035224316206669673 0.037898396757431105 -0.035739366495120335 0.038003096060763457 -0.036128952180005912 0.033412421864812539 -0.03677743402426796 0.012215398669600324 -0.035547853804623913 0.041626351138435741 0.047905321771009347 -0.031124519550453623 0.038546456284693165 -0.031600686405441024 -0.019515517560705395 -0.010531802840147465 -0.011651208759240547 0.041496016884438963 0.043903955085000161 -0.040771369070743038 -0.042329412165839124 -0.023191156422349535 0.040471937989402698 0.019609207532166165 -0.035349307175819827 -0.036609538985103066 -0.035706962445948065 0.038091676200128127 0.017651810438114268 0.03848112771867198
leaf_weight=47.295034252107143 7.9855525344610205 7.0443601459264755 132.29711413383484 65.588291466236115 5.5120170190930367 12.972396597266195 16.575764462351803 2.0733519345521927 34.907170943915844 4.9649557769298553 9.8370322734117526 16.384769938886166 5.222135365009307 4.3247281685471526 4.658314272761344 5.7019895240664473 4.6619555205106726 3.9350045323371878 9.2055449411272985 4.1821550056338301 3.5792864114046079 4.4837373048067084 8.9913504719734174 2.2084335461258879 435.88732420653105 9.7231725156307203 237.54273337125778 587.27998074889183 38.992994137108326 155.74646270275116
leaf_count=484 40 36 1427 352 55 67 156 9 351 22 42 164 22 19 32 28 17 17 40 26 18 19 48 12 4716 99 2576 3258 199 855
internal_value=0.000243368 0.0123049 0.0223472 -0.0182941 0.0318597 -0.0316117 0.0216561 -0.0332021 -0.0203162 0.0347003 -0.0300717 -0.00147671 -0.018732 0.0351747 0.0341888 0.0355275 0.0358506 -0.0332785 -0.0219375 0.0361246 0.00645627 0.0364416 0.0146799 -0.0322659 -0.0347039 -0.0141068 -0.0352923 0.0368061 0.0330163 0.0343104
internal_weight=1889.77 1370.75 1032.04 338.705 873.523 519.018 92.0445 246.66 45.1012 828.422 158.519 26.2218 21.7979 822.91 70.2466 818.585 812.883 506.046 56.5006 808.221 8.54424 799.677 13.1735 37.1156 449.546 13.6582 239.616 786.503 199.223 194.739
internal_count=15206 9783 6600 3183 4967 5423 562 2621 403 4564 1633 206 178 4509 384 4490 4462 5356 524 4445 40 4405 74 363 4832 116 2585 4331 1073 1054
is_linear=0
shrinkage=0.05


Tree=83
num_leaves=31
num_cat=0
split_feature=10 4 8 2 34 7 10 11 20 29 19 20 7 21 2 24 7 4 10 5 7 11 29 1 7 30 20 4 31 8
split_gain=484.852 353.738 20.0124 19.8755 14.38 20.4762 11.7205 22.5829 9.88904 7.67552 5.77435 5.65589 3.70164 4.2839 10.4505 3.11689 5.72791 2.41736 7.48699 1.98217 3.4572 1.52098 4.00491 1.27564 0.595626 1.06691 0.550066 0.465259 1.37802 0.463932
threshold=0.37169821560382849 0.47519899904727941 -0.29603402316570276 0.1320496276021004 0.79882878065109264 0.3278468549251557 0.40137711167335516 -0.21377491950988767 0.20289138704538348 -1.605890095233917 0.86759629845619213 -0.19417726993560788 0.27259509265422827 0.39912298321723944 -0.14055479317903516 0.1742365434765816 0.31018140912055975 0.79337790608406078 0.50306022167205822 -0.14741167426109311 0.49995398521423345 0.81779608130455028 1.1258669495582583 0.69277250766754161 0.36550682783126837 0.15204408019781115 0.12007461115717889 0.47942246496677404 0.86655843257904064 -0.21085171401500699
decision_type=8 10 2 10 8 2 8 10 10 8 10 8 2 8 10 8 2 8 8 8 2 10 8 10 2 10 8 10 10 2
left_child=1 2 26 8 5 12 7 -2 29 -6 23 -7 -3 14 -14 16 -11 -8 19 -19 -21 24 -23 -9 27 -26 -1 28 -17 -4
right_child=6 4 3 -5 9 11 17 10 -10 15 -12 -13 13 -15 -16 21 -18 18 -20 20 -22 22 -24 -25 25 -27 -28 -29 -30 -31
leaf_value=-0.010204066204974063 -0.036214446134610438 0.034105050696616006 0.025264586398562605 -0.036750943602086236 0.035338596525576242 0.044459013159848626 0.037977744915156153 0.039502234343115519 -0.037457832097001903 -0.036784019475841701 -0.028873290396845577 -0.020441626152014565 -0.037983587903851035 -0.036216896590016964 0.050660266163968896 -0.035986320151262637 0.044842000604864034 0.026559023473518337 0.03878949884871237 -0.038635223186475338 0.024523932899166823 0.04505826619042301 -0.035786992543028855 0.0084801851543875977 -0.036415615161347267 0.0083934719057706698 -0.037847209880734825 -0.035476277620423102 0.01191397140423156 0.038285271689668852
leaf_weight=2.2180557623505575 16.341485895216465 2.4101165533065787 7.0359271913766852 9.5680667981505376 3.9219473153352737 16.057357259094715 542.466119363904 40.212144672870636 4.4264140203595153 5.6385791227221471 3.6064986139535895 4.2442330643534687 8.9255180954933149 47.825765550136566 5.2987937256693831 5.5680155158042899 3.4729727059602737 3.4874168336391449 33.00504170358181 6.4411408305168134 3.2649171352386475 2.1462943181395522 5.3511861562728882 3.6114311516284934 3.4164695367217055 2.1735691428184509 9.5393300354480726 854.00225734710693 2.0558610111474991 247.07482048869133
leaf_count=17 155 10 35 88 15 67 3201 222 36 47 26 37 72 469 21 55 14 16 188 41 17 12 56 16 32 15 84 8688 14 1440
internal_value=-0.000112992 -0.0183205 0.0312152 0.0340152 -0.0325756 -0.0128991 0.034837 0.0144761 0.0366341 -0.0344543 0.031941 0.0308909 -0.0266907 -0.0290521 -0.00496227 -0.034764 -0.00567132 0.0370427 0.0260633 -0.00577285 -0.0173898 -0.0350671 -0.0126435 0.0369458 -0.035261 -0.0189925 -0.0326323 -0.0353665 -0.0230695 0.0379247
internal_weight=1904.81 1252.37 279.863 268.105 972.509 84.7618 652.436 63.7716 258.537 887.747 47.4301 20.3016 64.4602 62.0501 14.2243 883.825 9.11155 588.665 46.1985 13.1935 9.70606 874.714 7.49748 43.8236 867.216 5.59004 11.7574 861.626 7.62388 254.111
internal_count=15206 11324 1700 1599 9624 676 3882 419 1511 8948 264 104 572 562 93 8933 61 3463 262 74 58 8872 68 238 8804 47 101 8757 69 1475
is_linear=0
shrinkage=0.05


Tree=84
num_leaves=31
num_cat=0
split_feature=13 5 10 10 16 30 23 9 12 2 4 21 31 28 7 12 6 9 17 2 2 21 16 8 2 13 4 18 29 12
split_gain=477.538 144.659 109.069 32.5411 37.0766 29.3947 8.88091 8.83631 7.84846 7.30804 7.24212 6.88783 5.69209 4.64771 8.44136 18.8944 6.03248 6.88148 4.54391 4.25553 3.48437 2.89759 1.4586 1.41259 1.1274 0.974591 0.759393 0.567344 0.514523 0.209319
threshold=0.6440052092075349 -0.32905659079551691 0.32801096141338354 0.27615544199943548 0.60595834255218517 0.18791685253381732 -0.5857337713241576 0.26301448047161108 0.25254487991333013 -0.35181166231632227 0.39936998486518865 0.56961992383003246 0.84443685412406932 0.96254611015319835 0.31109739840030676 0.081134758889675154 0.63579046726226818 0.6195763647556306 -0.31697112321853632 0.40145154297351843 0.30117020010948187 0.65908443927764904 0.63854375481605541 0.41659674048423773 0.25400047004222875 0.6137622892856599 0.49560140073299414 0.2570719718933106 -0.33610275387763971 0.3737690150737763
decision_type=10 8 10 8 8 8 8 10 8 8 10 10 10 8 2 10 2 10 10 10 10 10 8 2 10 8 10 8 8 10
left_child=1 21 5 4 24 11 19 18 -8 -5 -6 29 23 -11 15 16 17 -15 -4 -7 -16 -1 -10 -12 -3 -14 -17 -24 -29 -2
right_child=2 3 7 9 10 6 8 -9 22 13 12 -13 25 14 20 26 -18 -19 -20 -21 -22 -23 27 -25 -26 -27 -28 28 -30 -31
leaf_value=0.038209054093830547 -0.036309919614009131 -0.03567317235947292 -0.036414711140623911 0.038985038729390645 -0.038661092217158348 -0.037439078250950796 -0.036306595565487314 -0.035862261266189591 0.0051668847009955186 -0.035591755665389108 0.038653498243899964 0.040579346079568146 -0.038364960294489138 -0.037517045759513486 -0.035700007438682096 -0.0090133230536057624 0.042927394633724782 0.040392571055639225 0.040587262531071922 0.039079301090164581 0.032143724807531346 -0.013330044872019723 0.021320490938989668 0.0067055935818408552 0.0040496143395470302 0.004112032028726861 -0.03594774157006983 0.018990683363618359 0.038138826467791709 -0.018504563179370489
leaf_weight=88.116590365767479 16.485515788197525 49.237234700471163 2.7613802999258041 3.4962356239557266 4.131919987499713 5.9189781844615919 3.5970275551080721 63.854032717645168 3.4182415157556534 596.23184086754918 41.434546373784542 3.6629300564527503 2.8520326092839232 6.901948347687723 113.04473127424717 2.8208104521036139 14.231108114123343 4.8091038763523102 6.2570836842060071 2.6219159066677094 1.9247615933418263 2.8142085149884215 5.1139333993196487 3.7752207517623892 1.853482849895953 2.5647113472223282 36.2056914716959 3.526846818625927 665.62556838989258 1.8342786356806744
leaf_count=531 169 565 26 19 28 51 34 692 15 6825 228 17 24 58 1260 25 62 16 30 14 8 18 24 29 11 16 389 21 4027 18
internal_value=-0.000102677 -0.0234427 0.0289414 -0.0296097 -0.00359619 0.0349059 0.0367198 -0.029319 0.037355 -0.0331413 0.0249877 -0.0220123 0.0301825 -0.0334662 -0.0264232 -0.0120169 0.0210551 -0.00552373 0.0170099 -0.0139492 -0.0345642 0.036614 0.0377459 0.0359857 -0.0342321 -0.018253 -0.0340009 0.0379111 0.0380379 -0.0345271
internal_weight=1761.12 976.446 784.678 885.515 105.849 711.805 689.823 72.8725 681.282 779.666 54.7584 21.9827 50.6265 776.17 179.938 64.9687 25.9422 11.7111 9.01846 8.54089 114.969 90.9308 677.685 45.2098 51.0907 5.41674 39.0265 674.266 669.152 18.3198
internal_count=15250 10112 5138 9563 901 4390 4186 748 4121 8662 325 204 297 8643 1818 550 136 74 56 65 1268 549 4087 257 576 40 414 4072 4048 187
is_linear=0
shrinkage=0.05


Tree=85
num_leaves=31
num_cat=0
split_feature=4 13 10 10 11 34 10 10 23 14 9 6 8 13 16 7 12 20 4 30 27 22 12 6 15 10 2 6 4 9
split_gain=270.325 158.244 193.941 73.1216 45.6065 20.1151 17.0698 16.2931 14.6497 9.07917 7.98428 13.3987 7.18075 6.04035 5.57684 4.51706 7.37122 3.72153 9.92317 3.39424 2.94991 7.40793 7.42054 15.0393 5.03636 3.65557 2.53518 2.43676 7.65794 1.83138
threshold=0.50652417540550243 0.67246571183204662 0.40597115457057958 0.32801096141338354 -0.74694955348968495 0.93526437878608715 0.38288959860801702 0.27077309787273413 -0.32143673300743097 0.31389924883842474 0.47280906140804296 0.59064516425132763 0.72665178775787365 0.81317561864852916 0.75416088104248058 0.26998753845691686 0.51864090561866771 -0.58620506525039662 0.45912387967109686 0.17924896627664569 0.24494961649179461 0.62407284975051891 0.70579499006271373 0.69899210333824169 0.20413611829280856 0.32199834287166601 0.28015170991420751 0.83239436149597179 0.49560140073299414 0.80333301424980175
decision_type=8 10 8 10 10 10 10 10 8 10 10 2 2 10 10 2 8 8 10 8 10 8 8 2 8 10 10 2 10 10
left_child=5 2 4 8 26 17 13 -6 -3 -8 -4 -12 14 -5 15 16 -9 18 -1 -10 21 -17 24 25 -23 -24 -2 29 -29 -19
right_child=1 3 10 6 7 -7 9 12 19 -11 11 -13 -14 -15 -16 20 -18 27 -20 -21 -22 22 23 -25 -26 -27 -28 28 -30 -31
leaf_value=-0.035575215713446254 0.02439004036223822 0.036091827029954497 -0.035554750470430212 0.03709072801318742 -0.029414903556757157 0.030551850016444643 -0.036609217629343549 0.038295530959847585 0.016124170914551247 0.042732812709914074 0.043480487799632879 -0.032549208154111518 -0.038217258247112772 -0.028343561443647816 -0.015851635317614635 -0.036009894979453019 -0.037314013689212659 -0.035379642162579154 0.032251298877162292 -0.035544550664275844 0.0374976248824773 -0.0093445614250361828 -0.010484305413954776 -0.039320386897898518 0.037966898300724694 0.039112613170825483 -0.035944516833648577 -0.035644733707636614 0.035841056331219263 -0.0011330526923405465
leaf_weight=17.388053059577945 1.8679688870906854 7.5214193090796471 124.53836639970541 62.512245461344719 10.116595320403574 12.689322203397749 15.965872019529344 7.564850449562071 3.2237177342176437 4.6574099361896506 9.1741563677787799 15.731166608631609 3.3859923332929602 3.7377635315060607 5.4074162393808356 4.0961577594280234 5.6169429495930672 426.24470756947994 7.8166878670454016 226.79550261050463 560.27436707913876 5.8241502940654764 4.4211126416921642 10.402257874608038 164.51760496199131 23.269225582480431 25.628890708088875 14.325329601764681 5.0731155127286902 3.9398416131734839
leaf_count=200 10 40 1431 353 99 68 158 40 14 21 39 172 15 28 28 21 45 4885 39 2614 3269 23 19 62 944 127 279 160 24 23
internal_value=0.000198214 0.0120559 0.0220593 -0.0182196 0.0314752 -0.0315757 0.021033 0.0336384 -0.0325751 -0.0186912 -0.0303865 -0.00454281 0.034441 0.033399 0.0347518 0.0351 0.00607727 -0.0332362 -0.0145403 -0.0348204 0.035595 0.0305793 0.031888 0.0119379 0.0363493 0.0311938 -0.0318458 -0.0342843 -0.0169496 -0.035066
internal_weight=1793.73 1306.25 981.837 324.414 832.394 487.477 86.8733 804.897 237.541 20.6233 149.444 24.9053 794.78 66.25 791.394 785.987 13.1818 474.788 25.2047 230.019 772.805 212.531 208.434 38.0926 170.342 27.6903 27.4969 449.583 19.3984 430.185
internal_count=15250 9851 6623 3228 4981 5399 560 4692 2668 179 1642 211 4593 381 4578 4550 85 5331 239 2628 4465 1196 1175 208 967 146 289 5092 184 4908
is_linear=0
shrinkage=0.05


Tree=86
num_leaves=31
num_cat=0
split_feature=10 4 2 2 21 10 11 20 14 29 17 19 16 7 27 2 24 3 4 10 14 7 1 7 4 0 17 22 22 15
split_gain=454.278 331.102 19.1195 17.9088 12.5314 10.9921 21.5184 8.85766 8.5517 6.95001 6.84429 5.12242 4.30725 10.3515 6.22406 6.22682 2.81059 2.66636 2.50593 7.11401 3.17817 1.82632 1.64514 1.13027 0.938587 0.844079 0.589295 0.991859 0.549631 0.469951
threshold=0.37169821560382849 0.47519899904727941 -0.19397600740194318 0.1320496276021004 0.2104272395372391 0.40137711167335516 -0.21377491950988767 0.20289138704538348 -0.3267469704151153 -1.4035562276840208 -0.96092015504837025 0.86759629845619213 0.53944781422615062 0.34591461718082434 0.23105992376804355 -0.1451584920287132 0.14732921868562701 0.64419877529144298 0.79337790608406078 0.50306022167205822 0.53466147184371959 0.3333855420351029 0.69277250766754161 0.33594334125518804 0.49892076849937445 0.38568601012229925 0.08415210992097856 0.40577496588230139 0.6593671739101411 0.20413611829280856
decision_type=8 10 10 10 8 8 10 10 10 8 8 10 8 2 10 10 8 10 8 8 8 2 10 2 10 10 10 8 8 8
left_child=1 2 -1 7 8 6 -2 26 23 10 -6 22 13 14 15 -11 -14 24 -7 20 -20 -10 -8 -3 -16 -22 -4 -28 -18 -30
right_child=5 4 3 -5 9 18 11 -9 21 12 -12 -13 16 -15 17 -17 28 -19 19 -21 25 -23 -24 -25 -26 -27 27 -29 29 -31
leaf_value=-0.037015355997011459 -0.035999615951395669 -0.037206408935063766 0.037789942018591788 -0.03657614851703464 -0.039107962734787824 0.037621277937837393 0.039199863430822469 -0.03088772884200628 0.0027556557216359854 -0.036404310248122948 0.04948804695847904 -0.028076121871789973 0.0096972159597139736 0.047706832334854718 -0.005208871339093802 0.044626684040937968 -0.0010245957694172162 0.013872115060430724 0.035120656413407052 0.038315789353068404 -0.030209859389913968 0.043074853401044944 0.0041996521074234979 -0.00029149733039739813 -0.034921331127930999 0.0011453135510562683 0.038728728870142864 0.0031989619194841587 -0.026709498379934811 -0.035595233822254532
leaf_weight=9.9903173968195897 15.757690876722334 8.8905613496899623 234.04523527622223 8.8053478077054006 3.8865541964769363 516.95874409377575 39.488587751984596 4.8536872416734687 4.0932762399315825 4.1250138208270073 4.964359521865843 3.3368309736251822 3.4746031835675257 4.7816937416791907 2.7525365203618994 5.5751806050538999 1.1630145460367192 3.0315049216151229 3.5663443803787214 31.269221052527428 6.6022738292813283 8.9491055607795698 3.6693703830242148 2.704315871000289 77.299341566860676 3.1802608817815781 4.7633861899375889 3.3427430093288431 15.174598589539528 766.74298440665007
leaf_count=97 158 77 1437 86 26 3221 228 40 26 37 18 25 17 17 15 22 8 17 15 189 44 45 17 19 800 17 27 17 146 8342
internal_value=-9.66745e-05 -0.0182974 0.0308425 0.0334926 -0.0325316 0.0344302 0.0144958 0.0359904 0.00264587 -0.0335021 0.0105844 0.0316094 -0.0339435 -0.0240344 -0.0277317 0.0101682 -0.0351726 -0.0321566 0.03664 0.025271 -0.00528576 0.0304209 0.0362241 -0.0285966 -0.0338997 -0.0200164 0.0373309 0.0240772 -0.0353717 -0.0354228
internal_weight=1807.24 1183.41 265.801 255.81 917.609 623.829 62.2525 247.005 24.6373 892.971 8.85091 46.4948 884.12 97.5653 92.7836 9.70019 786.555 83.0834 561.577 44.6181 13.3489 13.0424 43.158 11.5949 80.0519 9.78253 242.151 8.10613 783.081 781.918
internal_count=15250 11336 1704 1607 9632 3914 428 1521 167 9465 44 270 9421 908 891 59 8513 832 3486 265 76 71 245 96 815 61 1481 44 8496 8488
is_linear=0
shrinkage=0.05


Tree=87
num_leaves=31
num_cat=0
split_feature=13 2 10 10 16 30 2 23 9 8 12 1 11 28 7 13 1 2 17 10 10 2 2 34 18 1 14 6 7 12
split_gain=446.308 136.093 103.8 28.8099 31.2843 28.4053 9.5409 8.23934 7.834 7.76392 6.62024 6.55404 6.31204 4.06664 7.96135 18.3514 5.13444 3.43702 2.97683 2.74255 1.84346 0.999186 0.990298 0.84768 0.620691 0.562534 0.493904 0.401945 0.313968 0.285817
threshold=0.6440052092075349 0.32005520164966589 0.32801096141338354 0.27134813368320471 0.60595834255218517 0.18791685253381732 -0.35181166231632227 -0.48498241603374476 0.26301448047161108 0.53407454490661632 0.25254487991333013 0.51681360602378856 -0.60970196127891529 0.96254611015319835 0.30922719836235052 0.64096337556839 0.47676739096641546 0.082136493176221861 -0.30877776443958277 0.3226954191923142 0.23206841200590136 0.11167051643133165 0.29314318299293524 0.81849473714828502 0.2570719718933106 0.54473429918289196 -0.31018620729446406 0.8029293715953828 0.23888121545314792 0.61345961689949047
decision_type=10 10 10 8 8 8 8 8 10 2 8 10 10 8 2 8 10 10 10 10 10 10 10 8 8 10 8 2 2 10
left_child=1 3 5 4 21 11 -5 17 18 20 -9 -2 -3 -8 15 -15 -17 -7 -4 25 -6 -1 29 -12 -25 -18 -22 -26 -28 -16
right_child=2 12 8 6 9 7 13 10 -10 -11 23 -13 -14 14 22 16 19 -19 -20 -21 26 -23 -24 24 27 -27 28 -29 -30 -31
leaf_value=-0.035373750438952085 0.034873233628623643 0.037942204364455785 -0.024622578216126321 0.038480609904797104 -0.0007252617018660613 -0.036510402275851332 -0.035453379528239633 -0.036237314450242142 -0.035695357422595782 -0.035985511478411024 0.011513882917742578 -0.036107072190406056 -0.023875985383626595 -0.035605904060289607 -0.03560591141368679 -0.036897717163440688 0.02494053416119121 0.035095123060828202 0.039994727461502552 -0.0046415556855278674 0.017282042297349472 0.0031601142231615208 0.0029252700351232478 0.019798304357384333 0.037823841478899743 0.044084003828543467 0.024635277870038306 0.023801989965634991 0.038913681165883784 -0.018688201293400705
leaf_weight=41.222481451928616 4.0204124003648785 85.815712004899979 2.7411080971360207 4.645716980099678 3.906441517174243 5.4320297092199326 564.35508009046316 3.0628752410411835 61.313843928277493 4.6630815044045439 3.1358038932085037 17.019497744739056 4.3380457982420912 35.280360400676727 107.42517790198326 3.4488586038351086 5.683447986841208 2.4234963282942772 5.0958914309740058 4.8451829701662055 3.4504106342792511 1.7538658753037442 1.7288754880428303 4.8736574947834015 630.19411835074425 11.815145850181578 4.4060411453247061 5.15267390012741 30.50991989672184 2.5559786334633818
leaf_count=509 21 544 25 27 21 52 6854 30 705 48 17 185 36 407 1263 32 23 14 26 31 17 10 10 24 4027 51 28 28 178 24
internal_value=-0.000129156 -0.0233833 0.0286658 -0.0297084 -0.00297913 0.0346402 -0.0329483 0.0364791 -0.0296787 0.0252427 0.0370976 -0.0225438 0.0349676 -0.0333985 -0.0266867 -0.0121711 0.0198841 -0.0144195 0.0173939 0.0286486 0.0319968 -0.0338012 -0.0346225 0.0374468 0.0375738 0.0378663 0.0353285 0.0377101 0.0371119 -0.0352127
internal_weight=1666.32 921.85 744.465 831.696 89.9122 675.315 741.784 654.275 69.1508 46.9359 646.419 21.0399 90.1538 737.138 172.783 61.073 25.7926 7.85553 7.837 22.3438 42.2728 42.9763 111.71 643.356 640.22 17.4986 38.3664 635.347 34.916 109.981
internal_count=15267 10113 5154 9533 811 4398 8722 4192 756 292 4126 206 580 8695 1841 544 137 66 51 105 244 519 1297 4096 4079 74 223 4055 206 1287
is_linear=0
shrinkage=0.05


Tree=88
num_leaves=31
num_cat=0
split_feature=4 13 10 10 10 34 10 23 11 12 8 9 11 6 16 9 0 7 12 20 1 30 16 33 18 16 6 2 9 10
split_gain=252.296 142.707 180.555 68.2771 40.3483 18.4928 16.5198 12.7014 10.2711 8.74225 7.57908 7.18521 13.1153 7.04361 6.86708 4.93799 4.09479 3.40689 3.92901 3.34561 8.95104 3.11477 3.05302 9.05173 3.62884 2.87395 2.54639 5.5244 3.0471 2.16245
threshold=0.5072980821132661 0.67246571183204662 0.40597115457057958 0.32801096141338354 0.27802504599094396 0.93526437878608715 0.37975467741489416 -0.32143673300743097 -0.74694955348968495 0.33098408579826361 0.72665178775787365 0.47280906140804296 -0.044149620458483689 0.50602737069129955 0.56156820058822643 0.26889637112617498 0.73183855414390575 0.26998753845691686 0.51864090561866771 -0.58620506525039662 0.45785793662071234 0.17924896627664569 0.46299192309379583 0.27065633237361914 0.32353155314922338 0.75416088104248058 0.83882308006286632 -0.15655481815338132 0.80333301424980175 0.29723152518272405
decision_type=8 10 8 10 10 10 10 8 10 8 2 10 8 2 8 10 10 2 8 8 10 8 8 8 8 10 2 10 10 8
left_child=5 2 4 7 9 19 15 -3 29 -2 16 -4 -13 -8 -11 -5 17 18 -10 20 -1 -9 23 24 -19 -24 28 -28 -21 -6
right_child=1 3 11 6 8 -7 13 21 10 14 -12 12 -14 -15 -16 -17 -18 22 -20 26 -22 -23 25 -25 -26 -27 27 -29 -30 -31
leaf_value=-0.035371622291461985 0.040685625871441908 0.034596740995210422 -0.035409074479996146 -0.013282547674671226 -0.036676774762300218 0.031836422073042027 0.026293060839685484 0.014837500404571984 0.031693244292822269 0.045347403975061595 -0.040430812177329536 0.046220382852619396 -0.031168130784039245 -0.035300384753771667 -0.03615846335667041 0.037983385619599366 -0.012925741560715709 0.017069336926239187 -0.037640566924318601 -0.035097284929350471 0.029969942350569462 -0.035400759145385867 0.036193709876440376 0.03551550054188328 -0.047841827498618962 -0.0013884252278278182 0.034644457205442167 -0.035794636975491567 0.0035937153360399766 0.022077384874717568
leaf_weight=16.749388433992866 5.2104425579309464 6.8308130204677582 117.50492930412292 5.1214366629719725 6.1919245049357388 11.288686156272886 6.6498431265354183 3.1311732083559036 4.97528128325939 2.8303565382957458 3.3901729211211196 8.141582250595091 16.714023992419246 15.369420155882834 29.719944357872009 56.695134907960892 4.5229972004890433 3.5447748303413444 3.4672897011041641 414.30103055387735 7.6283093243837348 210.59346032142639 678.87782027572393 26.839925840497017 5.4843878149986267 5.1253490298986426 4.2421264722943297 8.0955943912267667 5.1519817262887946 2.0962400585412988
leaf_count=206 27 39 1434 38 65 64 31 14 28 13 16 37 187 164 330 337 17 19 27 5030 37 2577 4155 164 25 25 25 93 31 12
internal_value=-0.000116546 0.011775 0.0215506 -0.0179198 0.0309761 -0.0313817 0.0204894 -0.0325196 0.0335334 -0.0194458 0.0341565 -0.0302428 -0.00581912 -0.0166991 -0.0290713 0.0337361 0.0345016 0.0347961 0.00321846 -0.0329461 -0.0149248 -0.0346647 0.0351664 0.0209472 -0.0223582 0.0359121 -0.0339635 -0.0115753 -0.0346221 -0.0218167
internal_weight=1696.49 1229.03 924.637 304.391 782.277 467.457 83.8358 220.555 744.516 37.7607 736.228 142.361 24.8556 22.0193 32.5503 61.8166 732.838 728.315 8.44257 456.168 24.3777 213.725 719.872 35.8691 9.02916 684.003 431.791 12.3377 419.453 8.28816
internal_count=15267 9781 6581 3200 4923 5486 570 2630 4553 370 4476 1658 224 195 343 375 4460 4443 55 5422 243 2591 4388 208 44 4180 5179 118 5061 77
is_linear=0
shrinkage=0.05


Tree=89
num_leaves=31
num_cat=0
split_feature=10 4 8 2 34 21 10 11 2 20 29 15 12 19 16 4 10 29 0 1 4 0 11 4 15 12 15 8 10 17
split_gain=421.224 303.564 18.8831 17.4617 14.1529 16.6411 10.3954 20.83 10.2496 7.4039 7.20741 4.79586 13.2587 4.11254 2.79094 2.59684 6.48565 2.04207 1.62642 1.12024 1.11493 1.03505 1.72819 0.961215 0.611513 5.00946 0.487744 0.296263 0.2923 0.74259
threshold=0.37169821560382849 0.47519899904727941 -0.24416866898536679 0.1320496276021004 0.72935432195663463 0.51799133419990551 0.40137711167335516 -0.21377491950988767 -0.1451584920287132 0.20289138704538348 -1.605890095233917 0.20413611829280856 0.29585236310958868 0.85552588105201732 0.46668364107608801 0.85311031341552745 0.50306022167205822 -1.4035562276840208 0.20543968677520755 0.69277250766754161 0.43211205303668981 0.73183855414390575 0.32141710817813879 0.50967630743980419 0.26174925267696386 0.29081995785236364 0.39989314973354345 -0.21085171401500699 0.40597115457057958 0.10603213310241701
decision_type=8 10 2 10 8 8 8 10 10 10 8 8 10 10 8 8 8 8 10 10 10 10 8 10 8 8 8 2 10 8
left_child=1 2 20 9 5 8 7 -2 -3 27 -6 12 -12 19 -13 28 18 -16 -17 -9 -1 24 -23 -7 25 -19 -10 -4 29 -8
right_child=6 4 3 -5 10 23 15 13 26 -11 11 14 -14 -15 17 16 -18 21 -20 -21 -22 22 -24 -25 -26 -27 -28 -29 -30 -31
leaf_value=0.0017189652144124483 -0.03587992489326057 -0.037535578873805493 0.026566825186131661 -0.036409421173882205 0.044280088390373569 -0.002671523562615265 0.038360707305617234 0.038908577799187008 0.03786026977579543 -0.029800613275433586 0.049410088122231174 0.0079113731040676583 -0.035827763762316549 -0.021588271099296549 -0.0046251180177941708 -0.037485313597422194 0.037958103504397794 0.016132967129319727 0.0045030687359588302 0.0088184918878007595 -0.037802022299000503 0.021836925154603878 -0.036008663913141607 -0.035640079488869859 -0.035393899355999923 -0.035725477394721525 0.056483415902310985 0.037581472645345226 0.037286838478107383 0.0090568725129720924
leaf_weight=2.1779404506087294 15.378388188779352 5.0918074324727085 6.2783620655536643 8.6213553845882398 2.9634894132614136 2.4276680722832706 6.4379760771989805 36.431171968579292 13.135614216327664 4.1896755769848815 6.4572467580437687 3.8638700693845749 15.545666612684725 3.3175992891192427 5.6085574626922607 3.7145282998681086 20.710827589035034 5.3246259540319443 6.083384707570076 3.3801788985729209 9.8801305443048459 2.1389160305261603 3.2578489035367966 24.755302935838699 732.34025654196739 37.131946448236704 4.8007616847753569 220.908506706357 499.45331780612469 3.2549658343195915
leaf_count=14 162 46 35 89 12 15 39 221 67 36 25 23 164 25 33 26 133 28 32 16 96 12 33 278 8435 410 16 1436 3289 21
internal_value=0.000240768 -0.0178931 0.0303915 0.0334591 -0.0319654 -0.00620199 0.0341006 0.0140819 0.0250718 0.0360625 -0.0335534 -0.0338376 -0.0108128 0.0318967 -0.0344791 0.0362709 0.0221018 -0.0346876 -0.0114153 0.0363538 -0.0306637 -0.0349037 -0.0130825 -0.0326957 -0.0350557 -0.0292217 0.0428448 0.0372771 0.0371199 0.0285202
internal_weight=1715.06 1116.9 252.056 239.998 864.844 50.2112 598.162 58.5073 23.0282 231.377 814.632 811.669 22.0029 43.129 789.666 539.655 30.5087 785.802 9.79791 39.8114 12.0581 780.194 5.39676 27.183 774.797 42.4566 17.9364 227.187 509.146 9.69294
internal_count=15267 11303 1706 1596 9597 422 3964 424 129 1507 9175 9163 189 262 8974 3540 191 8951 58 237 110 8918 45 293 8873 438 83 1471 3349 60
is_linear=0
shrinkage=0.05


Tree=90
num_leaves=31
num_cat=0
split_feature=13 5 10 10 32 30 1 23 2 1 12 28 7 12 6 9 9 11 21 2 6 10 33 2 1 22 7 15 12 7
split_gain=407.446 123.912 95.5059 28.7032 27.6972 26.1275 10.9206 10.7608 9.21578 6.93541 6.22086 5.0959 8.115 18.4536 5.68664 7.00353 4.86691 3.77926 3.29791 2.99888 2.34593 1.66806 1.53319 1.39533 0.74134 0.468481 0.349914 0.205094 0.165348 0.308629
threshold=0.6440052092075349 -0.32905659079551691 0.32994285225868231 0.27134813368320471 -0.20635622739791867 0.18791685253381732 0.40370692312717443 -0.44837617874145502 -0.35181166231632227 0.51681360602378856 0.28327733278274542 0.96254611015319835 0.31109739840030676 0.081134758889675154 0.63579046726226818 0.6195763647556306 0.26301448047161108 -0.87038379907608021 0.6811276674270631 0.30117020010948187 0.75002288818359386 0.23206841200590136 0.1297177076339722 -0.27819630503654474 0.48415930569171911 0.79155585169792186 0.23888121545314792 0.26174925267696386 0.31697973608970648 0.26634168624877935
decision_type=10 8 10 8 8 8 10 8 8 10 8 8 2 10 2 10 10 8 10 10 2 10 8 8 10 8 2 8 10 2
left_child=1 18 5 4 23 9 -6 17 -5 -2 -9 -10 13 14 15 -13 20 -7 -1 -14 -4 -8 -12 -3 -15 -24 -23 -27 29 -29
right_child=2 3 16 8 6 7 21 10 11 -11 22 12 19 24 -16 -17 -18 -19 -20 -21 -22 26 25 -25 -26 27 -28 28 -30 -31
leaf_value=0.037539115688683851 0.034792905771625887 0.010852520473310525 -0.022524955078375056 0.038173953636714109 -0.03230805261948537 0.038420589940112791 0.0023825887264685452 -0.021145446296777407 -0.035319807706933208 -0.035966637736311584 0.0021444009648925576 -0.037167719813342819 -0.035422009327863248 -0.0090148897976301025 0.04235064143258014 0.035079678600801349 -0.035469694164386577 -0.036829301450946497 -0.019675276676395553 0.02634484398807942 0.039362449472191675 0.023613728285779696 0.021443768610423273 -0.035422789043633961 -0.03571433777753176 0.025047727040319545 0.038720609950480885 0.037875893120641095 0.037578706253467743 0.018121211889732571
leaf_weight=78.640845999121666 4.3857356086373356 1.7037708759307859 2.8031090572476378 4.5871239900588989 7.4288871362805358 2.2105782777070999 3.862297110259532 4.6194931566715258 533.35228377208114 16.45771761983633 3.1205177903175354 7.1561608687043208 99.695579085499048 2.8011866733431807 13.818756699562071 6.3140225559473038 56.249623224139214 6.8046638891100866 2.6019858494400969 2.0046289861202231 3.3748664408922195 4.3489462211728087 4.6319057941436759 37.112635858356953 36.176771692931652 3.3375535011291513 32.316987507045269 5.3256154954433423 579.93262147903442 3.1445506066083908
leaf_count=530 24 8 27 28 82 13 24 39 6875 189 19 65 1249 28 63 23 693 65 19 9 18 28 26 477 431 20 196 34 3915 18
internal_value=-0.000367227 -0.0231027 0.0281639 -0.0291301 -0.00199283 0.0339743 0.0234213 0.0358458 -0.032466 -0.0210779 0.036655 -0.032928 -0.0253332 -0.0117183 0.0198157 -0.00330243 -0.030843 -0.0183777 0.0357067 -0.0342045 0.0112825 0.0336366 0.0371004 -0.0333916 -0.0337956 0.0372833 0.0369288 0.0374073 0.0374774 0.030542
internal_weight=1570.32 873.923 696.399 792.68 86.7735 633.971 47.9571 613.127 705.907 20.8435 604.112 701.319 167.967 66.2669 27.2889 13.4702 62.4276 9.01524 81.2428 101.7 6.17798 40.5282 599.493 38.8164 38.978 596.372 36.6659 591.74 588.403 8.47017
internal_count=15235 10135 5100 9586 815 4362 330 4149 8771 213 4071 8743 1868 610 151 88 738 78 549 1258 45 248 4032 485 459 4013 224 3987 3967 52
is_linear=0
shrinkage=0.05


Tree=91
num_leaves=31
num_cat=0
split_feature=4 13 10 10 11 34 10 20 10 14 17 10 30 6 16 11 16 10 27 22 12 11 15 2 1 0 10 14 11 10
split_gain=238.771 133.661 165.21 60.9699 35.5247 16.2088 16.1696 15.5466 11.208 7.91574 6.51467 6.9123 6.28816 5.74528 5.33041 5.08039 4.23925 3.78326 3.18335 8.21643 8.49703 16.0855 4.9186 2.53312 14.8778 2.30952 2.0365 1.72697 7.57409 1.60679
threshold=0.50652417540550243 0.66926905512809765 0.40597115457057958 0.32801096141338354 -0.74694955348968495 0.93526437878608715 0.38288959860801702 -0.32311624288558954 0.27077309787273413 0.19693709909915927 0.17816059291362765 0.50306022167205822 0.17924896627664569 0.5388338863849641 0.7966497838497163 0.74542596936225902 0.75416088104248058 0.32592721283435827 0.24494961649179461 0.62407284975051891 0.081134758889675154 -0.17076471447944638 0.20413611829280856 -0.17384706437587735 0.51931357383728038 0.73183855414390575 0.39640861749649053 -0.58346134424209584 0.60257199406623851 0.32348968088626867
decision_type=8 10 8 10 10 10 10 8 10 8 8 8 8 2 10 10 10 10 10 8 10 10 8 10 10 10 10 8 10 10
left_child=5 2 4 7 17 23 14 -3 -6 -8 -4 13 -9 -12 -5 16 18 -2 19 -10 21 29 -22 24 -1 26 -20 28 -25 -21
right_child=1 3 10 6 8 -7 9 12 15 -11 11 -13 -14 -15 -16 -17 -18 -19 25 20 22 -23 -24 27 -26 -27 -28 -29 -30 -31
leaf_value=-0.034197895656503351 -0.035658493497339454 0.028031708757369468 -0.034409862688191253 0.036520708109946474 -0.022822838876972867 0.028659891306701154 -0.036290914916366761 0.039758328513968599 -0.041044506830370406 0.037430129679026529 0.041922513325707352 -0.03560768137360807 -0.035082479206324339 -0.035622330936833778 -0.022603920491387652 -0.027565383627129084 -0.010160001052981767 0.04078731963452898 0.036934660816891722 0.0037496527734549681 -0.0095720316387764466 -0.035156927942078364 0.03738855286906264 0.050351818793646322 0.041343417114496975 -0.0052604523009459484 0.0034557004153971263 -0.034987582401441036 -0.035936675360519539 0.038190211734459065
leaf_weight=40.875722631812096 21.457734718918804 10.613681986927984 111.02188596129417 57.301558494567871 8.896812476217745 10.975632712244986 15.4777590110898 2.84638360142708 4.1140065863728514 4.7613784521818188 8.7750195041298884 9.8736336529254896 201.0116179138422 3.2819847315549842 4.0837728232145301 3.3739027753472319 5.409229338169097 1.750480145215987 501.68924584239721 4.0240144431591061 5.7936240881681451 13.28876807540655 148.37310054898262 3.2167275175452223 7.754459783434867 3.3115522861480704 4.5838516578078261 358.27320901304483 12.144087713211773 21.378135174512863
leaf_count=495 263 63 1436 359 90 64 171 11 24 22 42 118 2604 38 32 17 29 8 3270 15 24 88 950 17 38 13 25 4629 149 131
internal_value=0.000405854 0.0120915 0.0218651 -0.0169688 0.0310001 -0.0313274 0.019809 -0.0309659 0.0329514 -0.0189476 -0.0294907 -0.00458802 -0.0340375 0.0208144 0.0325873 0.0336451 0.0339352 -0.0298926 0.0342727 0.0288746 0.0303661 0.00941647 0.0356238 -0.0328866 -0.0221522 0.0363593 0.0366315 -0.0342837 -0.0178669 0.0327344
internal_weight=1609.73 1176.49 880.397 296.096 747.444 433.24 81.6245 214.472 724.236 20.2391 132.953 21.9306 203.858 12.057 61.3853 715.339 711.966 23.2082 706.556 196.972 192.858 38.6909 154.167 422.264 48.6302 509.585 506.273 373.634 15.3608 25.4021
internal_count=15235 9843 6581 3262 4947 5392 584 2678 4676 193 1634 198 2615 80 391 4586 4569 271 4540 1232 1208 234 974 5328 533 3308 3295 4795 166 146
is_linear=0
shrinkage=0.05


Tree=92
num_leaves=31
num_cat=0
split_feature=10 4 8 2 34 21 10 11 2 29 20 15 24 19 4 10 6 11 7 7 11 7 1 31 8 19 15 15 14 34
split_gain=386.84 287.406 17.5233 15.9927 13.313 16.0976 10.0009 19.2358 8.71482 7.35256 7.06033 4.37077 12.1178 3.46297 2.51686 6.63464 6.3667 1.63492 4.58082 1.64413 4.29235 0.945603 0.88766 0.505013 0.4383 0.584706 0.384689 0.35241 3.41054 0.322555
threshold=0.37169821560382849 0.47519899904727941 -0.29603402316570276 0.1320496276021004 0.72935432195663463 0.51799133419990551 0.40137711167335516 -0.19885873794555661 -0.1451584920287132 -1.605890095233917 0.20289138704538348 0.20413611829280856 0.28440190851688391 0.85552588105201732 0.79337790608406078 0.50306022167205822 0.41338542103767401 0.81779608130455028 0.26886124908924108 0.36170502007007604 -1.0000000180025095e-35 0.28340366482734686 0.69277250766754161 0.81589946150779735 -0.21085171401500699 0.77816832065582286 0.39173069596290594 0.24944260716438296 -0.25990127027034754 0.79882878065109264
decision_type=8 10 2 10 8 8 8 10 10 8 10 8 8 10 8 8 2 10 2 2 10 2 10 8 2 8 8 8 10 8
left_child=1 2 23 10 5 8 7 -2 -3 -6 24 12 -11 22 -8 16 -16 19 -19 27 -21 -7 -9 -1 25 -4 -10 28 -13 -29
right_child=6 4 3 -5 9 21 14 13 26 11 -12 17 -14 -15 15 -17 -18 18 -20 20 -22 -23 -24 -25 -26 -27 -28 29 -30 -31
leaf_value=-0.0091208154823294602 -0.034719191237839148 -0.037309939359779443 0.038105592250630912 -0.036286216409317465 0.034766036496897898 -0.0026000410744655626 0.036862440346054071 0.038364836878020885 0.037781416261739281 0.046901755189113048 -0.029508531056303529 -0.0356913171726101 -0.035689974764296348 -0.020002015435914858 -0.037229029034947951 0.037770668152795638 0.031956960917682693 -0.035351010818437126 0.059381751529043209 -0.035900196652579063 0.04585222377111367 -0.035577115122372174 0.010556021229436241 -0.037363852345768493 0.037276612838100763 0.0092084327464505896 0.054511456094533541 -0.029524841212843912 0.019660579885383601 -0.035439125478553768
leaf_weight=1.9305726885795573 15.104170992970465 4.2842918783426311 3.741661235690116 8.0066606402397138 3.9169312417507172 2.3952454477548626 462.67801481485367 33.100135967135429 11.945205979049202 6.2570989653468132 4.0815846920013419 25.005764320492748 15.301940977573397 2.993376560509204 7.1385945901274663 28.195390000939369 6.2247206270694733 4.6648426130414 1.7566317990422247 5.4548067301511765 2.2753094881772986 23.515552312135696 3.1419950276613227 8.7858299091458303 210.51799802482128 3.2894956916570663 4.8234885782003447 23.865370452404022 3.131402105093005 677.77704111114144
leaf_count=15 166 42 23 87 16 16 3222 215 65 26 36 285 171 23 53 189 29 58 9 61 9 278 14 92 1446 17 17 252 21 8282
internal_value=-4.74533e-05 -0.0178372 0.0302197 0.0331361 -0.0319859 -0.00614192 0.0336075 0.0132274 0.0263333 -0.0335634 0.0356441 -0.0339131 -0.0117193 0.0316849 0.0358037 0.0240171 -0.00500174 -0.0345562 -0.00943631 -0.034775 -0.0118369 -0.0325286 0.035954 -0.0322758 0.0368665 0.0245862 0.0425938 -0.0350179 -0.0295312 -0.035238
internal_weight=1615.3 1056.72 240.354 229.637 816.371 46.9638 558.576 54.3397 21.053 769.407 221.631 765.49 21.559 39.2355 504.237 41.5587 13.3633 743.931 6.42147 737.51 7.73012 25.9108 36.2421 10.7164 217.549 7.03116 16.7687 729.78 28.1372 701.642
internal_count=15235 11324 1716 1609 9608 418 3911 418 124 9190 1522 9174 197 252 3493 271 82 8977 67 8910 70 294 229 107 1486 40 82 8840 306 8534
is_linear=0
shrinkage=0.05


Tree=93
num_leaves=31
num_cat=0
split_feature=13 2 7 10 16 16 12 2 1 21 20 16 12 10 2 6 9 16 12 12 4 23 16 10 11 9 2 18 6 28
split_gain=389.257 114.276 87.152 26.4 27.3188 24.639 12.9366 7.3703 6.37324 6.11836 4.87701 4.29948 7.79353 21.6265 4.27532 3.89502 3.573 1.61554 3.17821 1.58739 1.21695 1.1671 2.51381 1.04368 1.04302 0.857578 0.455152 0.426122 0.403881 0.331993
threshold=0.6440052092075349 0.32005520164966589 0.31946767866611486 0.27134813368320471 0.60595834255218517 0.80306494235992443 0.26609988510608679 -0.35181166231632227 0.42809705436229711 0.70705190300941478 -0.37043678760528559 0.75416088104248058 inf 0.32690635323524481 -0.27819630503654474 0.75256043672561657 0.663621485233307 0.64623767137527477 0.43046641349792486 0.33455090224742895 0.63537898659706127 0.20356181263923648 0.70915547013282787 0.32502411305904394 -0.17076471447944638 0.33879350125789648 0.19690540432929995 0.25289243459701544 0.73997053503990184 0.85990390181541454
decision_type=10 10 2 8 8 10 10 8 10 10 8 8 8 8 10 2 10 8 8 8 10 10 10 10 8 10 10 8 2 10
left_child=1 3 6 4 24 21 -2 -5 25 -3 14 -9 -13 16 -8 -15 26 18 -12 -10 -7 -4 -23 27 -1 -6 28 -19 -14 -21
right_child=2 9 5 7 8 20 10 11 19 -11 17 12 13 15 -16 -17 -18 23 -20 29 -22 22 -24 -25 -26 -27 -28 -29 -30 -31
leaf_value=0.0071932571963564361 -0.035624220037089073 0.03710658165299844 -0.035413891664912163 0.037768410132897244 -0.035854453548109393 0.037805161308746615 0.035326559529223388 -0.035231784153362047 -0.0016219963344602725 -0.036124934267586749 -0.03352820106849224 -0.035305998995953096 0.020334999567985387 -0.035395306015633683 -0.037669601165098321 0.045084507527955231 -0.014052799620011014 0.019729334077807179 0.039521347547535758 0.037199017856710585 0.0016305239544550352 -0.036573503526795163 0.030792932072876891 0.015867661600349327 -0.035124515011527996 0.0020835769245195509 0.05319269218558359 0.037116973502976075 0.03984166456957014 0.019874436549311356
leaf_weight=1.5166836008429525 6.3836541399359694 75.045113034546375 60.329522393643856 3.7000854015350342 3.9773866236209861 15.455693900585176 3.848154678940773 503.66689456626773 3.1177826523780832 2.9648776352405539 2.4275721758604076 88.806950181722641 3.7173176333308282 42.283113148063421 4.1899706125259382 1.5588289871811856 3.9127505123615256 3.5463940873742112 3.8510730713605881 30.996535703539848 2.7365443408489218 3.8442929759621611 2.1644910350441933 5.9020020067691794 36.444150350987911 2.3814708516001701 4.2008549422025672 549.49309854954481 9.2727687805891019 3.0361723452806464
leaf_count=8 76 530 794 24 43 102 19 6841 15 30 21 1189 19 554 35 6 34 21 20 202 18 41 11 30 507 18 13 3945 48 19
internal_value=-0.000212537 -0.0232446 0.0282441 -0.0292922 -0.00243638 -0.0191846 0.0351607 -0.0326017 0.0246081 0.0343233 0.035949 -0.0329977 -0.0256793 -0.0125157 -0.00272358 -0.0325338 0.0290709 0.036499 0.0112775 0.0325252 0.0323636 -0.0333209 -0.0123067 0.0367823 -0.0334338 -0.0216462 0.0388861 0.0370055 0.0342595 0.0356534
internal_weight=1484.77 820.6 664.172 742.59 81.4702 84.5305 579.642 661.12 43.5093 78.01 573.258 657.419 153.753 64.9456 8.03813 43.8419 21.1037 565.22 6.27865 37.1505 18.1922 66.3383 6.00878 558.941 37.9608 6.35886 17.1909 553.039 12.9901 34.0327
internal_count=15233 10100 5133 9540 812 966 4167 8728 297 560 4091 8704 1863 674 54 560 114 4037 41 236 120 846 52 3996 515 61 80 3966 67 221
is_linear=0
shrinkage=0.05


Tree=94
num_leaves=31
num_cat=0
split_feature=4 10 16 10 8 34 5 8 10 23 6 6 24 15 9 11 0 16 33 18 24 6 3 7 14 11 2 1 10 17
split_gain=219.726 106.258 124.864 77.4758 57.9602 15.9081 15.1116 13.8158 9.75688 8.43689 6.068 6.0642 4.85737 4.84199 4.70062 4.03505 3.9051 2.9376 7.53086 4.52846 2.65064 12.7083 12.2485 2.68367 2.55596 6.42792 1.86442 11.0556 1.83828 7.48789
threshold=0.50652417540550243 0.40957197546958929 0.67546117305755626 0.32994285225868231 -0.53145897388458241 0.93526437878608715 0.17090725153684619 0.66556361317634594 0.27023673057556158 -0.44837617874145502 0.72264224290847789 0.12173327431082727 0.85282635688781749 0.228391207754612 0.8113229274749757 -0.74694955348968495 0.73183855414390575 0.46299192309379583 0.27065633237361914 0.30621926486492163 0.19750226289033893 0.69899210333824169 0.54780623316764843 0.26187233626842504 -0.5258502960205077 0.60257199406623851 -0.17384706437587735 0.51931357383728038 0.45343953371047979 0.040484415367245681
decision_type=8 8 10 10 2 10 10 2 10 8 2 2 10 8 10 10 10 8 8 8 10 2 10 2 8 10 10 10 8 8
left_child=5 2 4 9 6 24 -2 8 -6 -4 -5 -3 15 -11 28 -10 17 18 19 -17 21 -19 -23 -22 25 -1 27 -26 29 -13
right_child=1 11 3 10 7 -7 -8 -9 12 13 -12 14 -14 -15 -16 16 -18 20 -20 -21 23 22 -24 -25 26 -27 -28 -29 -30 -31
leaf_value=0.025332505507906472 0.037677966298442993 0.040092705763343124 0.027553575069191462 0.037608718887757436 -0.023635228764417204 0.030600032623081575 -0.034843609554573794 -0.03437617591739052 -0.020663667699533154 0.049162014972790762 -0.037281548077897554 -0.035366335464990226 -0.023704486454563467 -0.03435568324439859 0.02241563791363875 0.028002812384282039 -0.011246005334920921 0.035911929066613578 0.034004931913863994 -0.046033930391673479 -0.015710146455837508 -0.040763688033666284 0.033322408916456686 0.036315668498558135 -0.034090605316769738 -0.034839438491646973 -0.034916815215001201 0.041205799595035474 -0.034749551559054737 0.051160536358996256
leaf_weight=6.5394191965460804 8.5839846134185773 3.0652467310428611 5.8609973937273026 58.165224269032478 7.7331279814243308 10.157959565520285 44.017490558326244 7.8810591623187056 3.4629720821976653 1.7538393288850782 2.8367124050855628 11.011125534772869 3.7754766792058936 165.33134473115206 3.991438999772071 3.2038735300302559 4.8515576198697081 91.246332943439484 23.573146842420101 5.8121108487248421 2.4908091425895682 11.927617959678175 10.481406539678572 511.81625832617283 34.886069409549236 13.814090736210344 336.68691655620933 5.6669075116515151 116.08719110488892 3.2348860129714021
leaf_count=41 54 15 35 380 92 63 583 64 37 9 23 146 47 2209 25 18 21 597 161 30 23 91 65 3522 458 179 4624 28 1576 17
internal_value=0.000209963 0.0117207 0.0175227 -0.014322 0.0275787 -0.0311871 -0.0230089 0.0314449 0.0322074 -0.0314107 0.0341262 -0.0294457 0.0328494 -0.033479 -0.0310325 0.0331686 0.0334488 0.033777 0.0191403 -0.0197246 0.0345366 0.0276264 -0.00611129 0.0360637 -0.0327657 -0.0155067 -0.0336969 -0.0235686 -0.0326694 -0.0157184
internal_weight=1519.95 1112.2 974.805 233.948 740.857 407.751 52.6015 688.256 680.375 172.946 61.0019 137.39 672.642 167.085 134.325 668.866 665.403 660.552 32.5891 9.01598 627.962 113.655 22.409 514.307 397.593 20.3535 377.24 40.553 130.333 14.246
internal_count=15233 9840 8061 2656 5405 5393 637 4768 4704 2253 403 1779 4612 2218 1764 4565 4528 4507 209 48 4298 753 156 3545 5330 220 5110 486 1739 163
is_linear=0
shrinkage=0.05


Tree=95
num_leaves=31
num_cat=0
split_feature=10 34 1 2 2 7 16 13 10 11 35 11 2 1 11 2 7 18 2 1 1 6 23 9 15 33 15 12 0 10
split_gain=363.825 155.343 58.9542 47.6399 20.7061 16.1427 13.2909 11.5262 9.04629 17.4825 6.30135 6.2275 7.28351 4.3893 4.17524 3.87467 3.50744 3.40613 4.09864 2.20346 2.15325 8.50815 1.77808 1.75513 1.66163 1.19649 1.16804 7.01006 0.800149 0.463194
threshold=0.37169821560382849 0.8023519515991212 0.45403732359409338 0.12630295753479007 -0.1628816872835159 0.38946869969367987 0.5207134783267976 0.50686559081077587 0.40137711167335516 -0.21377491950988767 0.264868974685669 0.81779608130455028 -0.038399212062358849 0.6761603355407716 -0.22059267759323117 -0.1911029517650604 0.33907961845397955 0.16508317738771441 -0.1709204167127609 0.52421817183494579 0.78855019807815563 0.37975841760635382 -0.5618576407432555 0.7099369764328004 0.228391207754612 0.87633252143859874 0.20413611829280856 0.26935879886150366 0.75428903102874767 0.48672021925449377
decision_type=8 8 10 10 10 2 8 10 8 10 10 10 10 10 8 8 2 8 10 10 8 2 10 10 8 10 8 8 10 8
left_child=1 3 14 4 16 6 7 -4 9 -2 24 17 -13 -11 -3 -16 -1 18 -8 -9 -10 29 -15 -23 -6 -26 27 -19 -28 -22
right_child=8 2 5 -5 10 -7 11 19 20 13 -12 12 -14 22 15 -17 -18 26 -20 -21 21 23 -24 -25 25 -27 28 -29 -30 -31
leaf_value=-0.036855348747452214 -0.035563900336522201 -0.035653483137419888 -0.039362412839526704 -0.035445961434326455 -0.0041169412651143001 0.038568298060726779 -0.036040642232957797 0.035595703208529547 0.036664458547163818 0.037925788572336784 -0.03543011349557075 -0.035300667169473034 0.055965557648086008 0.015820790176697373 -0.028102404436099293 0.036681164217459705 0.031483226493250215 0.053809912856329183 0.050496200274036944 -0.016711328007392456 -0.03665412999996339 0.037400553263341234 -0.037879714304800541 -0.0022974315701440157 0.037473957309510759 0.0010121423061290186 -0.034859198061197097 -0.036031670757371806 -0.0078331206011653283 -0.0097655112844916916
leaf_weight=12.618453271687029 13.403527170419691 2.3628757372498512 10.240080796182161 32.922328937798738 2.5007009431719807 8.1298651471734029 2.8769199252128601 14.163498252630236 433.06615756452084 32.828572675585747 3.1178752183914176 4.5764873176813126 4.1852011531591398 3.5096837431192398 2.4579109996557236 37.854959882795811 2.2057973891496649 2.6127882003784162 2.6092873811721802 2.3470139652490607 4.2001048326492301 35.591340273618698 2.748718447983264 3.0205765813589087 158.46692898124456 2.282347008585929 670.44943184778094 12.847777649760245 2.7499354034662238 2.588863916695118
leaf_count=129 159 29 116 402 23 52 29 103 3186 224 38 59 16 19 26 264 17 11 11 23 35 255 21 17 1115 22 8642 150 23 17
internal_value=-2.33547e-06 -0.0178432 -0.0281932 0.0198836 0.0299368 -0.0314982 -0.0322789 0.00231261 0.0334167 0.0137124 0.0349823 -0.0335954 0.00829453 0.0306101 0.0289449 0.0327313 -0.0266868 -0.0341241 0.00511702 0.0281601 0.0355784 0.025219 -0.00776471 0.034295 0.0363271 0.0369563 -0.0344367 -0.0208487 -0.0347488 -0.0264006
internal_weight=1525.54 994.578 780.464 214.114 181.192 737.788 729.658 26.7506 530.958 52.4905 166.368 702.908 8.76169 39.087 42.6757 40.3129 14.8243 694.146 5.48621 16.5105 478.467 45.4009 6.2584 38.6119 163.25 160.749 688.66 15.4606 673.199 6.78897
internal_count=15233 11300 9554 1746 1344 9235 9183 242 3933 423 1198 8941 75 264 319 290 146 8866 40 126 3510 324 40 272 1160 1137 8826 161 8665 52
is_linear=0
shrinkage=0.05


Tree=96
num_leaves=31
num_cat=0
split_feature=13 2 7 5 16 30 31 7 17 21 1 1 28 12 20 1 13 7 22 4 26 2 9 11 7 7 15 15 1 13
split_gain=356.776 108.123 82.9761 24.89 21.9745 12.7014 12.155 18.848 16.1444 6.12955 5.74235 5.35946 5.14219 3.92807 3.44775 2.08205 2.02238 2.89282 1.475 1.3846 1.26149 1.19364 1.10276 0.867499 0.707407 0.667937 1.31284 0.609629 0.317536 0.267667
threshold=0.6440052092075349 0.32005520164966589 0.32018519937992101 0.32716438174247747 0.80306494235992443 0.18791685253381732 1.0226140022277834 0.3050737082958222 -0.11600819230079649 0.69649645686149608 0.41441555321216589 0.51602068543434154 0.81749457120895397 0.28030642867088323 -0.38633741438388819 0.63609361648559581 0.63234102725982677 0.29651656746864324 0.74612745642662059 0.58198684453964245 0.22726237028837207 0.30117020010948187 0.35045206546783453 -0.50737270712852467 0.29253675043582922 0.31109739840030676 0.464283436536789 0.26174925267696386 0.62722128629684459 0.62184882164001476
decision_type=10 10 2 10 10 8 8 2 8 10 10 8 8 8 8 10 10 2 10 10 8 10 10 8 2 2 10 8 10 10
left_child=1 3 5 6 23 11 16 8 22 -3 -10 -2 18 -7 -15 -6 29 -18 -12 24 -5 25 -8 -4 -14 26 -9 -16 -29 -1
right_child=2 9 4 20 15 13 7 21 10 -11 12 -13 19 14 27 -17 17 -19 -20 -21 -22 -23 -24 -25 -26 -27 -28 28 -30 -31
leaf_value=-0.034859548887854197 0.039041846385263687 0.036914659697299179 0.0037844777713184384 0.00053880877390842811 0.037492165036592938 -0.019201136593942153 -0.035122075841962946 0.0093547212363146587 -0.031344959837869384 -0.030942893471923635 -0.036769968723335454 -0.036059707938566332 0.038147909703457189 -0.0024400199145313993 0.013552637118057079 -0.010813230855571497 0.025669878840020699 -0.03517649721047849 0.016807762230182727 0.0015246206058484046 0.037381861607289062 -0.00012086089438960481 0.0043446772300259453 -0.034922605303788136 0.020743920203298211 -0.03516900554835322 -0.035112009335675813 0.036773676686383393 0.020268388029873914 -0.026268894759526928
leaf_weight=493.96292981505394 3.2441081106662724 72.586538761854172 1.4830920100212095 2.7870407849550247 14.463275343179705 3.225560091435911 23.030892491340641 2.5664656385779372 5.3216417878866187 3.4878203347325316 3.9972101598978034 8.8727137446403503 24.986707873642445 5.7288100868463516 2.8643258810043335 2.6374787986278525 3.3931890577077857 4.603647418320179 1.8929100558161733 3.6293156929314128 13.964037358760836 2.6743308529257765 1.9172894731163967 60.370896153151989 7.6189626678824416 89.385151885449886 4.6991428434848785 525.3112607896328 2.9302330613136283 9.2369487285613996
leaf_count=7154 18 542 11 18 101 28 310 19 57 36 52 101 155 39 19 18 22 64 17 35 98 23 16 838 38 1265 66 3973 21 124
internal_value=-9.5745e-05 -0.022807 0.0278194 -0.0289623 -0.0201249 0.0346748 -0.0304392 -0.01893 0.000472962 0.0338036 0.0175945 -0.0159523 0.023777 0.0358107 0.0361412 0.0300419 -0.0343054 -0.00935838 -0.0195517 0.0308202 0.0312519 -0.0330722 -0.032089 -0.0339945 0.0340811 -0.033984 -0.0194048 0.0365574 0.0366821 -0.0347019
internal_weight=1406.87 775.742 631.132 699.668 78.9547 552.177 682.917 171.72 72.3949 76.0744 47.4467 12.1168 42.1251 540.06 536.835 17.1008 511.197 7.99684 5.89012 36.235 16.7511 99.3251 24.9482 61.854 32.6057 96.6508 7.26561 531.106 528.241 503.2
internal_count=15278 10111 5167 9533 968 4199 9417 2053 680 578 354 119 297 4080 4052 119 7364 86 69 228 116 1373 326 849 193 1350 85 4013 3994 7278
is_linear=0
shrinkage=0.05


Tree=97
num_leaves=31
num_cat=0
split_feature=4 13 10 10 10 34 10 23 19 11 14 8 17 10 16 6 0 22 20 1 16 6 4 9 16 33 24 8 9 10
split_gain=204.413 111.712 146.376 56.2834 33.1941 15.1476 11.8427 11.7255 9.69353 8.21951 7.50724 7.29322 5.3757 5.67856 4.07642 3.89576 3.63495 3.2996 3.04681 7.5808 2.96386 2.79916 5.20162 3.0463 2.75053 7.39462 4.02992 2.69586 5.41251 1.96747
threshold=0.5072980821132661 0.67454206943511974 0.40597115457057958 0.32801096141338354 0.27867548167705541 0.93644854426383983 0.37975467741489416 -0.32143673300743097 0.80677989125251781 -0.74694955348968495 0.31389924883842474 0.76579961180686962 0.17816059291362765 0.50306022167205822 0.7966497838497163 0.48309960961341863 0.73183855414390575 0.82791259884834301 -0.58620506525039662 0.45785793662071234 0.75416088104248058 0.83882308006286632 0.49560140073299414 0.80333301424980175 0.46299192309379583 0.27065633237361914 0.33041593432426458 -0.53145897388458241 0.74798011779785167 0.29766844213008886
decision_type=8 10 10 10 10 10 10 8 8 10 10 2 8 10 10 2 10 8 8 8 10 2 10 10 8 8 8 2 10 10
left_child=5 2 4 7 8 18 14 -3 -2 29 -8 16 -4 15 -5 -14 20 -10 19 -1 24 23 -23 -20 25 26 -11 28 -26 -6
right_child=1 3 12 6 9 -7 10 -9 17 11 -12 -13 13 -15 -16 -17 -18 -19 21 -21 -22 22 -24 -25 27 -27 -28 -29 -30 -31
leaf_value=-0.03500686714093431 0.032760709298270178 0.034327348236031126 -0.035034348282838211 0.036391814433677915 -0.036238778758882671 0.027936572891115161 -0.035119082530294464 -0.034542897297775946 0.026348424963134172 0.02488035300595565 0.036864651027789221 -0.047375261516980426 0.042367445075329746 -0.035213074171828833 -0.02000583265920762 -0.022796914937785195 -0.012094945943710966 -0.034963281331047522 -0.034671126951026025 0.027567615063443338 -0.00401877949907285 -0.035079869043973276 0.03577789264866172 0.0069470013551946918 -0.039517427037459668 0.034384778674215313 -0.045586254043485791 0.035259301045128637 0.037381672407251182 0.024445526054911883
leaf_weight=14.475756779313089 7.8629234954714766 6.4068673253059387 99.6714838296175 48.782605558633804 5.3242279514670363 10.744927510619162 12.692724727094175 174.75582920759916 2.3931028768420246 3.2184732556343061 5.0683414340019217 2.80599421262741 6.5769657492637652 8.8539445847272855 3.4292620569467536 3.521674245595932 4.3576745837926856 26.427373982965946 344.76365174725652 7.2714865654706946 5.1572913900017729 6.930058076977728 4.1356915384531021 4.4537130519747725 3.6406794562935811 23.54359333217144 5.4896424412727356 579.94769302010536 6.1595967262983322 1.7829358279705045
leaf_count=213 49 41 1459 343 65 69 153 2548 13 19 26 15 33 122 28 41 17 348 5006 39 26 99 26 29 28 168 29 4171 44 11
internal_value=0.000150884 0.0116818 0.0208475 -0.0173965 0.0298111 -0.0306121 0.0206904 -0.0321073 -0.0164472 0.0324566 -0.0145776 0.0330557 -0.0303929 -0.00598381 0.0326876 0.0196428 0.0334131 -0.0298723 -0.0322588 -0.0140842 0.0337293 -0.0333558 -0.00859763 -0.0341404 0.0340423 0.0198242 -0.0195422 0.0348199 0.00881462 -0.0210152
internal_weight=1440.65 1047.87 796.735 251.136 678.111 392.775 69.9729 181.163 36.6834 641.428 17.7611 634.321 118.624 18.9526 52.2119 10.0986 631.515 28.8205 382.03 21.7472 627.157 360.283 11.0657 349.217 622 32.2517 8.70812 589.748 9.80028 7.10716
internal_count=15278 9797 6658 3139 5003 5481 550 2589 410 4593 179 4517 1655 196 371 74 4502 361 5412 252 4485 5160 125 5035 4459 216 48 4243 72 76
is_linear=0
shrinkage=0.05


Tree=98
num_leaves=31
num_cat=0
split_feature=10 4 8 2 34 6 10 0 2 29 20 6 15 12 4 16 0 6 34 8 0 2 4 12 15 12 4 10 21 8
split_gain=339.676 244.467 16.4689 13.4707 11.9201 13.7618 8.52994 20.0222 7.56498 7.13194 6.33475 5.74877 4.29393 10.9768 3.41074 2.9086 2.22438 3.6848 2.06948 3.31308 1.01808 1.53612 0.977502 0.69677 0.572588 3.77873 0.525527 2.53211 0.393371 0.343003
threshold=0.37169821560382849 0.47519899904727941 -0.24416866898536679 0.1320496276021004 0.72935432195663463 0.79185834527015697 0.40597115457057958 0.39959244430065161 -0.15655481815338132 -1.4035562276840208 0.2369065806269646 0.66059163212776195 0.20413611829280856 0.29585236310958868 0.50357815623283397 0.46668364107608801 0.16429092735052112 0.49877552688121801 1.1310771107673647 0.034115031361579902 0.73183855414390575 -0.084342863410711275 0.42838838696479803 0.65077459812164318 0.26174925267696386 0.29081995785236364 0.81045770645141613 0.48238991200923925 0.25642181932926184 -0.20707746595144269
decision_type=10 10 2 10 8 2 10 10 8 8 10 2 8 8 10 8 10 2 8 2 10 10 10 10 8 10 10 10 10 2
left_child=1 2 22 10 5 14 7 -2 -7 11 23 -6 13 -11 -3 -14 17 -8 -9 -20 24 -22 -1 29 25 -17 -18 -28 -10 -4
right_child=6 4 3 -5 9 8 16 18 28 12 -12 -13 15 -15 -16 20 26 -19 19 -21 21 -23 -24 -25 -26 -27 27 -29 -30 -31
leaf_value=0.0010024897933370751 -0.035071355229862274 0.034411338998469064 0.024347034584995431 -0.035960230224093691 0.045996914714429293 -0.037590040592100978 -0.036760061148506239 0.037753092617981494 0.03917397443358047 0.047738181790093995 -0.03586622216127662 -0.038252888613965613 0.0081105541312845187 -0.035391745911368171 -0.034372357655900257 0.010446977828286906 0.03656451853022414 0.037250618411148552 -0.030290877388515471 0.036000936156445444 -0.035552434301472341 0.019122861223196338 -0.037354390828140793 0.010938034789521737 -0.035045578580080637 -0.035292038801429566 -0.0086064271084383501 0.03553953389995556 0.058018055263864138 0.036973726874315833
leaf_weight=2.0404914021491996 14.735081315040587 1.947917796671393 5.5404441952705374 6.9042450264096251 5.1084035262465459 3.5323248356580734 2.7973879054188719 34.836270391941071 10.417973041534426 5.721910066902641 3.0944380685687056 3.3542932793498039 4.0274797007441503 12.97715447843075 24.102261565625668 5.2957844212651244 407.71270503103733 4.2169537991285324 3.1546329110860816 4.6820506155490875 3.0650016665458679 2.2116107270121566 8.9312296137213689 2.6816102564334861 615.68123357743025 30.649805791676044 3.7770061939954784 23.199707724153996 3.772228091955184 183.98095845431089
leaf_count=14 172 10 36 85 20 34 23 251 60 24 35 27 26 163 313 32 3188 31 30 25 37 13 102 18 8485 404 22 170 12 1416
internal_value=-5.72441e-05 -0.0176798 0.0294401 0.0326774 -0.0314047 -0.00610496 0.0333101 0.015179 0.0278849 -0.0330141 0.0351039 0.0126035 -0.0335821 -0.009954 -0.029229 -0.0342506 0.0356666 0.00773444 0.0325306 0.00931537 -0.0345103 -0.0126361 -0.0302209 0.0362465 -0.0346875 -0.0285534 0.0361173 0.0293587 0.0441834 0.0366046
internal_weight=1444.15 945.039 213.173 202.202 731.865 43.7727 499.112 57.408 17.7225 688.093 195.297 8.4627 679.63 18.6991 26.0502 660.931 441.704 7.01434 42.673 7.83668 656.903 5.27661 10.9717 192.203 651.627 35.9456 434.689 26.9767 14.1902 189.521
internal_count=15278 11366 1706 1590 9660 429 3912 478 106 9231 1505 47 9184 187 323 8997 3434 54 306 55 8971 50 116 1470 8921 436 3380 192 72 1452
is_linear=0
shrinkage=0.05


Tree=99
num_leaves=31
num_cat=0
split_feature=13 5 7 10 16 16 12 14 26 2 28 7 12 6 10 30 1 21 1 31 1 2 2 23 25 10 7 0 15 14
split_gain=334.767 102.745 77.9793 22.7256 27.9869 20.6105 11.1014 5.76204 4.17233 4.36896 4.05064 7.41198 14.119 4.44475 4.6708 3.33961 3.27988 2.73914 2.67809 2.10369 2.05356 1.69308 1.28874 0.902351 1.91584 0.809379 0.718895 0.511893 0.229782 0.17085
threshold=0.6440052092075349 -0.32905659079551691 0.31946767866611486 0.28053376078605657 0.60595834255218517 0.80306494235992443 0.27228827774524694 -0.28465770184993738 -0.36520208418369288 -0.27819630503654474 0.96254611015319835 0.31109739840030676 0.081134758889675154 0.62668016552925121 0.2936075627803803 0.18791685253381732 0.41441555321216589 0.6811276674270631 0.53058740496635448 0.81589946150779735 0.63609361648559581 0.30117020010948187 0.28015170991420751 0.20356181263923648 0.95610710978508007 0.32502411305904394 0.28134477138519293 0.71905523538589489 0.26600834727287298 -0.56357410550117482
decision_type=10 8 2 8 8 10 10 8 8 10 8 2 10 2 8 8 10 10 10 10 10 10 10 10 8 10 2 10 8 8
left_child=1 17 6 4 22 23 -2 19 9 -8 -5 12 13 14 -12 18 -9 -1 -10 -6 -7 -13 -3 -4 -25 28 -18 -14 -17 -30
right_child=2 3 5 10 7 20 8 16 15 -11 11 21 27 -15 -16 25 26 -19 -20 -21 -22 -23 -24 24 -26 -27 -28 -29 29 -31
leaf_value=0.036758985233740708 -0.035398283148089384 -0.035107549239705861 -0.035194894716561557 -0.034979163052088445 0.014581274039766185 0.037188306945297941 0.036775668710639378 -0.02056851037076015 0.033051610937543489 -0.037246841400287667 0.03008530798619757 -0.035087753794902622 -0.035323705972139179 0.040545952071929243 -0.035166358557051032 0.022939889659178661 0.037085016129719782 -0.018883209926907327 -0.03678626790109904 -0.034837329256143877 -0.009170150715763525 0.018065613009332123 0.014004884553714495 -0.036205662290037029 0.025566260703227917 0.017021132171741751 0.011852989462518018 -0.0040243595831795428 0.023977998680757295 0.036697508250724348
leaf_weight=67.339559689164162 5.6063880398869506 43.962621100246906 54.283071361482143 435.03078334033489 3.6718078926205617 14.022510997951033 3.9539405480027199 2.9035658091306678 2.669760301709176 4.0201271176338196 5.3050303161144265 83.161216761916876 26.566267613321546 11.804933495819567 5.6776440292596826 3.0847996547818193 31.010363280773163 2.2869183346629134 2.8255549371242523 5.2077985107898712 2.8793714493513098 1.52563927322626 1.3775940760970105 3.4639384262263766 1.9685423672199247 5.3666590899229041 3.1056505292654029 1.3738732561469067 2.6543810963630676 489.40348812937737
leaf_count=537 74 674 805 6717 28 104 21 27 16 37 22 1244 379 65 60 22 222 19 28 57 20 8 9 42 11 30 21 14 19 3933
internal_value=-0.000172393 -0.0228432 0.027636 -0.0289226 -0.00575304 -0.0194538 0.0345798 0.0217699 0.0353431 -0.000542788 -0.0326285 -0.0250766 -0.00996229 0.0192466 -0.00364744 0.0359087 0.0304463 0.0349314 -0.0028573 -0.0144022 0.0292908 -0.0341302 -0.0336153 -0.0332505 -0.0138217 0.0363343 0.0347881 -0.0337847 0.0365436 0.0366289
internal_weight=1327.51 731.311 596.203 661.685 91.2394 76.6174 519.585 45.8992 513.979 7.97407 570.445 135.415 50.7277 22.7876 10.9827 506.005 37.0196 69.6265 5.49532 8.87961 16.9019 84.6869 45.3402 59.7156 5.43248 500.509 34.116 27.9401 495.143 492.058
internal_count=15265 10103 5162 9547 1038 982 4180 355 4106 58 8509 1792 540 147 82 4048 270 556 44 85 124 1252 683 858 53 4004 243 393 3974 3952
is_linear=0
shrinkage=0.05


Tree=100
num_leaves=31
num_cat=0
split_feature=4 13 31 7 11 7 24 1 34 7 30 11 20 0 14 16 16 17 6 2 16 20 4 3 9 16 2 11 2 24
split_gain=191.765 105.295 69.5469 52.1041 26.127 23.7985 18.5027 16.9659 14.5171 10.5309 13.3209 8.09282 7.37006 6.57759 5.9635 5.16973 4.07787 3.93545 4.99922 3.45518 3.42367 3.04139 7.43204 2.31175 14.1986 5.44896 5.30692 5.12341 3.36709 2.23839
threshold=0.50652417540550243 0.67246571183204662 0.40071755647659307 0.3150466531515122 -0.72532442212104786 0.40497589111328131 0.19146481901407245 0.48649403452873236 0.94507625699043285 0.27668875455856329 0.26535658538341528 0.81779608130455028 -0.427682414650917 0.73183855414390575 0.5140109956264497 0.66429194808006298 0.75416088104248058 0.17816059291362765 0.40065430104732519 0.29314318299293524 0.61346331238746654 -0.58620506525039662 0.45912387967109686 0.38952542841434484 0.26464442908763891 0.45876780152320867 -0.15655481815338132 -0.54615885019302357 0.1320496276021004 0.19750226289033893
decision_type=8 10 8 2 10 2 10 10 10 2 8 10 8 10 10 8 10 8 2 8 8 8 10 10 10 8 8 10 8 10
left_child=8 2 -2 15 19 7 12 -6 21 10 -9 13 -5 16 -14 -3 23 -7 -19 -4 -12 22 -1 -11 28 26 -26 -27 -25 -29
right_child=1 3 4 6 5 17 -8 9 -10 11 20 -13 14 -15 -16 -17 -18 18 -20 -21 -22 -23 -24 24 25 27 -28 29 -30 -31
leaf_value=-0.035349056925231402 -0.034639371976656445 0.036885462209796993 0.018799380882405167 0.036883147359274802 -0.035593007571550775 -0.032816280427343775 0.0359152045187301 0.037079651453196409 0.037214246627425875 0.036536893054458494 0.030245240394914642 -0.040158321825420888 -0.03032007572573045 -0.020370743193245035 0.04225148126280729 -0.034663702315323848 -0.0086942246249826789 0.033094831162346065 -0.031481058722233217 -0.035319882698883816 -0.036181830844755042 -0.033345748892820465 0.027025480854057683 -0.035248570286258871 0.039335481732137134 -0.016056444738769864 -0.038892794126825898 0.024822129905051699 0.028757337018146163 0.035944888827410676
leaf_weight=13.814868234097959 52.49909669905901 2.5654360204935074 3.4696888849139214 6.371269203722477 10.052080973982809 17.038301810622215 46.969619296491146 14.632870130240915 7.6933976262807837 241.54620864987373 2.2246504947543162 3.9284879192709914 26.117299117147926 5.9714564792811862 3.1749183237552634 158.75269671529531 5.9842171743512145 6.7533165961504 5.3884940966963768 19.660885185003284 15.145518921315668 338.9785693436861 7.2987745329737654 9.962541349232195 3.7085836976766586 5.1923589259386054 5.2188089489936882 54.71494847536087 2.5886229090392581 260.99842242151499
leaf_count=211 834 12 26 49 146 251 345 104 55 1864 17 35 331 44 15 2461 38 41 75 284 176 5160 43 141 22 38 31 405 22 1989
internal_value=8.47263e-05 0.0115314 0.020849 -0.0169876 0.0250454 0.0268464 0.0152987 0.028854 -0.0307469 0.0298793 0.00193339 0.0313704 -0.0118536 0.031842 -0.0224542 -0.0335259 0.0323705 -0.0173155 0.00443627 -0.0272018 -0.0276743 -0.0321989 -0.0137868 0.0327913 0.0301489 0.0321351 -0.0063955 0.033207 -0.0220476 0.0340173
internal_weight=1358.42 990.631 746.68 243.951 694.18 671.05 82.6331 641.87 367.786 631.818 32.003 599.815 35.6635 595.886 29.2922 161.318 589.915 29.1801 12.1418 23.1306 17.3702 360.092 21.1136 583.93 342.384 329.833 8.92739 320.906 12.5512 315.713
internal_count=15265 9796 6583 3213 5749 5439 740 5072 5469 4926 297 4629 395 4594 346 2473 4550 367 116 310 193 5414 254 4512 2648 2485 53 2432 163 2394
is_linear=0
shrinkage=0.05


Tree=101
num_leaves=31
num_cat=0
split_feature=10 4 8 2 6 2 10 11 29 20 17 1 15 24 8 4 10 21 6 1 16 4 16 15 14 7 9 1 29 11
split_gain=315.164 232.345 14.3265 12.3688 10.6255 22.6652 7.65739 14.7969 7.21343 4.74848 4.43108 3.84187 3.35142 10.6054 2.69139 2.19043 5.43959 2.10199 1.96751 1.33965 1.22864 1.2204 0.444568 0.446773 2.93079 0.372218 0.677248 0.347296 1.37149 0.459135
threshold=0.37169821560382849 0.47519899904727941 -0.24416866898536679 0.1320496276021004 0.81101468205451976 -0.14055479317903516 0.40137711167335516 -0.21377491950988767 -1.4035562276840208 0.2369065806269646 -0.87774261832237233 0.6761603355407716 0.20413611829280856 0.28440190851688391 0.034115031361579902 0.85311031341552745 0.50306022167205822 0.1638678461313248 0.38807907700538641 0.47186809778213507 0.52280336618423473 0.42838838696479803 0.39094783365726476 0.26174925267696386 -0.28465770184993738 0.19623280316591266 0.31736229360103613 0.58633795380592357 0.34302943944931036 -0.20324586331844327
decision_type=8 10 2 10 2 10 8 10 8 10 8 10 8 8 2 8 8 8 2 10 10 10 8 8 10 2 10 10 10 10
left_child=1 2 21 9 8 -6 7 -2 10 25 -3 -9 13 -10 -13 27 18 -14 -17 -19 -7 -1 -21 24 -24 26 -4 -8 29 -29
right_child=6 4 3 -5 5 20 15 11 12 -11 -12 14 17 -15 -16 16 -18 19 -20 22 -22 -23 23 -25 -26 -27 -28 28 -30 -31
leaf_value=0.0057713488062763373 -0.035279300561757682 -0.026891472348429313 0.037167583935248792 -0.035981427686452586 -0.035576867723249007 0.046090158861624458 0.036557573811048162 0.037367624160994921 0.050901152877259062 -0.035359215839321327 0.049022727017691156 -0.037153160130660792 0.0055285808435611445 -0.034629018362613458 0.028404009845466312 -0.036648767673722292 0.036880640487668946 0.012406838343713325 0.013872671743828278 -0.0096683950790355765 0.012915711371428773 -0.037335078376600585 -0.035247986538508816 -0.034887403849371529 0.0085248798656630976 0.036438725502994734 0.0047072941771094182 0.025203324985517479 -0.0035421778556100482 0.035912634859415198
leaf_weight=2.0665298849344236 11.590420909225939 3.4890245646238327 4.1087058484554282 6.3312229551374903 27.007920935750008 12.86916443705559 333.24466852843761 29.31358464807272 4.8559317141771317 2.361540123820304 4.2804894670844078 3.2677845507860175 3.3152491450309745 14.29015774279833 3.0055209919810295 4.298299320042136 16.126120507717133 1.525384485721587 3.493297815322876 1.7959417551755925 3.5638905167579642 7.9916617870330811 25.171467766165737 580.85813483968377 4.5089641958475104 176.22367496043444 2.6389465853571892 12.12796764820814 2.5154482200741759 57.261894457042217
leaf_count=14 156 28 31 80 356 60 2772 223 20 30 16 28 25 187 15 37 129 11 17 22 24 95 345 8488 37 1430 18 91 17 463
internal_value=8.331e-05 -0.0174957 0.0296881 0.0327406 -0.0313395 -0.00740511 0.0329072 0.0137871 -0.0329538 0.0350882 0.0149322 0.0297677 -0.0335385 -0.0129364 -0.00574493 0.0350096 0.0203061 -0.0341776 -0.0139979 -0.034392 0.0388955 -0.0284785 -0.0345086 -0.0345817 -0.0285981 0.0359974 0.0244727 0.0358776 0.0327261 0.0340409
internal_weight=1365.5 889.254 201.722 191.664 687.532 43.441 476.245 47.1773 644.091 185.333 7.76951 35.5869 636.321 19.1461 6.27331 429.068 23.9177 617.175 7.7916 613.86 16.4331 10.0582 612.335 610.539 29.6804 182.971 6.74765 405.15 71.9053 69.3899
internal_count=15265 11317 1698 1589 9619 440 3948 422 9179 1509 44 266 9135 207 43 3526 183 8928 54 8903 84 109 8892 8870 382 1479 49 3343 571 554
is_linear=0
shrinkage=0.05


Tree=102
num_leaves=31
num_cat=0
split_feature=13 5 10 10 16 30 23 12 8 2 4 7 28 7 13 6 9 9 31 21 2 33 2 10 16 2 15 4 7 9
split_gain=316.493 94.0301 70.902 21.2949 23.5856 20.6708 7.33452 5.77251 5.54185 4.70934 3.90595 3.82208 3.59988 6.17539 13.7577 3.63634 4.56596 3.51849 3.11852 2.50833 2.25223 1.89637 1.89169 1.14593 1.00079 0.333064 0.248008 0.163397 0.138602 0.115861
threshold=0.6440052092075349 -0.32905659079551691 0.33097493648529058 0.27615544199943548 0.60090479254722606 0.17924896627664569 -0.57348901033401478 0.28564789891242987 0.53407454490661632 -0.35181166231632227 0.41408814489841467 0.27072356641292578 0.96254611015319835 0.30922719836235052 0.64096337556839 0.65527901053428661 0.62703621387481701 0.26301448047161108 0.82584387063980114 0.65908443927764904 0.27465043962001806 0.13182705640792849 0.30117020010948187 0.30053611099720007 0.64119571447372448 0.24428277462720874 0.26174925267696386 0.5677534043788911 0.31109739840030676 0.79012405872344982
decision_type=10 8 10 8 8 8 8 8 2 8 10 2 8 2 8 2 10 10 10 10 10 8 10 10 8 10 8 8 2 10
left_child=1 19 5 4 25 11 20 23 10 -5 -6 -2 -11 14 -14 16 -16 -4 -12 -1 -7 -9 28 -8 -23 -3 -26 -17 -15 -28
right_child=2 3 17 9 8 6 7 21 -10 12 18 -13 13 22 15 27 -18 -19 -20 -21 -22 24 -24 -25 26 -27 29 -29 -30 -31
leaf_value=0.036521934180323755 0.038521221028042632 -0.034996883483887763 0.012479640389123303 0.037137389197007584 -0.029273179953588198 -0.036248215404571432 0.0077600886048335808 -0.0061252898339515909 -0.035286642284903726 -0.034879957953962433 0.037483391654280176 -0.035341611597073837 -0.035038231014415118 -0.024100198525308546 -0.036577505057810857 0.041085948861163936 0.032560258303318011 -0.035025801860917763 -0.010919944035691666 -0.019637577648893362 0.029350786712062822 0.0047415150999602657 0.023815455000897639 -0.039821055385344029 0.021144236760824768 -0.0097737012597748467 0.036539271192298481 0.027934266077883463 -0.034988882554619516 0.026720534373077833
leaf_weight=61.957314029335976 2.0296375006437293 34.074061464518309 4.2823862954974166 2.4306913167238235 2.7920756340026847 4.698113277554512 2.3771538063883799 2.6576312109827995 3.8683583587408057 418.85863602533937 30.61327263712883 12.776432015001772 26.706386677920818 3.0343565866351119 5.0769510790705699 8.4931442141532862 4.5088638514280319 43.391502667218447 3.7334866151213637 2.0542066395282736 1.813534617424011 2.5106623023748398 1.4102474525570858 2.7056974209845066 2.6520147919654846 1.3610633760690678 473.55587849020958 3.271336942911149 79.297880567610264 3.0236458927392951
leaf_count=524 12 560 36 18 19 57 21 20 53 6871 226 188 410 33 57 43 17 673 31 18 14 13 7 27 18 12 4018 19 1257 23
internal_value=-0.000457628 -0.0230162 0.0275568 -0.0288869 -0.00415088 0.0329995 0.0347373 0.0354386 0.0216666 -0.0323057 0.0275988 -0.0252164 -0.0326122 -0.0254053 -0.0111182 0.0188025 -0.00405729 -0.0307585 0.032222 0.0347197 -0.0179785 0.0359948 -0.0336041 -0.0175683 0.0362272 -0.0340281 0.0363921 0.0374289 -0.0345876 0.036477
internal_weight=1252.02 693.542 558.474 629.531 76.4423 510.8 495.994 489.483 41.0072 553.088 37.1388 14.8061 550.658 131.799 48.0567 21.3503 9.58581 47.6739 34.3468 64.0115 6.51165 484.4 83.7425 5.08285 481.742 35.4351 479.232 11.7645 82.3322 476.58
internal_count=15295 10175 5120 9633 901 4411 4211 4140 329 8732 276 200 8714 1843 546 136 74 709 257 542 71 4092 1297 48 4072 572 4059 62 1290 4041
is_linear=0
shrinkage=0.05


Tree=103
num_leaves=31
num_cat=0
split_feature=17 2 8 8 14 18 24 35 9 29 5 14 35 13 2 16 0 21 8 9 18 6 17 14 3 28 0 11 29 15
split_gain=100.644 72.5862 52.1854 52.3484 48.5843 44.6007 23.7266 22.0531 20.033 18.5688 12.1025 9.08617 7.93423 9.5503 7.71916 12.2756 7.68919 7.06699 6.79903 6.50804 6.001 4.69043 4.68005 7.24969 6.60884 4.41163 4.18755 3.78416 3.74527 3.38519
threshold=-0.27622385323047632 -0.15655481815338132 -0.47083117067813868 0.5465783178806306 0.63333594799041759 0.4308146089315415 0.78291803598403942 -0.037914479151368134 0.77864637970924389 -0.31039135158061976 -0.32905659079551691 -0.60371661186218251 0.019463126547634605 0.48383776843547827 0.20262755453586581 0.60090479254722606 0.56473281979560863 0.56961992383003246 0.35429017245769506 0.6410479247570039 0.32022298872470861 0.47443968057632452 -0.3956324160099029 -0.50862315297126759 0.33562089502811437 0.60790213942527782 0.55850264430046093 -0.044149620458483689 0.19957312196493152 0.60712140798568737
decision_type=10 10 2 2 8 8 8 8 10 10 10 8 10 8 10 10 10 10 2 10 8 2 10 10 10 8 10 8 8 10
left_child=2 5 8 6 14 21 10 -6 20 11 -4 -8 22 -14 -3 -16 18 -5 25 26 -1 -2 -12 -24 -25 -9 27 -13 -7 -19
right_child=1 4 3 17 7 28 9 16 -10 -11 12 19 13 -15 15 -17 -18 29 -20 -21 -22 -23 23 24 -26 -27 -28 -29 -30 -31
leaf_value=0.033542057848802896 -0.031062233639977638 -0.033969832808802371 -0.034001655316005998 -0.035750797106424342 -0.026851923719452567 0.036594256564128867 0.037202541490220946 -0.028499994525887442 0.03530746193056427 0.030091149759983529 0.03559316285677868 0.00020985129735987765 -0.030106447435593622 0.033017420626787149 0.037146603496925411 -0.033905286565183879 -0.029760159201871424 -0.021767903965195338 -0.019872517640742438 0.027202288376798164 -0.032215396525495744 0.037032875877372938 0.036084916450879266 0.035258804783454584 -0.018504612101246553 0.036893117143237758 -0.035440989920889218 -0.034979799843746613 -0.034879149124749105 0.031403790431944134
leaf_weight=3.6252232007682341 2.5972415208816519 347.41999566927552 7.2184593975543967 44.521302454173565 32.866802748292685 1.9424115940928457 9.46158719062805 2.7091844603419295 13.939881097525356 48.606590248644352 308.55205587670207 27.494030177593231 11.243166875094177 12.829234380275009 10.161399066448213 15.13106571882963 6.308177061378955 5.463601812720297 6.6018631197512141 8.1563046425580961 80.797859687358141 96.015151768922806 31.135980945080519 8.7276442013680953 16.56467318162322 53.731076423078775 26.541724514216185 10.579485345631836 32.504162717610598 6.6207014471292496
leaf_count=29 36 5477 109 666 503 16 72 44 107 423 2529 300 179 109 83 235 87 76 75 66 1239 738 256 72 231 418 362 170 534 54
internal_value=0.000283011 -0.014509 0.0134683 0.0191456 -0.0236535 0.0181303 0.0240524 0.00688368 -0.0202226 0.00559104 0.0301479 -0.00889056 0.0313381 0.00353502 -0.0320283 -0.00535976 0.0228718 -0.0265466 0.0281383 -0.0148835 -0.0293917 0.0352394 0.0331719 0.0199322 4.75817e-05 0.0337542 -0.0201959 -0.00956829 -0.0308488 0.0073636
internal_weight=1290.07 607.989 682.08 583.717 474.93 133.059 527.111 102.217 98.363 130.84 396.271 82.2331 389.053 24.0724 372.712 25.2925 69.3503 56.6056 63.0421 72.7715 84.4231 98.6124 364.98 56.4283 25.2923 56.4403 64.6152 38.0735 34.4466 12.0843
internal_count=15295 8246 7049 5674 6922 1324 4878 1127 1375 1393 3485 970 3376 288 5795 318 624 796 537 898 1268 774 3088 559 303 462 832 470 550 130
is_linear=0
shrinkage=0.05


Tree=104
num_leaves=31
num_cat=0
split_feature=10 4 2 6 2 2 10 11 29 6 16 20 18 19 21 4 4 10 6 15 12 1 1 15 12 1 34 10 11 31
split_gain=290.598 215.359 13.7462 11.7505 24.3078 11.3026 7.50982 14.7017 6.83822 5.32652 5.04228 4.84326 4.12222 3.43106 2.14822 3.00145 2.08395 5.19134 4.60378 1.31891 9.21551 1.31069 0.778338 0.553486 0.465654 0.261892 1.03111 0.313925 0.225228 0.488818
threshold=0.37169821560382849 0.47519899904727941 -0.19397600740194318 0.80477467179298412 -0.1451584920287132 0.1320496276021004 0.40137711167335516 -0.19885873794555661 -1.4035562276840208 0.66059163212776195 0.53611567616462719 0.20289138704538348 0.16508317738771441 0.85552588105201732 0.1987651810050011 0.52697229385375988 0.79337790608406078 0.50306022167205822 0.41338542103767401 0.26174925267696386 0.29585236310958868 0.47186809778213507 0.69277250766754161 0.43102359771728521 0.64261016249656688 0.58633795380592357 0.68314826488494884 0.72009098529815685 0.81779608130455028 0.87591204047203075
decision_type=8 10 10 2 10 10 8 10 8 2 10 10 8 10 8 10 8 8 2 8 8 10 10 8 10 10 10 10 10 8
left_child=1 2 -1 8 -5 11 7 -2 9 -3 23 24 -10 22 15 -14 25 18 -18 20 -16 -21 -9 -6 -4 -8 27 -27 -23 -30
right_child=6 3 5 4 10 -7 16 13 12 -11 -12 -13 14 -15 19 -17 17 -19 -20 21 -22 28 -24 -25 -26 26 -28 -29 29 -31
leaf_value=-0.036473249130961366 -0.034136377491178323 0.043803537380193304 0.036299110974432558 -0.035438539043664584 0.039946098931139873 -0.035856087576103444 0.036334876203240045 0.037419084965023296 0.019009666119616186 -0.037587546274082201 -0.023508758326695259 -0.027454932517356201 0.030118685022567232 -0.02818803154842104 0.032610117021408758 -0.036211013627813593 -0.036621345314903464 0.03662593205713869 0.029017419134648836 0.012026456920158331 -0.035077811707129349 -0.03492887678935501 0.0097040451718641806 0.059535637243490952 0.0182083523402807 0.034853160438943778 0.00012478859763074987 0.016938492091813192 0.0025762590077538661 -0.034902908589645988
leaf_weight=7.5146878249943247 12.030131690204142 5.1339712142944318 169.03243202716112 31.069498188793659 11.670675940811634 5.8463569022715083 314.27975618094206 27.814983204007152 3.7289008423686045 3.3036795258522034 3.0859659016132346 3.0684201158583155 3.1372785940766326 2.3188047409057608 5.8651955425739288 3.7371263206005096 5.708030201494692 21.66500111669302 5.02137790620327 1.4959243535995472 35.248766086995602 535.83778621628881 2.7870783954858771 5.2178877443075224 3.6335090398788443 54.259792976081371 2.3322716802358618 2.5608052462339392 1.2720711715519417 2.7522546797990799
leaf_count=100 166 22 1448 433 67 79 2773 224 26 30 29 34 21 23 31 40 50 183 27 11 516 8345 14 16 28 461 16 22 17 43
internal_value=0.000160824 -0.0171903 0.0297941 -0.0308053 -0.00777283 0.0325366 0.0325573 0.0131661 -0.0327598 0.0119357 0.03526 0.0348119 -0.0333957 0.0304516 -0.0337272 -0.00594007 0.0347051 0.0225401 -0.00590231 -0.0340552 -0.0254217 -0.0347109 0.0348949 0.0459985 0.0359184 0.0357604 0.0327083 0.0340458 -0.0348404 -0.0230559
internal_weight=1292.43 841.652 189.095 652.557 51.044 181.581 450.778 44.951 601.513 8.43765 19.9745 175.734 593.075 32.9209 589.346 6.8744 405.827 32.3944 10.7294 582.472 41.114 541.358 30.6021 16.8886 172.666 373.433 59.1529 56.8206 539.862 4.02433
internal_count=15295 11336 1689 9647 545 1589 3959 427 9102 52 112 1510 9050 261 9024 61 3532 260 77 8963 547 8416 238 83 1476 3272 499 483 8405 60
is_linear=0
shrinkage=0.05


Tree=105
num_leaves=31
num_cat=0
split_feature=13 2 7 5 16 31 6 12 2 11 7 21 20 7 2 13 16 12 7 1 20 6 21 2 2 6 23 17 15 6
split_gain=286.205 88.7757 68.1047 19.6015 18.4929 12.064 22.964 9.39181 6.20014 5.77954 5.02581 4.76935 3.91648 3.61268 3.16148 1.672 2.17604 1.3977 5.24952 1.37388 1.37285 1.35953 1.05667 1.26131 0.912936 0.912876 0.773277 1.64182 0.542973 0.470236
threshold=0.6440052092075349 0.32005520164966589 0.31946767866611486 0.32716438174247747 0.80306494235992443 1.0226140022277834 0.69899210333824169 0.26609988510608679 -0.24681948870420453 -0.55704998970031727 0.3064503967761994 0.69649645686149608 -0.37043678760528559 0.3131252527236939 -0.28825013339519495 0.63234102725982677 0.63233521580696117 0.33281601965427404 0.28840471804142004 0.63609361648559581 0.63900381326675426 0.33885216712951666 0.59807351231575023 0.17588549852371219 -0.19397600740194318 0.5590558946132661 0.20356181263923648 0.080886449664831175 0.26174925267696386 0.640720695257187
decision_type=10 10 2 10 10 8 2 10 8 8 2 10 8 2 8 10 10 10 2 8 8 2 8 10 8 2 10 8 8 2
left_child=1 3 7 5 26 15 8 -2 -7 10 21 -3 14 -8 -9 -1 -17 18 -14 -6 -11 -10 23 -22 -24 -12 -4 -28 -19 -5
right_child=2 11 4 29 19 6 13 12 9 20 25 -13 17 -15 -16 16 -18 28 -20 -21 22 -23 24 -25 -26 -27 27 -29 -30 -31
leaf_value=-0.034325593018595293 -0.035075929614082395 0.036221391408649946 -0.034996202166403541 0.036636784978072913 0.036701166883069541 0.037444066537776315 0.035731468402116759 0.033301020612409714 0.040497706879923698 0.0055166262879265413 -0.034817677824421488 -0.030074022993513035 0.034955032637651498 -0.024491810143882228 -0.036876888520470712 -0.035069533630480584 0.0205761896921016 0.012866361589355875 -0.038118947620709859 -0.0048865010960733009 -0.035188518092366922 0.0011282371136468166 -0.0023819764467455933 0.019136617903001855 -0.034951033199169722 0.011348348119930884 0.025297684130613559 -0.035741579475393109 0.036065261068162331 0.01214724496358487
leaf_weight=418.48591355234385 4.8519496023654929 62.166090056300163 48.576103154569864 10.728521503508089 12.437317989766594 3.7584548704326153 20.333141732960943 3.0308697000145912 5.4105570465326327 2.3487436547875404 7.6314027234911901 2.8366792462766162 12.634323753416536 2.8377822339534751 3.4108746275305748 3.8746787756681433 3.2143729031085968 2.5369367524981525 3.051287878304719 2.3632531166076669 2.2017304003238669 3.6872791461646557 2.2013467885553837 2.0758282132446766 95.291753076016903 1.2455670461058614 1.7129133418202389 3.0871416591107845 434.93166258186102 2.3983755037188521
leaf_count=7252 74 550 810 89 103 26 136 17 30 28 128 34 101 36 35 62 26 19 23 18 35 29 28 21 1546 12 10 42 3919 19
internal_value=7.57279e-05 -0.022118 0.027274 -0.0282503 -0.0193918 -0.0296305 -0.0173873 0.0341241 -0.0258091 -0.0277563 -0.00157428 0.0333283 0.0348546 0.0283558 -0.00385787 -0.0339177 -0.00983822 0.0354049 0.0207401 0.0300607 -0.0322762 0.0245416 -0.0331485 -0.00882543 -0.0342156 -0.0283399 -0.0331044 -0.0139595 0.0359307 0.0321624
internal_weight=1185.35 652.728 532.625 587.725 68.1767 574.599 149.024 464.448 125.853 122.094 17.9748 65.0028 459.596 23.1709 6.44174 425.575 7.08905 453.154 15.6856 14.8006 104.119 9.09784 101.771 4.27756 97.4931 8.87697 53.3762 4.80006 437.469 13.1269
internal_count=15258 10087 5171 9503 983 9395 2055 4188 1883 1857 199 584 4114 172 52 7340 88 4062 124 121 1658 59 1630 56 1574 140 862 52 3938 108
is_linear=0
shrinkage=0.05


Tree=106
num_leaves=31
num_cat=0
split_feature=4 13 10 10 10 34 10 23 11 10 13 8 9 11 14 9 21 6 30 26 3 2 1 10 0 34 14 8 0 8
split_gain=163.576 91.6405 112.463 46.5582 29.0637 12.2104 10.5409 9.79508 7.4759 9.81456 7.35132 6.14531 6.03542 9.23887 5.20332 3.12163 3.03513 2.7743 16.3256 16.1706 4.4168 2.31197 11.8211 2.06361 3.52605 1.9241 1.88135 6.54018 1.41505 1.21238
threshold=0.50652417540550243 0.67454206943511974 0.40597115457057958 0.32801096141338354 0.27735257148742681 0.93526437878608715 0.37975467741489416 -0.32143673300743097 -0.59378764033317555 0.30951426923274999 0.63671869039535534 0.76579961180686962 0.47280906140804296 -0.044149620458483689 0.31389924883842474 0.26889637112617498 0.72023186087608349 0.74540376663208019 0.2588904350996018 -0.60168141126632679 0.45798864960670477 -0.17384706437587735 0.51931357383728038 0.39640861749649053 0.3838916569948197 0.56844016909599315 -0.58346134424209584 0.5465783178806306 0.5631292760372163 -0.57225766777992237
decision_type=8 10 8 10 10 10 10 8 10 10 8 2 10 8 10 10 10 2 8 8 10 10 10 10 8 8 8 2 8 2
left_child=5 2 4 7 10 21 15 -3 9 -6 -2 17 -4 -14 -8 -5 -12 23 20 -20 -19 22 -1 29 -25 -22 27 -23 -15 -10
right_child=1 3 12 6 8 -7 14 -9 11 -11 16 -13 13 28 -16 -17 -18 18 19 -21 25 26 -24 24 -26 -27 -28 -29 -30 -31
leaf_value=-0.033324581434437818 0.034420432279115371 0.033423288713743372 -0.034737224200104326 -0.0089318900768531745 -0.038385819651170203 0.026237843640565934 -0.034529801968418095 -0.034306125494680539 0.0097972968862702087 0.037607185443817581 -0.034988198490371734 -0.047603773640496783 0.046821853015625435 -0.034849864613007486 0.034121811150690538 0.03674893905574874 0.042242562697102248 -0.026219392531301094 0.03676123634058949 -0.042869491527231372 -0.0063213002156752678 0.050009693471286198 0.040351267225391972 0.040974396654902566 -0.032113126713650055 0.036502055388764533 -0.034340220196568808 -0.035348710587668399 0.019768579391703438 0.035821401231675896
leaf_weight=30.551542952656746 5.240477621555331 5.5370612293481827 81.477015037089586 4.1231457814574233 8.7313288897275942 9.294397257268427 10.659654419869183 148.62028849497437 4.5316846519708625 8.2759500220417959 23.350341390818361 2.3972712382674208 6.1755083724856377 10.463004224002361 3.7244134768843642 40.229694455862045 1.3454457223415364 2.9542464688420287 11.081101246178148 15.012728847563269 2.6786578372120866 2.987562157213687 6.6249779611825934 3.5901513546705237 3.0539895668625832 126.35147446393967 266.8820300064981 9.0173870213329774 1.3374386429786689 359.90319526940584
leaf_count=493 35 41 1422 38 93 69 154 2598 41 60 372 14 35 172 22 333 7 12 92 88 20 19 37 24 21 1074 4650 147 10 3065
internal_value=9.53654e-05 0.0111771 0.0201637 -0.0174403 0.0286074 -0.0302469 0.0204399 -0.0318734 0.0312254 -0.00140669 -0.0193669 0.0322695 -0.0289517 -0.00272844 -0.0167541 0.0325023 -0.0307806 0.0326314 0.0270845 -0.00905322 0.034229 -0.0319079 -0.0201953 0.0349943 0.0073796 0.035613 -0.0334692 -0.0141063 -0.0286595 0.0354978
internal_weight=1216.2 890.845 677.951 212.894 578.498 325.358 58.7369 154.157 548.562 17.0073 29.9363 531.555 99.453 17.976 14.3841 44.3528 24.6958 529.157 158.078 26.0938 131.984 316.064 37.1765 371.079 6.64414 129.03 278.887 12.0049 11.8004 364.435
internal_count=15258 9843 6657 3186 5018 5415 547 2639 4604 153 414 4451 1639 217 176 371 379 4437 1286 180 1106 5346 530 3151 45 1094 4816 166 182 3106
is_linear=0
shrinkage=0.05


Tree=107
num_leaves=31
num_cat=0
split_feature=10 4 8 2 34 6 2 10 0 11 2 26 15 24 19 7 4 10 6 27 0 11 4 7 9 2 21 17 16 13
split_gain=272.955 200.352 13.4405 10.9272 10.7973 15.4748 9.65291 6.72221 15.8106 4.54331 5.48768 4.03137 3.38158 10.2889 3.3487 2.85776 1.77406 4.39582 2.24358 1.54853 0.941666 0.762575 0.600051 0.409626 0.723567 0.332046 0.321526 0.255821 0.167089 1.38315
threshold=0.37169821560382849 0.47519899904727941 -0.24416866898536679 0.1320496276021004 0.79882878065109264 0.79185834527015697 -0.1451584920287132 0.40597115457057958 0.39959244430065161 0.81779608130455028 -0.038399212062358849 0.21650771796703341 0.22420193254947665 0.28791573643684393 0.86759629845619213 0.26128217577934271 0.85311031341552745 0.50306022167205822 0.39158622920513159 0.17746780812740329 0.75428903102874767 -0.18247191607952115 0.42838838696479803 0.19623280316591266 0.31736229360103613 0.1859388276934624 0.25012816488742834 0.11543596535921098 0.53944781422615062 0.54575568437576305
decision_type=8 10 2 10 8 2 10 8 10 10 10 10 8 8 10 2 8 8 2 8 10 8 10 2 10 10 10 10 8 10
left_child=1 2 22 11 5 15 -7 8 -2 12 -11 23 13 -6 21 -3 25 18 -18 -17 28 -10 -1 24 -4 -9 -8 -25 29 -14
right_child=7 4 3 -5 9 6 26 16 14 10 -12 -13 20 -15 -16 19 17 -19 -20 -21 -22 -23 -24 27 -26 -27 -28 -29 -30 -31
leaf_value=-0.0029888782544321519 -0.035315587071091455 0.035674576029547364 0.036831207354503744 -0.035469524743635343 0.03959604492902967 -0.036036201571881955 0.038610512061642718 0.035803661543328251 0.0071032345863258801 -0.034848284794938296 0.052181310134518877 -0.026432643037148824 -0.035280954648659373 -0.03524417938557433 -0.023104750363604327 0.019290972033079321 -0.036386589934894839 0.036430626102416951 0.021543019987349615 -0.034764991451558744 -0.0015527335679814428 0.037308640316100102 -0.037285209988240954 0.036003503226083401 0.00068665554246047724 0.017573602750675418 0.053654362038866421 0.019454375437379517 -0.034850265615346272 -0.0038301287788508132
leaf_weight=1.5455947294831256 11.804004967212675 1.5993706732988346 3.4111604541540137 5.8112489171326152 6.2921881824731827 4.9832518137991455 9.9737153798341733 345.84350126981735 2.2352992594242096 3.8480412885546684 3.4221751615405074 2.6899739764630786 25.595131091773517 16.999691743403677 2.6396892219781867 1.3786402493715297 3.9910691902041462 14.509557001292704 2.8757082968950272 33.966217547655106 2.160377785563468 32.047124080359936 7.2943862713873386 155.58555047959089 2.3306766599416733 2.516000695526599 5.5160027146339408 2.3707943297922602 493.81144557893276 4.0487749464809886
leaf_count=12 163 6 28 86 34 64 64 3210 20 63 16 30 381 259 27 9 37 130 16 513 20 264 97 1422 17 20 19 18 8167 46
internal_value=-0.000169605 -0.0173808 0.02884 0.0319267 -0.0310181 -0.0103752 0.0244943 0.0325135 0.0150568 -0.0331492 0.00611755 0.0342806 -0.0336693 -0.0150265 0.0311608 -0.0296984 0.034814 0.0208325 -0.0121265 -0.0326565 -0.0344954 0.0353392 -0.0312888 0.0352782 0.0221597 0.035672 0.0439677 0.0357551 -0.0346314 -0.0309854
internal_weight=1213.1 794.634 181.039 172.199 613.595 57.4172 20.473 418.462 48.7261 556.178 7.27022 166.388 548.908 23.2919 36.9221 36.9442 369.736 21.3763 6.86678 35.3449 525.616 34.2824 8.83998 163.698 5.74184 348.36 15.4897 157.956 523.455 29.6439
internal_count=15258 11371 1710 1601 9661 675 147 3887 474 8986 79 1515 8907 293 311 528 3413 183 53 522 8614 284 109 1485 45 3230 83 1440 8594 427
is_linear=0
shrinkage=0.05


Tree=108
num_leaves=31
num_cat=0
split_feature=13 2 10 10 16 30 12 23 8 31 6 10 16 21 7 2 12 16 0 1 16 2 19 10 3 15 2 1 16 13
split_gain=268.885 81.7575 63.2812 20.0668 21.0524 18.5969 6.04503 6.01159 4.94457 4.77412 16.2245 7.43555 5.44587 4.59842 4.0316 3.14707 2.95691 2.35564 2.15225 1.61665 0.940476 0.378417 0.359262 0.335868 1.06494 0.28636 0.146201 0.123525 0.0954658 0.0849149
threshold=0.6440052092075349 0.32005520164966589 0.32994285225868231 0.27615544199943548 0.60090479254722606 0.17924896627664569 0.28564789891242987 -0.39578923583030695 0.53407454490661632 1.0226140022277834 0.6969287395477296 0.29723152518272405 0.59012630581855785 0.70705190300941478 0.27072356641292578 0.40145154297351843 0.32639479637146002 0.81635466217994701 0.63666269183158886 0.43575842678546911 0.63854375481605541 0.25889322161674505 0.85097742080688488 0.32424445450305944 0.36775128543376928 0.26174925267696386 -0.21225172281265256 0.56148391962051403 0.64623767137527477 0.64096337556839
decision_type=10 10 10 8 8 8 10 8 2 8 2 8 8 10 2 10 8 10 10 10 8 10 10 10 8 8 8 10 8 10
left_child=1 3 5 4 21 14 22 15 16 29 11 12 -11 28 -2 -8 -6 -4 -12 -18 -9 -1 -7 25 -25 -22 -13 -20 -3 -5
right_child=2 13 17 9 8 6 7 20 -10 10 18 26 -14 -15 -16 -17 19 -19 27 -21 23 -23 -24 24 -26 -27 -28 -29 -30 -31
leaf_value=-0.034820179790799238 0.037753840993834137 0.025855419094032585 -0.034787148996233079 -0.034679526747239758 -0.018372372643812231 -0.039219328710094876 -0.035634534554419388 0.004671423818581529 -0.034999811765684515 -0.036060177348877391 -0.010640981802297028 -0.016545089398533965 0.034735566261364446 -0.035381969665755929 -0.035240511126002572 0.03676741679577479 0.0025019183112631924 0.0031582097208681529 0.04150330655203139 0.03623454957154381 0.018608709611698127 -0.0055808630873972614 -0.0091207679086120121 0.037059889813104263 -0.0031218064427020655 0.036104747151274812 -0.034855718053201201 0.030689979458707484 0.036177459242063358 -0.024247862536271064
leaf_weight=29.856830153614286 2.2463648095726958 2.3335507139563569 38.563304156064987 363.42500539496541 3.2197838909924039 2.3294989541172972 4.5525485016405582 2.43769093602896 3.5053301304578772 4.3716502711176854 2.9588063769042483 1.1033644899725912 7.1742080971598625 2.3633368834853163 11.979209266602991 2.2390488162636757 4.073996506631377 4.5753428861498824 6.8446076288819295 27.713462926447392 2.3516957536339778 1.1491537243127812 1.7260070405900476 5.8676310628652546 2.293466456234456 423.02095390856266 90.975283969193697 4.3004011139273643 55.903732351958752 1.9613459035754193
leaf_count=552 15 19 680 6726 27 25 61 13 55 75 34 17 36 32 192 18 29 35 38 229 17 10 19 47 15 4039 1609 29 527 20
internal_value=9.72496e-05 -0.0221423 0.0271471 -0.028188 -0.00307108 0.0325656 0.0343573 0.0349139 0.0216173 -0.0318022 -0.0230458 -0.0298936 0.00792992 0.0329893 -0.023714 -0.0117651 0.0272864 -0.0307626 0.027267 0.0319113 0.0356411 -0.0337365 -0.0264095 0.0358153 0.0257679 0.036008 -0.0346363 0.0373309 0.0357639 -0.0346235
internal_weight=1117.42 613.234 504.183 552.633 69.5186 461.044 446.819 442.763 38.5126 483.115 117.728 103.625 11.5459 60.6006 14.2256 6.7916 35.0072 43.1386 14.1038 31.7875 435.971 31.006 4.05551 433.534 8.1611 425.373 92.0786 11.145 58.2373 365.386
internal_count=15240 10064 5176 9486 902 4461 4254 4210 340 8584 1838 1737 111 578 207 79 285 715 101 258 4131 562 44 4118 62 4056 1626 67 546 6746
is_linear=0
shrinkage=0.05


Tree=109
num_leaves=31
num_cat=0
split_feature=4 10 16 10 8 2 8 14 11 11 9 11 7 24 6 14 27 30 6 15 10 15 6 2 14 2 1 0 14 7
split_gain=154.057 70.1941 87.9345 55.5461 37.9537 12.6449 11.4147 11.4119 9.87507 7.01825 5.92765 13.1378 5.42507 8.6784 5.12917 5.10792 3.56912 6.92976 12.0724 5.64715 4.67727 3.42016 2.91495 8.71823 2.10376 1.8457 9.37841 1.52892 1.28717 1.2807
threshold=0.50652417540550243 0.40957197546958929 0.67546117305755626 0.32994285225868231 -0.53145897388458241 -0.18567925691604611 0.66556361317634594 -0.56357410550117482 0.60257199406623851 -0.74694955348968495 0.47280906140804296 -0.044149620458483689 0.27668875455856329 0.64484503865242015 0.72091138362884533 -0.56357410550117482 0.24494961649179461 0.22225040942430499 0.73318585753440868 0.20413611829280856 0.30087624490261083 0.228391207754612 0.82478412985801708 -0.12440372630953787 -0.33235949277877802 -0.17384706437587735 0.51931357383728038 0.56775361299514782 -0.18299272656440732 0.30126607418060308
decision_type=8 8 10 10 2 10 2 8 10 10 10 8 2 8 2 8 10 8 2 8 10 8 2 10 8 10 10 8 10 2
left_child=7 2 4 15 5 -2 9 8 -1 -6 -3 -12 13 28 -5 -4 17 19 20 -14 -19 -17 -18 -24 -20 26 -9 -13 -11 -22
right_child=1 10 3 14 6 -7 -8 25 -10 12 11 27 16 -15 -16 21 22 18 24 -21 29 -23 23 -25 -26 -27 -28 -29 -30 -31
leaf_value=0.033415929194437553 -0.034471820909977934 -0.034714268880027106 0.025112386910573128 0.036019006890300735 -0.031604922561037342 0.036203674978722754 -0.033604395680322766 -0.033352665570376472 -0.034671948888683447 0.03747451621360276 0.048388208564233752 -0.034736129967918548 -0.043139442908015774 -0.029943572229669493 -0.036313240000016206 0.053293589996798368 0.036079921956022741 -0.023722241655821506 0.012109915540675576 0.035852142501010022 0.0017631690658111783 -0.033798796217331194 0.036401216042412192 -0.046213175914251337 -0.038734428978741395 -0.034321123944400199 0.038904870884642943 0.023668478715756863 -0.0033720461388362711 0.035018681137086269
leaf_weight=12.611332654953005 32.345029450953007 76.423644214868546 3.8981408439576626 44.76410273462534 4.4932196959853163 7.8682775199413291 7.0134567990899077 28.144609790295362 9.2173823937773687 12.977842539548872 7.5575459226965904 16.056987628340728 2.3209621384739876 9.2709443196654338 2.5928466692566863 1.1376028954982755 329.56067559123039 4.2743873037397853 2.4902604818344116 89.976122848689556 3.2022427879273883 124.03008203208447 12.027805157005789 4.3477794304490081 11.115501578897236 250.82822358980775 5.3430948182940474 1.2046101577579964 2.2653714492917052 30.181182749569416
leaf_count=98 576 1405 33 384 71 62 70 493 153 104 43 284 8 141 28 7 2998 36 23 811 27 2233 106 17 92 4626 32 9 21 249
internal_value=0.000206677 0.0112347 0.0165624 -0.0142575 0.0261735 -0.0206432 0.029756 -0.0301743 0.00466518 0.030613 -0.0278197 -0.00658968 0.0311569 0.00820319 0.0320587 -0.0312519 0.0323064 0.0256788 0.0109387 0.0338658 0.0255233 -0.0330072 0.0350568 0.0144668 -0.0294284 -0.0328491 -0.0218237 -0.0306603 0.0314041 0.0318287
internal_weight=1149.54 843.397 742.154 176.423 565.731 40.2133 525.518 306.145 21.8287 518.504 101.243 24.8191 514.011 24.5142 47.3569 129.066 489.497 143.561 51.2636 92.2971 37.6578 125.168 345.936 16.3756 13.6058 284.316 33.4877 17.2616 15.2432 33.3834
internal_count=15240 9838 8097 2685 5412 638 4774 5402 251 4704 1741 336 4633 266 412 2273 4367 1246 427 819 312 2240 3121 123 115 5151 525 293 125 276
is_linear=0
shrinkage=0.05


Tree=110
num_leaves=31
num_cat=0
split_feature=10 34 1 2 2 7 16 13 1 10 11 35 11 2 8 5 15 12 27 1 7 15 10 6 17 1 17 28 8 16
split_gain=252.555 109.455 42.7126 34.2539 13.5063 11.2568 9.39958 8.71808 6.8624 12.1088 8.89468 5.53532 4.69313 5.28837 4.37587 3.08612 2.76676 11.3185 2.04758 1.64263 1.50833 1.48149 1.33639 5.35961 3.18825 0.718725 0.623571 3.07688 0.429715 0.339342
threshold=0.37169821560382849 0.8023519515991212 0.45403732359409338 0.12630295753479007 -0.1709204167127609 0.38946869969367987 0.5207134783267976 0.50686559081077587 0.57945889234542858 0.40957197546958929 -0.035506220534443848 0.264868974685669 0.81779608130455028 -0.02399119175970554 -0.22542591392993924 -0.12621589004993436 0.22420193254947665 0.27732557058334356 0.25465992093086248 0.52270552515983593 0.33232958614826208 0.22420193254947665 0.50306022167205822 0.48309960961341863 0.092012047767639174 0.62494662404060375 -0.60740536451339711 0.74579012393951427 0.3279519677162171 0.48247499763965612
decision_type=8 8 10 10 10 2 8 10 8 8 8 10 10 10 2 8 8 8 10 8 2 8 8 2 8 10 8 8 2 8
left_child=1 3 14 4 20 6 7 29 -2 10 -10 21 16 -14 -3 -16 17 -8 -12 -9 -1 -6 23 24 -11 -25 27 -23 -24 -4
right_child=8 2 5 -5 11 -7 12 19 9 22 18 -13 13 -15 15 -17 -18 -19 -20 -21 -22 26 28 25 -26 -27 -28 -29 -30 -31
leaf_value=-0.036211327179808565 0.035882610319217766 -0.031813696665303696 -0.062639394628050821 -0.034975444953618963 -0.0070168486651352238 0.036316479709973315 0.052838753948865481 0.034418483168709983 -0.036697486827262552 0.033856096789529611 0.03843430248300312 -0.034882705241616435 -0.034753528963348025 0.052354297827771082 -0.031407915929580296 0.035662368132735094 -0.034248197410638698 -0.035149213832408731 -0.017953792820011732 -0.015768161182942619 0.018340888929984332 -0.035220772634962406 0.036128791327748884 0.013488167149161909 -0.040043323983126052 0.03662020787540745 0.036422883768390979 0.036795421193030579 0.013350803370391032 -0.035053842105954885
leaf_weight=8.293583005666731 292.11907736957073 2.9546997249126425 1.3399659357965017 24.940517321228981 2.0960187911987331 6.1646083369851103 4.6805470362305677 10.889181852340695 13.696340370923279 2.1125924885273006 7.452496103942396 2.9283260591328135 3.5662068240344524 3.4070171266794196 1.819652587175369 29.853307992219928 495.47769885510206 16.68061284720898 2.0535448342561722 1.9175532497465617 1.4955995008349408 1.8282214701175661 47.667231597006321 4.0116662457585361 4.7213163077831268 20.606972731649876 112.79286786541343 7.8583849221467981 2.1645930707454673 6.6357524804770947
leaf_count=111 2877 31 13 402 25 51 21 105 185 18 54 47 62 15 28 270 8612 268 22 24 17 26 459 34 42 183 1039 74 19 106
internal_value=-0.000302608 -0.0174119 -0.0274834 0.0189292 0.0287215 -0.0308699 -0.0316305 0.00134775 0.0319491 0.020952 -0.0109066 0.0330668 -0.0329389 0.0078061 0.0263803 0.0318091 -0.0334886 -0.0158697 0.0262531 0.026904 -0.0278768 0.0346641 0.030046 0.0219762 -0.0171985 0.0328508 0.0353774 0.0232033 0.0351394 -0.0396884
internal_weight=1144.23 747.62 585.387 162.234 137.293 550.759 544.595 20.7825 396.606 104.487 23.2024 127.504 523.812 6.97322 34.6277 31.673 516.839 21.3612 9.50604 12.8067 9.78918 124.575 81.2844 31.4525 6.83391 24.6186 122.479 9.68661 49.8318 7.97572
internal_count=15240 11347 9606 1741 1339 9277 9226 248 3893 1016 261 1211 8978 77 329 298 8901 289 76 129 128 1164 755 277 60 217 1139 100 478 119
is_linear=0
shrinkage=0.05


Tree=111
num_leaves=31
num_cat=0
split_feature=13 2 10 10 16 30 23 2 12 8 21 28 7 13 7 7 2 9 10 2 2 10 33 18 22 0 20 29 15 27
split_gain=250.471 76.3223 58.8345 17.9882 18.2039 16.9139 6.46899 5.37922 4.88339 4.73246 4.26905 3.9878 6.19605 12.3887 3.38148 3.02995 2.83216 2.82073 2.03308 2.41469 1.91835 1.28775 1.21074 0.619197 0.57692 0.567903 0.479093 0.31126 0.295014 0.185653
threshold=0.6440052092075349 0.32005520164966589 0.32994285225868231 0.27134813368320471 0.60090479254722606 0.17924896627664569 -0.44837617874145502 -0.35181166231632227 0.25645683705806738 0.46474252641201025 0.70705190300941478 0.96254611015319835 0.31109739840030676 0.64096337556839 0.27072356641292578 0.26553532481193548 0.40145154297351843 0.26301448047161108 0.3226954191923142 0.035974862053990371 0.30117020010948187 0.23206841200590136 0.1297177076339722 0.2570719718933106 0.78898757696151745 0.73183855414390575 0.29036998748779302 0.033782845363020904 0.26174925267696386 0.57612669467926036
decision_type=10 10 10 8 8 8 8 8 8 2 10 8 2 8 2 2 10 10 10 10 10 10 8 8 8 10 8 10 8 8
left_child=1 3 5 4 27 14 16 -5 -8 21 -3 -9 13 25 -2 -15 -7 -4 -17 -20 -14 -6 -10 -24 -25 -13 -23 -1 -26 -11
right_child=2 10 17 7 9 6 8 11 22 29 -12 12 20 15 -16 18 -18 -19 19 -21 -22 26 23 24 28 -27 -28 -29 -30 -31
leaf_value=-0.034533238339053522 0.037539791338621245 0.035622497176289812 0.0093478405530368937 0.036481758576564667 -0.0025699619619360551 -0.035807022070158484 -0.035102361834920853 -0.034613397795564715 -0.0015114006970337913 -0.01222311296354019 -0.035236220407791327 -0.034837923291599612 -0.034693620848977223 -0.032032272342734543 -0.035135830623621099 0.036536249923872492 0.036572756788871209 -0.034752780712799448 0.035010805235094505 -0.035943138785549382 0.02443911254718855 0.011493703826639024 0.014731026417467548 0.013104832653490323 0.017791559929027655 0.0012301324573365427 0.035253676102627626 -0.0063457171994043583 0.035916490072268423 -0.035366350594379911
leaf_weight=25.004119485616688 1.8771311342716206 54.489862263202667 4.0210469476878634 2.8887159526348114 2.7985072508454349 4.7091888636350632 2.480192933231594 347.25201949849725 2.2251549959182739 1.2595035694539536 2.2118977047502986 23.864108886569742 65.590211648494005 2.529057856649163 10.862723030149935 13.212663963437082 1.8955337852239607 36.894246816635132 2.3329428881406775 2.4671386703848839 1.4008457586169232 2.3303788676857931 3.566962756216526 2.8164127096533766 2.2578222602605829 1.1436637751758088 23.683972418308262 1.0193016678094853 397.5863186493516 2.7774704061448574
leaf_count=504 13 543 39 25 20 65 38 6844 18 15 32 430 1248 33 185 74 16 683 10 33 7 15 23 20 17 12 206 7 4013 42
internal_value=-0.000183559 -0.0222335 0.0268765 -0.0282229 -0.00219159 0.0323247 0.0340564 -0.0315352 0.0348454 0.0225546 0.0328583 -0.0319625 -0.0237831 -0.00955526 -0.0244276 0.019216 -0.0150343 -0.0304187 0.0264114 -0.001458 -0.0334571 0.0296583 0.0352701 0.0354716 0.0356553 -0.0331884 0.0331252 -0.0334292 0.0358141 -0.0281458
internal_weight=1049.45 578.256 471.193 521.555 58.8733 430.277 417.538 462.681 410.933 32.8498 56.7018 459.793 112.541 45.5496 12.7399 20.5418 6.60472 40.9153 18.0127 4.80008 66.9911 28.8129 408.453 406.228 402.661 25.0078 26.0144 26.0234 399.844 4.03697
internal_count=15230 10100 5130 9525 809 4408 4210 8716 4129 298 575 8691 1847 592 198 150 81 722 117 43 1255 241 4091 4073 4050 442 221 511 4030 57
is_linear=0
shrinkage=0.05


Tree=112
num_leaves=31
num_cat=0
split_feature=4 13 10 10 10 10 34 23 8 9 11 13 11 10 6 6 21 7 25 20 1 6 2 6 4 9 30 25 24 6
split_gain=145.395 80.8278 96.2994 38.4249 25.0224 9.55345 9.48902 8.13175 6.94266 6.77277 9.69514 6.58481 4.76276 7.58388 3.85649 3.24562 2.7437 2.41315 2.81853 2.35353 5.73744 2.23967 16.2088 1.96143 4.45619 3.25789 1.49928 1.41879 1.40929 11.2303
threshold=0.50652417540550243 0.67454206943511974 0.40597115457057958 0.32801096141338354 0.27735257148742681 0.37975467741489416 0.94507625699043285 -0.32143673300743097 0.66556361317634594 0.47280906140804296 -0.044149620458483689 0.63671869039535534 -0.59378764033317555 0.31587351858615881 0.50602737069129955 0.73691895604133617 0.72023186087608349 0.26998753845691686 0.85102763772010814 -0.58620506525039662 0.45785793662071234 0.80477467179298412 -0.14055479317903516 0.83567142486572277 0.49560140073299414 0.80333301424980175 0.15932574868202212 0.86045369505882274 0.19750226289033893 0.68645793199539196
decision_type=8 10 8 10 10 10 10 8 2 10 8 8 10 10 2 2 10 2 8 8 10 2 10 2 10 10 8 10 10 2
left_child=6 2 4 7 11 15 19 -3 12 -4 -11 -2 13 -6 -7 -5 -13 18 -14 20 -1 28 -23 25 -25 -21 -9 -22 29 -19
right_child=1 3 9 5 8 14 -8 26 -10 10 -12 16 17 -15 -16 -17 -18 21 -20 23 27 22 -24 24 -26 -27 -28 -29 -30 -31
leaf_value=-0.034901073579196092 0.029671640696148856 0.032643555280125594 -0.03455612155359241 0.035814776978370273 -0.038078341607160289 0.021302202652230765 0.029754615401012621 0.016490021375878714 -0.034152792178464418 0.049274025323523964 -0.029492640795962539 -0.034799901450251948 0.032858149537601369 0.037215783522280298 -0.035430112514221214 -0.012799662588574432 0.041585030157869129 0.035579821670106364 -0.036871407341861832 -0.034266141549510791 0.050648586127098431 0.035727650142645694 -0.040426888565496165 -0.034645178242896389 0.03864126920296846 0.0136102708162717 -0.034551613400644408 0.0023493759103692031 0.035492749297646717 -0.016730457673906764
leaf_weight=11.271329879760744 5.7562768608331707 4.7475107610225677 72.303805392235518 35.568269312381744 6.2467304989695531 4.4057472795248023 6.4469587430357924 1.4550115615129469 4.0511354841291896 6.3704250007867813 10.101449757814409 20.597660902887586 3.1163547188043585 7.1978757828474045 9.3583926409482938 3.800064902752637 1.2467646375298489 73.647690743207932 2.70893869176507 251.56312597170472 2.8981448560953131 41.009150743484497 8.4220844805240613 6.2351941280066949 3.1082232668995857 3.6042172238230696 128.40411446616054 3.1985577866435051 330.09740894287825 11.920986000448464
leaf_count=219 41 38 1432 334 71 29 55 8 32 39 177 369 28 58 154 33 7 671 28 4942 20 388 44 118 22 25 2555 21 3183 89
internal_value=0.000180256 0.0112412 0.0201376 -0.0174183 0.0284131 0.0185859 -0.0302235 -0.0316299 0.0310305 -0.0279644 0.00097002 -0.0179036 0.0315756 0.00223208 -0.0172707 0.0311222 -0.0304403 0.0324134 0.000431784 -0.0315953 -0.0137655 0.0328139 0.0227525 -0.032766 -0.0102654 -0.0335899 -0.0339797 0.025309 0.0340105 0.0282922
internal_weight=1080.86 792.534 604.795 187.739 516.019 53.1325 288.326 134.607 488.418 88.7757 16.4719 27.6007 484.367 13.4446 13.7641 39.3683 21.8444 470.923 5.82529 281.879 17.368 465.097 49.4312 264.511 9.34342 255.167 129.859 6.0967 415.666 85.5687
internal_count=15230 9808 6657 3151 5009 550 5422 2601 4592 1648 216 417 4560 129 183 367 376 4431 56 5367 260 4375 432 5107 140 4967 2563 41 3943 760
is_linear=0
shrinkage=0.05


Tree=113
num_leaves=31
num_cat=0
split_feature=10 4 8 2 6 2 29 1 10 11 23 9 11 24 27 21 4 14 10 9 6 12 24 4 8 4 7 27 11 28
split_gain=236.775 173.345 11.1662 10.2908 9.02881 18.0878 6.61887 6.01465 10.9514 7.10637 4.14383 4.07893 3.99128 3.28147 3.80095 1.75259 2.32389 1.63241 7.95034 2.72244 1.56297 1.3166 1.23883 0.740229 0.4361 0.373793 1.03333 0.363283 0.249303 0.549308
threshold=0.37169821560382849 0.47519899904727941 -0.24416866898536679 0.1320496276021004 0.80477467179298412 -0.1451584920287132 -1.4035562276840208 0.57718634605407726 0.40597115457057958 -0.044149620458483689 0.31350132822990423 0.68639570474624645 0.60257199406623851 0.19750226289033893 0.25979888439178472 0.1987651810050011 0.52521342039108287 0.46683330833911901 0.45343953371047979 0.68246796727180492 0.21498821675777438 0.65161287784576427 0.18055991083383563 0.42838838696479803 -0.21085171401500699 0.47942246496677404 0.26734267175197607 0.30044269561767584 0.81779608130455028 0.89293786883354198
decision_type=8 10 2 10 2 10 8 8 8 8 10 10 8 8 10 8 10 8 8 10 2 10 10 10 2 10 2 8 10 10
left_child=1 2 23 10 6 -6 12 -2 9 -9 21 -7 -3 14 -8 16 -15 -10 -19 20 -20 24 -11 -1 -4 26 -17 -13 -27 -30
right_child=7 4 3 -5 5 11 13 8 17 22 -12 27 -14 15 -16 25 -18 18 19 -21 -22 -23 -24 -25 -26 28 -28 -29 29 -31
leaf_value=-0.00018725930244857926 0.035745605205683477 -0.035747979561517255 0.019253417541000083 -0.03552377535431913 -0.035038074289028727 -0.021590433899579653 0.037193452979092871 -0.035982920949069894 0.036205344427843449 0.03859407454446942 -0.035230604324355846 0.038405652263716276 0.044234936747790166 0.027970457490425999 -0.035377868845093551 -0.034762390246916221 -0.035783319543125823 -0.052780829604192475 -0.0042310748934920308 -0.025990210587764379 0.035995363262477896 -0.0019498708580018129 -0.0081464782595855184 -0.03698752168019228 0.035876736217922263 -0.03434845535889048 0.018766015063665049 0.055519832289939092 -0.034624701788805501 0.008898313247698672
leaf_weight=1.7423744574189166 277.28234466910362 2.4017118215560913 4.0603253170847884 5.5579956881701937 24.595158472657204 2.8016622737050083 3.5366078168153763 12.027320045977829 43.010435007512569 5.4374145492911365 2.1438918262720099 8.2732965424656832 4.4492859318852425 2.6551187336444846 3.6834749765694141 3.2063478827476493 3.0961631126701832 3.2519953101873389 2.6316088959574726 2.1077671796083441 29.299597315490246 2.3981278985738745 1.9175792410969732 6.334090743213892 139.39073839783669 471.82879421114922 1.2542928718030451 4.9596405923366556 2.2493234835565086 1.0697517320513723
leaf_count=14 2899 27 32 88 414 31 23 183 428 39 31 57 21 21 52 56 39 24 26 19 292 21 21 96 1427 8763 12 16 42 16
internal_value=-2.03566e-06 -0.0171723 0.0282551 0.0312692 -0.0307676 -0.00810136 -0.0326116 0.0319588 0.0214253 -0.0123075 0.0337776 0.0332163 0.0161958 -0.0332904 0.000169688 -0.0337881 -0.00635095 0.0295673 0.0219112 0.0290471 0.0326801 0.034792 0.026408 -0.0290484 0.0354062 -0.0341172 -0.0197107 0.04482 -0.0342524 -0.0205971
internal_weight=1078.65 701.688 161.628 153.551 540.061 40.6298 499.431 376.966 99.6837 19.3823 147.993 16.0346 6.851 492.58 7.22008 485.36 5.75128 80.3014 37.291 34.039 31.9312 145.849 7.35499 8.07647 143.451 479.609 4.46064 13.2329 475.148 3.31908
internal_count=15230 11299 1709 1599 9590 518 9072 3931 1032 243 1511 104 48 9024 75 8949 60 789 361 337 318 1480 60 110 1459 8889 68 73 8821 58
is_linear=0
shrinkage=0.05


Tree=114
num_leaves=31
num_cat=0
split_feature=13 5 7 5 16 30 6 21 12 7 9 9 30 20 5 33 7 4 13 7 32 23 16 11 8 15 32 1 16 8
split_gain=234.852 71.0697 54.448 15.215 14.5734 8.83399 17.3128 8.6034 7.53663 5.94124 8.92497 3.94481 3.18022 2.20391 2.77507 1.72731 1.61534 1.28759 1.13939 2.85057 1.76613 1.05148 2.29525 1.00619 4.0556 0.782146 0.701566 0.5472 0.472991 0.457267
threshold=0.6440052092075349 -0.30616976320743555 0.31946767866611486 0.32716438174247747 0.80306494235992443 inf 0.69899210333824169 0.69649645686149608 0.26609988510608679 0.2772969007492066 0.33879350125789648 0.58242198824882518 0.16192629188299182 -0.3773400336503982 0.28521226346492773 0.11342095956206323 0.3412527740001679 0.5202421545982362 0.61932373046875011 0.29135587811470037 -0.14817116409540174 0.20356181263923648 0.76460880041122448 -0.57969689369201649 0.33287940919399267 0.25815042853355413 -0.25563919544219965 0.63084572553634655 0.64119571447372448 0.10965851321816446
decision_type=10 8 2 10 10 8 2 10 8 2 10 10 8 8 10 10 2 8 10 2 10 10 10 10 2 8 10 10 8 2
left_child=1 7 8 5 21 18 9 -1 -2 10 -7 29 15 14 -14 -10 -6 -12 -3 20 -20 -4 -23 24 -11 -15 -5 28 -27 -8
right_child=2 3 4 26 16 6 11 -9 12 23 17 -13 13 25 -16 -17 -18 -19 19 -21 -22 22 -24 -25 -26 27 -28 -29 -30 -31
leaf_value=0.03583987371714633 -0.034767691577478908 -0.034268077177219171 -0.03473700055436351 0.036080150685699829 0.035785938439393282 -0.034089802308051073 0.038416834500994972 -0.032151052606782839 -0.035479066023972938 -0.035046003462219442 0.037037394822029668 -0.030015501176796522 -0.036810773893214445 0.005213097357561286 0.037565342502612314 0.031329000543646866 -0.012639795486945727 -0.00520991415435401 -0.028804705002181619 -0.03451840007215539 0.038148246293025843 -0.035675251238103015 0.038937675637525787 -0.034627630643962112 0.04765078214808454 0.012749912854773563 0.0038191550196199965 0.0081992113214648561 0.035536608326343269 0.013450354134206019
leaf_weight=53.408198673278093 4.0056241452693939 342.48153466545045 40.159774359315634 8.8473118692636472 10.878875225782393 11.765163522213699 14.119506403803831 5.096746649593114 2.5088550038635731 6.5811722315847856 8.8342166766524279 2.7079170234501353 2.4192345514893532 2.1784753873944283 2.6041455715894699 1.574806712567806 2.0459292605519286 2.2661606371402749 1.5322005003690717 9.955917011946438 2.7578188702464095 2.9123937897384158 1.595318019390106 70.796551696956158 1.9136850982904432 2.2915103286504759 2.0817275047302237 1.8587772622704495 368.61367481201887 2.1077615320682517
leaf_count=555 73 7158 802 86 102 208 104 87 35 120 71 37 26 18 16 12 19 28 26 205 20 45 9 1399 7 12 17 17 3971 23
internal_value=-0.00021848 -0.0221625 0.0267287 -0.0283965 -0.0186372 -0.0297307 -0.0180619 0.0299167 0.0334615 -0.0262014 -0.00374722 0.0258512 0.0341732 0.0346449 0.00174618 -0.00971547 0.0281204 0.0284125 -0.0336918 -0.0198366 0.0142357 -0.0321669 -0.00926909 -0.0326766 -0.0164164 0.0350856 0.0299352 0.0352602 0.0353958 0.0351739
internal_weight=992.901 547.254 445.647 488.749 57.5923 477.82 121.092 58.5049 388.055 102.157 22.8655 18.9352 384.049 379.966 5.02338 4.08366 12.9248 11.1004 356.727 14.2459 4.29002 44.6675 4.50771 79.2914 8.49486 374.942 10.929 372.764 370.905 16.2273
internal_count=15308 10151 5157 9509 977 9406 1997 642 4180 1833 307 164 4107 4060 42 47 121 99 7409 251 46 856 54 1526 127 4018 103 4000 3983 127
is_linear=0
shrinkage=0.05


Tree=115
num_leaves=31
num_cat=0
split_feature=4 13 10 7 10 24 14 11 19 9 11 11 8 20 14 10 22 27 12 11 7 8 10 7 22 4 30 17 0 13
split_gain=136.473 75.4226 90.7899 37.4304 23.7152 13.1629 9.9445 8.42121 6.21851 5.78119 9.72298 5.39276 5.11894 4.88224 4.50993 4.28318 3.67579 2.52096 5.1214 9.97561 6.33708 4.84453 2.2836 2.25156 1.98562 1.28289 4.58877 1.23904 1.21481 1.13546
threshold=0.50652417540550243 0.67534381151199352 0.40597115457057958 0.3150466531515122 0.27867548167705541 0.18666049838066104 -0.56357410550117482 0.60257199406623851 0.80677989125251781 0.47280906140804296 -0.044149620458483689 -0.66163748502731312 0.76579961180686962 -0.427682414650917 0.5140109956264497 0.31881941854953771 0.80399349331855785 0.24494961649179461 0.70579499006271373 -0.0060822472441941491 0.33907961845397955 -0.0052561576012521974 0.30394305288791662 0.26235349476337438 0.7075515389442445 0.50300881266593944 0.21738685667514804 -0.35064098238945002 0.73183855414390575 0.56992086768150341
decision_type=8 10 8 2 10 10 8 10 8 10 8 10 2 8 10 10 8 10 8 10 2 2 10 2 8 10 10 8 10 8
left_child=6 2 4 -3 8 13 7 29 -2 -4 -11 15 17 -5 27 -6 -10 18 20 22 24 -22 -20 -19 -13 -8 -27 -15 -25 -1
right_child=1 3 9 5 11 -7 25 -9 16 10 -12 12 -14 14 -16 -17 -18 23 19 -21 21 -23 -24 28 -26 26 -28 -29 -30 -31
leaf_value=0.040139040519577424 0.03319970253075611 -0.034005837180310659 -0.034480735788876851 0.035861221362771326 -0.036354668603541619 0.03493155372328257 -0.03380740993050723 -0.033211574741052789 0.044988323047859317 0.053395488981772189 -0.030649303123459579 -0.0058407306907309955 -0.045928311713959259 -0.0025213397790148904 0.040504096277573981 0.037791765845072746 -0.034224454200816844 -0.01920342060189538 -0.012949950234977746 -0.037446944788119517 0.036131808440038424 -0.046206915739441322 0.0359670117364988 0.03481944170547719 0.035904711744346077 0.022937894579331111 -0.03469607811317052 -0.035126729343343585 0.0012120569232518549 0.00023428433639048976
leaf_weight=9.0736573338508606 4.9859280847013023 116.1947772167623 68.347792334854603 4.4892479181289673 5.2764543741941434 34.171469550579786 234.51780780777335 8.6735305152833444 1.576560035347941 5.4085268676280975 9.4609457701444608 2.9413523748517028 2.1229783892631522 3.5434358529746532 2.6149565726518622 3.0873711183667183 20.61110395565629 1.9606738910078991 2.8498439341783586 8.7235902547836286 2.9732773005962372 4.4752853997051707 14.653406523168085 322.03544452041388 90.24977783113718 4.6326809115707901 13.570266138762234 16.395671352744113 2.7115621715784064 2.218473620712758
leaf_count=79 43 2453 1440 46 78 331 4851 165 8 35 179 19 14 34 15 22 380 18 13 73 28 27 129 3268 905 46 285 292 14 18
internal_value=0.000170464 0.0111603 0.0199609 -0.0173361 0.0281423 0.0143055 -0.0301311 0.0038399 -0.0172574 -0.0283338 -7.9388e-05 0.0308007 0.0315309 -0.0117572 -0.0212354 -0.00898471 -0.0285959 0.0318934 0.0259116 0.00623263 0.03104 -0.0133394 0.0280025 0.0342163 0.0345871 -0.0328149 -0.0200281 -0.0293323 0.0345388 0.0322993
internal_weight=1024.55 751.861 574.452 177.41 491.235 61.2148 272.686 19.9657 27.1736 83.2173 14.8695 464.061 455.697 27.0433 22.5541 8.36383 22.1877 453.574 126.867 26.2268 100.64 7.44856 17.5033 326.708 93.1911 252.721 18.2029 19.9391 324.747 11.2921
internal_count=15308 9864 6693 3171 5039 718 5444 262 431 1654 214 4608 4508 387 341 100 388 4494 1194 215 979 55 142 3300 924 5182 331 326 3282 97
is_linear=0
shrinkage=0.05


Tree=116
num_leaves=31
num_cat=0
split_feature=34 7 1 2 4 2 16 4 6 7 29 9 6 27 35 16 15 18 1 29 19 6 11 2 0 7 16 7 15 12
split_gain=194.47 91.2141 44.0004 33.3494 14.4414 12.6927 8.77449 7.28738 7.22307 5.79941 4.70939 4.09356 3.62875 3.13132 9.54342 4.66884 2.78735 6.72722 2.38704 2.0899 1.71877 5.11703 1.57452 1.64444 1.12959 1.04928 0.920849 0.719041 0.535196 3.8053
threshold=0.79507181048393261 0.37362469732761389 0.44365638494491583 0.15910609066486361 0.70665037631988536 -0.1709204167127609 0.5207134783267976 0.48923254013061529 0.2187352925539017 0.35006345808506018 -1.4035562276840208 0.80805265903472911 0.71336951851844799 0.70599848031997692 -0.25667348504066462 0.62033009529113781 0.20413611829280856 0.26075486838817602 0.6761603355407716 0.35709108412265783 0.81555575132370006 0.77349829673767101 -0.35998103022575373 -0.066299784928560243 0.75428903102874767 0.33232958614826208 0.46668364107608801 0.32883311808109289 0.26174925267696386 0.29081995785236364
decision_type=8 2 10 10 10 10 8 10 2 2 8 10 2 10 8 10 8 10 10 10 10 2 8 8 10 2 10 2 8 8
left_child=3 2 22 5 6 27 7 -4 18 -6 12 19 -8 16 15 -15 17 -12 -3 -10 -7 -22 -2 -24 28 -5 -9 -1 29 -18
right_child=1 8 4 25 9 20 10 26 11 -11 13 -13 -14 14 -16 -17 24 -19 -20 -21 21 -23 23 -25 -26 -27 -28 -29 -30 -31
leaf_value=-0.035530668037436687 -0.0122135636167189 0.035707347676037983 0.031192709158863647 -0.035307979550157936 0.035408182622319082 0.035264883598764479 0.040893223553844879 0.0072002038992223091 0.033751327898338845 -0.029519125338131821 0.041718923919455718 -0.031691152660026041 -0.037140723818459113 -0.03472690095808572 -0.033702153439442321 0.035484158768750843 0.017807264150370615 -0.034745830302047927 -0.03540051690123841 -0.014675488876579268 -0.032787238662508177 0.035970109452547396 -0.012130022308463452 0.036363665628279682 0.0014114404261966276 0.016235781340175677 -0.035037601428098017 0.0043206737787621916 -0.033900234557303836 -0.034711920491307925
leaf_weight=6.7338169515132886 1.996098145842552 1.4828745946288098 10.71414075791836 19.408975750207905 12.36461014673114 322.0824554823339 4.0178457722067833 1.5286428034305561 90.279527854174376 4.764594290405511 4.2678143158555022 2.5475420691072932 2.3677728325128555 3.1510453298687926 30.041226275265217 9.5252029523253423 4.0865219384431875 8.8228795975446683 5.7826168388128281 2.284256048500537 3.7282774895429602 9.8681912794709188 1.8556312806904314 30.191287502646446 2.3381876051425925 1.0402939952909935 8.2798149511218053 1.3606055937707422 392.43859459459782 22.10818633437157
leaf_count=105 30 16 113 355 116 3542 20 15 972 65 25 25 27 59 597 101 29 159 85 26 61 99 18 300 23 13 144 18 7741 409
internal_value=4.13927e-05 -0.0161994 -0.0242005 0.0293478 -0.0278003 0.0330379 -0.0293357 0.00268508 0.0271647 0.0173482 -0.0306958 0.0308354 0.0119584 -0.0312671 -0.0183505 0.0180312 -0.0325382 -0.00981687 -0.0208875 0.0325563 0.0345298 0.0171162 0.030872 0.0335557 -0.0332448 -0.0326858 -0.0284549 -0.028832 -0.0334384 -0.0265186
internal_weight=1021.46 657.237 554.86 364.223 520.817 343.773 503.688 20.5226 102.377 17.1292 483.165 95.1113 6.38562 476.78 42.7175 12.6762 434.062 13.0907 7.26549 92.5638 335.679 13.5965 34.043 32.0469 420.971 20.4493 9.80846 8.09442 418.633 26.1947
internal_count=15308 11115 9991 4193 9643 3825 9462 272 1124 181 9190 1023 47 9143 757 160 8386 184 101 998 3702 160 348 318 8202 368 159 123 8179 438
is_linear=0
shrinkage=0.05


Tree=117
num_leaves=31
num_cat=0
split_feature=13 5 7 30 7 27 16 30 1 4 1 20 2 12 18 2 21 13 7 1 9 3 8 23 12 15 11 12 29 4
split_gain=217.026 66.595 50.355 14.0075 17.473 14.9173 13.5824 7.48752 5.10528 4.28961 3.44509 2.40265 2.39564 2.14839 2.13453 1.8393 1.77362 1.60616 2.52715 1.44522 1.43648 1.41334 1.04125 0.751643 1.4687 0.689161 0.372273 0.3587 0.75066 0.350705
threshold=0.6440052092075349 -0.32905659079551691 0.31946767866611486 inf 0.31109739840030676 0.54342117905616771 0.80306494235992443 0.18791685253381732 0.39353185892105108 0.61959975957870495 0.51681360602378856 -0.3773400336503982 -0.35181166231632227 0.26935879886150366 0.53443464636802684 -0.19397600740194318 0.6811276674270631 0.62846896052360546 0.29135587811470037 0.63609361648559581 0.74581754207611095 0.36115907132625585 0.4999475777149201 0.20356181263923648 0.49170236289501196 0.25815042853355413 0.62709626555442821 0.31697973608970648 0.74836155772209179 0.63537898659706127
decision_type=10 8 2 8 2 10 10 8 10 10 10 8 10 8 8 8 10 10 2 8 10 10 2 10 10 8 10 10 10 10
left_child=1 16 7 12 5 8 23 10 -5 20 -2 15 -3 -13 -7 -9 -1 -14 -19 -8 21 -10 -6 -4 -25 -15 -23 28 -27 -29
right_child=2 3 6 4 22 14 19 11 9 -11 -12 13 17 25 -16 -17 -18 18 -20 -21 -22 26 -24 24 -26 27 -28 29 -30 -31
leaf_value=0.03560586584401098 0.037007996291400842 0.036044288337908993 -0.034662898422021138 -0.035132124075242764 -0.034545281728471759 0.034284608579304203 0.036001364888938452 0.02912637631156393 0.00035070144145760927 -0.034842005782817417 -0.035313497749391375 -0.022572641634991175 -0.034006645259531648 0.0061116090849937348 -0.035041608977419397 -0.036240862950672241 -0.016697696570585008 0.017595184785812765 -0.035255282369438812 -0.010484924061945898 -0.009560212341352849 0.035814858438011882 0.00044111479186978832 -0.035599771506648031 0.027487283955386889 0.035993436063179472 0.015138139708959501 0.03549511548747554 -0.0014450850915960168 0.013701160025320878
leaf_weight=46.759231083095074 2.311122961342333 1.2456929832696904 37.32747270539403 3.8902698568999758 58.008874993771315 1.17628563567996 9.8947885707020724 2.2003320902585983 3.3510978296399108 2.8216160982847205 5.7274786457419395 1.6281302236020581 325.95089879445732 2.0529238134622578 19.797686379402879 2.1063137128949165 1.679029032588004 3.9204168990254384 5.3466876484453678 2.0119138583540925 2.2795740142464629 31.565967969596386 2.2075937241315833 2.4289599433541293 1.4875540845096109 3.8394469022750846 2.3381473533809176 340.6454746350646 2.0557871237397194 1.8559659123420704
leaf_count=530 18 12 791 65 1244 11 101 14 33 52 95 23 7216 17 403 27 18 38 105 17 30 261 29 40 10 39 28 3897 14 18
internal_value=-0.000187009 -0.0219938 0.0265687 -0.0278188 -0.0137013 0.00382188 -0.0188959 0.0331997 0.0196841 0.0247187 -0.0145208 0.0342761 -0.0331659 0.0347301 -0.0311536 -0.00284373 0.0337929 -0.0334231 -0.0128971 0.0281464 0.0289696 0.0313272 -0.0332626 -0.0324765 -0.0116383 0.0349963 0.0343889 0.0351665 0.0229379 0.035377
internal_weight=929.913 512.339 417.574 463.901 127.437 67.2206 53.1507 364.423 46.2467 42.3564 8.0386 356.384 336.464 352.078 20.974 4.30665 48.4383 335.218 9.2671 11.9067 39.5348 37.2552 60.2165 41.244 3.91651 350.45 33.9041 348.397 5.89523 342.501
internal_count=15196 10075 5121 9527 2156 883 959 4162 469 404 113 4049 7371 4008 414 41 548 7359 143 118 352 322 1273 841 50 3985 289 3968 53 3915
is_linear=0
shrinkage=0.05


Tree=118
num_leaves=31
num_cat=0
split_feature=4 13 10 10 10 14 10 11 23 13 9 2 16 8 14 11 16 6 7 16 33 2 1 2 27 12 6 10 15 30
split_gain=126.299 69.7417 83.6887 35.5495 20.7278 8.49444 8.10758 7.88221 7.59302 6.27592 5.7112 8.4625 4.89693 4.84314 3.95175 3.63452 2.88027 2.78151 2.745 2.40473 5.12746 1.91771 8.50992 1.68552 1.65934 5.05469 9.03555 3.66749 2.18616 0.957946
threshold=0.50652417540550243 0.67454206943511974 0.40597115457057958 0.32905268669128424 0.27867548167705541 -0.56357410550117482 0.38288959860801702 0.60257199406623851 -0.32143673300743097 0.63671869039535534 0.47280906140804296 -0.077950708568096147 0.77364090085029613 0.76579961180686962 0.19693709909915927 -0.83441051840782154 0.64623767137527477 0.73691895604133617 0.26334941387176519 0.45455262064933782 0.32725234329700476 -0.17384706437587735 0.51931357383728038 -0.12722302228212354 0.24494961649179461 0.70579499006271373 0.67411673069000255 0.31762912869453436 0.20413611829280856 0.15932574868202212
decision_type=8 10 8 10 10 8 10 10 8 8 10 8 10 2 8 10 8 2 2 8 8 10 10 8 10 8 2 10 8 8
left_child=5 2 4 8 9 7 17 -1 -3 -2 -4 -12 13 15 -8 -6 -11 -5 -17 20 23 22 -7 -20 25 28 27 -27 -21 -10
right_child=1 3 10 6 12 21 14 -9 29 16 11 -13 -14 -15 -16 18 -18 -19 19 24 -22 -23 -24 -25 -26 26 -28 -29 -30 -31
leaf_value=0.033089577484777775 0.028154736946454907 0.032139944311871983 -0.034407580163512239 0.035861316976253353 -0.03444723025411555 -0.032833069741667144 -0.035202691578000087 -0.033132834516640994 0.0086106127886553183 0.046076615578020862 -0.030509754136702507 0.04708634304854975 -0.024640940139600609 -0.045728742703866516 0.032525258637182905 -0.02337865974970782 -0.034609566154703474 -0.01111893790165612 0.010290935800241548 -0.0059005870239186263 0.03184428582432576 -0.03400798548733458 0.039638893096500101 -0.043138493357682162 0.035061821806914521 -0.027059901008780824 -0.036830003548190153 0.036655324832969065 0.035070786424109983 -0.03440501295902948
leaf_weight=9.9346500635147112 6.1863339468836811 4.5203304961323738 63.361578762531281 32.55254265666008 2.0765246860682955 22.958677608519796 8.229819539934395 8.204155530780552 1.3091088756918905 1.1777289882302255 8.8811314478516561 5.8137593343853942 3.9655889384448519 2.0375091284513465 2.9171577617526046 2.2370157539844504 18.17273976653815 3.4881788529455653 2.4096958041191101 3.3807669058442116 14.475561559200289 208.99904262647033 4.9184238761663428 3.8098749145865476 286.08278616517782 2.6329556405544343 7.7085018604993811 15.881167516112326 88.093315839767456 114.26378652080894
leaf_count=91 49 41 1420 342 45 478 149 161 8 6 178 38 42 14 20 21 367 32 18 20 152 4630 31 26 3084 15 66 146 930 2576
internal_value=0.000317965 0.0112164 0.0199782 -0.016983 0.0280958 -0.0298397 0.0197882 0.00313728 -0.0314313 -0.0156836 -0.0278943 0.000189694 0.0306671 0.0311762 -0.0174783 0.0315417 -0.0296988 0.0313144 0.0318628 0.0321539 0.0155307 -0.0323649 -0.0200467 -0.0224379 0.0330059 0.0280087 0.0086558 0.0275942 0.0335565 -0.0339178
internal_weight=960.68 705.665 538.385 167.281 460.328 255.015 47.1877 18.1388 120.093 25.5368 78.0565 14.6949 434.791 430.826 11.147 428.788 19.3505 36.0407 426.712 424.475 20.6951 236.876 27.8771 6.21957 403.779 117.697 26.2226 18.5141 91.4741 115.573
internal_count=15196 9805 6637 3168 5001 5391 543 252 2625 422 1636 216 4579 4537 169 4523 373 374 4478 4457 196 5139 509 44 4261 1177 227 161 950 2584
is_linear=0
shrinkage=0.05


Tree=119
num_leaves=31
num_cat=0
split_feature=10 34 1 2 2 16 13 1 10 14 35 8 29 12 3 5 14 10 9 24 10 31 9 6 10 6 25 35 2 1
split_gain=204.146 89.0727 33.5155 28.7817 12.1976 8.28621 7.76005 5.55412 10.3819 4.39896 4.2507 4.23611 4.05388 2.53517 15.7025 2.43475 1.50621 6.55663 3.16817 1.45114 1.38965 1.31316 3.09008 1.28436 3.81408 1.22129 0.90413 0.36915 0.261617 0.257806
threshold=0.37169821560382849 0.80586796998977672 0.45403732359409338 0.12630295753479007 -0.1709204167127609 0.5207134783267976 0.50686559081077587 0.57718634605407726 0.40597115457057958 -0.092879746109247194 0.27997159957885748 -0.22542591392993924 -1.4035562276840208 0.29585236310958868 0.50165191292762767 -0.11788285523653029 0.46683330833911901 0.45343953371047979 0.68246796727180492 0.46631842851638799 0.31428502500057226 0.92552077770233165 0.57292553782463085 0.81297564506530773 0.313709706068039 0.2187352925539017 0.8368034064769746 -0.69015339016914357 -0.15655481815338132 0.53480717539787304
decision_type=8 8 10 10 10 8 10 8 8 8 10 2 8 8 10 10 8 8 10 10 10 10 10 2 8 2 10 8 8 10
left_child=1 3 11 4 20 6 27 -2 9 19 21 -3 -7 14 29 -13 -10 -18 25 -9 -1 28 -23 -15 -25 -19 -8 -4 -6 -14
right_child=7 2 5 -5 10 12 26 8 16 -11 -12 15 13 23 -16 -17 17 18 -20 -21 -22 22 -24 24 -26 -27 -28 -29 -30 -31
leaf_value=-0.035796089946530621 0.035431206783006784 -0.034868374644139062 -0.067260008786817191 -0.034746225523839797 0.017992750641719939 0.012057049707727651 0.033590824665001164 0.03693002295307346 0.035878738355258108 -0.034032687551394263 -0.034656108874517574 -0.027662259709222755 0.033400342005982339 -0.034195053660775479 -0.03428895759191368 0.035061434629219387 -0.052726063399280654 -0.00098658553041376228 -0.033943116001295341 -0.018786399500565532 0.01867675682355124 -0.03484181445727471 0.036330186610894731 -0.03335131855000583 0.029097461147437893 0.035681237728396861 -0.0047719409696649409 -0.034965813821647304 0.035858014303358547 0.051858973315060286
leaf_weight=7.7570508569478971 245.12745770066977 2.6791748404502895 1.0471306331455705 21.68678293377161 2.0931263230741024 5.2078679837286472 9.6972975991666299 3.9770612940192223 37.534370519220829 10.703329868614675 2.3015690334141246 1.6507078222930491 3.3306780457496634 372.67907143756747 38.54033126309514 24.661038212478157 2.7478739321231833 2.4970398806035581 1.9276981502771366 1.6549471020698545 1.3789353147149084 2.2711607664823523 4.6424684077501297 10.270323142409321 3.2089600786566743 25.06928313523531 1.8248835839331139 5.7115994319319752 97.670578803867102 4.3781437389552593
leaf_count=125 2884 31 14 418 24 39 110 35 420 178 43 29 25 7845 778 262 21 27 18 20 17 39 47 198 33 280 26 107 1082 21
internal_value=-0.000137626 -0.0169631 -0.0271009 0.018199 0.0279201 -0.0304158 0.00256504 0.0315938 0.02067 -0.0152112 0.0325724 0.0250275 -0.0317936 -0.0323217 -0.0212591 0.0311264 0.0290702 0.021144 0.0280263 0.0205579 -0.0275743 0.0340228 0.0129498 -0.0336467 -0.0184844 0.0323598 0.0275149 -0.0399692 0.0354832 0.0438837
internal_weight=955.928 624.689 484.887 139.802 118.115 455.896 18.2809 331.239 86.1116 16.3353 108.979 28.9909 437.615 432.408 46.2492 26.3117 69.7763 32.2419 29.494 5.63201 9.13599 106.677 6.91363 386.158 13.4793 27.5663 11.5222 6.75873 99.7637 7.70882
internal_count=15196 11313 9518 1795 1377 9196 257 3883 999 233 1235 322 8939 8900 824 291 766 346 325 55 142 1192 86 8076 231 307 136 121 1106 46
is_linear=0
shrinkage=0.05


Tree=120
num_leaves=31
num_cat=0
split_feature=13 2 10 10 16 30 28 7 13 4 23 12 9 21 7 8 1 17 2 2 10 34 4 9 10 10 15 11 18 6
split_gain=202.014 62.7585 49.6673 16.1784 15.02 13.4933 4.65441 6.66821 11.2064 4.13982 4.13291 3.88645 3.40813 3.1811 3.01805 2.69962 2.58915 2.16335 2.14799 1.71837 1.54444 1.15161 0.63309 0.572977 0.52061 0.318122 0.330295 0.301329 0.241218 0.18641
threshold=0.6440052092075349 0.32005520164966589 0.32801096141338354 0.27134813368320471 0.60090479254722606 0.17924896627664569 0.96254611015319835 0.31109739840030676 0.64096337556839 0.41408814489841467 -0.48498241603374476 0.28327733278274542 0.26301448047161108 0.69649645686149608 0.27072356641292578 0.46474252641201025 0.4679811298847199 -0.36912022531032557 0.40145154297351843 0.30117020010948187 0.3226954191923142 0.82051005959510814 0.47100174427032476 0.6410479247570039 0.30218259990215307 0.32502411305904394 0.26174925267696386 -0.16370816528797147 0.39022132754325872 0.8029293715953828
decision_type=10 10 10 10 8 8 8 2 8 10 8 10 10 10 2 2 10 8 10 10 10 8 10 8 10 10 8 8 8 2
left_child=1 3 5 4 27 14 -5 8 22 -6 18 24 17 -3 -2 28 -10 -4 -7 -9 23 -13 -8 -18 -12 26 -23 -1 -11 -28
right_child=2 13 12 6 9 10 7 19 16 15 11 21 -14 -15 -16 -17 20 -19 -20 -21 -22 25 -24 -25 -26 -27 29 -29 -30 -31
leaf_value=-0.0051656853801043479 0.036911236314753092 0.035504131129744203 -0.035327694272786529 -0.034406848936367015 -0.02956078125228593 -0.035571582104113882 0.00094107649501239544 -0.034482104666520512 -0.035240057510744695 0.019488199350172739 0.00035042400344975595 -0.0060941300863893589 -0.034592399392447903 -0.028472511387456746 -0.034825490933775828 -0.019617223452331883 0.036838365681933792 0.036744443599286192 0.035864560489836168 0.023834467584840233 -0.0037659816405480532 0.014745420020844278 -0.034617303830910724 0.012618686493389923 -0.03914285675912807 0.019907798593398557 0.035485224065602783 -0.034319729232333611 0.036815607174037937 0.022151280999664472
leaf_weight=0.92737638577818871 1.7512679323554028 45.352193132042885 1.6022544428706167 291.06230129860342 3.3407580852508572 3.2394806854426861 1.3356981761753584 54.65049540437758 1.9806990884244466 2.2273044958710653 1.6750262528657907 1.7050233185291315 32.389435257762671 2.0299801416695109 9.0061510652303678 2.5016240477561942 12.120681695640087 2.9734053313732138 1.558564558625221 1.2930875718593586 3.7784231379628173 1.9510137662291538 19.919330224394798 3.058086335659028 1.6628634221851823 3.4099809378385535 328.09537209570408 20.012993846088651 20.450156129896648 2.6422592401504508
leaf_count=7 14 542 25 6901 43 53 21 1244 34 18 22 15 708 31 185 38 88 25 16 7 35 16 427 17 21 30 3983 486 205 24
internal_value=-0.000340429 -0.0219039 0.0262832 -0.0278088 -0.000872829 0.0320005 -0.0312319 -0.0218153 -0.00680756 0.0227372 0.0337154 0.0343635 -0.0288861 0.0327632 -0.023147 0.0296761 0.019155 0.011507 -0.0123667 -0.0331342 0.0248384 0.034894 -0.0323828 0.0319588 -0.0193243 0.035102 0.0352577 -0.0330286 0.0351138 0.0353787
internal_weight=879.703 486.041 393.662 438.659 49.4602 356.697 389.199 98.1365 42.1929 28.5198 345.94 341.142 36.9651 47.3822 10.7574 25.1791 20.9379 4.57566 4.79805 55.9436 18.9572 337.804 21.255 15.1788 3.33789 336.099 332.689 20.9404 22.6775 330.738
internal_count=15281 10144 5137 9571 797 4379 8774 1873 622 304 4180 4111 758 573 199 261 174 50 69 1251 140 4068 448 105 43 4053 4023 493 223 4007
is_linear=0
shrinkage=0.05


Tree=121
num_leaves=31
num_cat=0
split_feature=4 13 10 10 11 14 10 10 11 23 9 2 7 14 19 10 13 30 11 6 2 27 15 13 0 2 1 3 10 25
split_gain=118.746 64.3643 78.6098 32.9436 18.0992 8.56687 8.45422 8.14297 7.19875 6.50944 5.40903 7.75595 4.62142 4.46496 4.20988 3.1881 2.61873 2.40591 2.34136 2.28916 10.0448 2.00131 3.74986 4.27849 7.45461 1.83269 7.94053 1.12746 0.939527 0.821956
threshold=0.50652417540550243 0.67246571183204662 0.40597115457057958 0.32801096141338354 -0.62615704536437977 -0.58346134424209584 0.31587351858615881 0.37975467741489416 0.60257199406623851 -0.32143673300743097 0.47280906140804296 -0.077950708568096147 0.27198259532451635 0.19693709909915927 0.81374546885490429 0.27134813368320471 0.81317561864852916 0.17924896627664569 0.81779608130455028 0.82478412985801708 -0.1451584920287132 0.24152303487062457 0.20413611829280856 0.47632229328155523 0.62452632188797008 -0.17384706437587735 0.51931357383728038 0.60157340764999401 0.30122585594654089 0.88411998748779308
decision_type=8 10 10 10 10 8 10 10 10 8 10 8 2 8 8 10 10 8 8 2 10 10 8 10 10 10 10 8 10 8
left_child=5 2 4 9 6 8 -2 16 29 -3 -4 -12 14 -9 -6 -14 -5 -11 19 21 -21 22 -17 24 28 26 -7 -26 -24 -1
right_child=1 3 10 7 12 25 -8 13 -10 17 11 -13 15 -15 -16 18 -18 -19 -20 20 -22 -23 23 -25 27 -27 -28 -29 -30 -31
leaf_value=0.040261084036159356 -0.035616647045017179 0.031380218954013273 -0.034331811508889108 0.034702135830428922 0.032892219016932775 -0.032649375809680491 0.036957717129615923 -0.034068239518917645 -0.032838430069114889 0.018244660769270723 -0.029630769483612446 0.046340851805622661 -0.026414088340543974 0.032662270032512528 -0.026868590561282182 -0.026990988257181492 -0.025444679024618739 -0.034324416354970938 -0.032242259503416117 0.035740990447333372 -0.037334513253800578 0.034906400977217776 0.0020241758565088747 0.034749113012622145 -0.037337686050818178 -0.033907116578744845 0.039011482609049436 0.0058251693404299783 0.035156089171391645 0.0037536116501192453
leaf_weight=7.7163401320576677 15.765184149146082 4.0383775010704994 59.863150406628847 32.550097286701202 5.2933835089206669 21.703358046710495 5.382942482829093 9.0943773575127089 7.3038960061967364 2.2215313464403152 8.5890077352523786 5.517636150121688 2.3882355056703082 3.4606056287884721 6.6482373662292966 3.1595860868692398 1.9162286743521679 107.38196286559105 1.4342483468353737 18.337515525519851 6.324470665305852 276.35849882289767 2.5208281166851583 69.839242041110992 6.5446635335683796 198.35850203409791 4.703419752418994 1.9678453952074058 14.152984239161013 1.9267738386988646
leaf_count=76 311 39 1431 356 52 483 47 169 150 14 180 38 40 26 88 14 24 2585 10 205 40 3164 14 781 60 4674 31 17 144 18
internal_value=0.000372052 0.0111999 0.0198924 -0.0163981 0.0279761 -0.0296751 -0.0171439 0.0188 0.00460566 -0.0309619 -0.0277683 8.45737e-05 0.0302756 -0.0156749 -0.00037831 0.0311839 0.0313581 -0.0332589 0.0315272 0.0317563 0.0170011 0.0327279 0.0265961 0.0283778 0.0107108 -0.0322598 -0.0198856 -0.0273597 0.030147 0.0329666
internal_weight=912.463 670.751 510.088 160.663 436.118 241.712 21.1481 47.0213 16.947 113.642 73.9698 14.1066 414.97 12.555 11.9416 403.028 34.4663 109.603 400.64 399.206 24.662 374.544 98.1851 95.0256 25.1863 224.765 26.4068 8.51251 16.6738 9.64311
internal_count=15281 9849 6636 3213 4987 5432 358 575 244 2638 1649 218 4629 195 140 4489 380 2599 4449 4439 245 4194 1030 1016 235 5188 514 77 158 94
is_linear=0
shrinkage=0.05


Tree=122
num_leaves=31
num_cat=0
split_feature=10 4 8 2 34 21 2 1 10 11 20 29 15 12 14 7 14 10 9 0 24 0 24 0 7 9 15 21 17 15
split_gain=192.336 138.874 9.23227 8.42423 8.27197 9.79906 8.68456 5.07295 9.05019 6.09445 4.53735 3.79035 3.54174 9.40164 2.26764 2.05439 1.41368 6.42586 2.17077 1.28043 1.06033 0.89473 0.739245 0.534644 0.514591 0.814331 0.324536 1.99165 0.224292 0.181694
threshold=0.37169821560382849 0.47519899904727941 -0.24416866898536679 0.1320496276021004 0.79882878065109264 0.42830340564250952 -0.1451584920287132 0.57510215044021618 0.40597115457057958 -0.035506220534443848 0.20289138704538348 -1.4035562276840208 0.22420193254947665 0.29585236310958868 -0.83437624573707569 0.25018163025379186 0.46683330833911901 0.45343953371047979 0.6756117343902589 0.20543968677520755 0.46631842851638799 0.75428903102874767 0.50120699405670177 0.59611305594444286 0.19623280316591266 0.31736229360103613 0.26174925267696386 0.1074349880218506 0.11543596535921098 0.41413684189319616
decision_type=10 10 2 8 8 8 10 8 10 8 10 8 8 10 10 2 8 10 10 8 10 10 8 10 2 10 8 10 10 8
left_child=1 2 22 10 5 6 -3 -2 9 -9 24 14 13 -13 -6 -7 -10 -18 19 -19 -11 26 -1 -8 25 -4 27 -14 -26 -25
right_child=7 4 3 -5 11 15 23 8 16 20 -12 12 21 -15 -16 -17 17 18 -20 -21 -22 -23 -24 29 28 -27 -28 -29 -30 -31
leaf_value=0.0051811793846999752 0.035313193203959418 -0.035645923709805856 0.035874045084561247 -0.035259513240954665 -0.02219794510749501 0.031874886299651371 0.021663604980933889 -0.035684645000578358 0.035697326961705508 0.037659979830834404 -0.028122196000329464 0.043770940473046235 0.012510318455729655 -0.034511365539923969 0.043909736573266939 -0.033546167198104618 -0.050384364781566354 -0.0015005454035229319 -0.022601347646686479 0.035507151985749434 -0.008752384014385094 0.00019825391907359976 -0.036668711013673104 0.038424289033632653 0.035472284979079137 -0.0069437026083433249 -0.034380618317681064 -0.034625860815558851 0.018229146827676013 0.05226764215526334
leaf_weight=1.3000101372599591 229.95997462421656 5.6988026574254063 2.6734757870435706 4.684163309633731 2.6534279584884644 1.2623191028833414 3.8957776650786391 10.323324806988238 37.303422458469868 4.8982298374176052 2.9592246860265723 5.4334684461355236 2.6503477357327965 13.041038326919077 2.5379883348941803 24.313494799658656 2.8426690548658362 2.5816217958927217 1.9501213580369938 24.696370057761669 1.643477529287338 1.9146204330027092 5.6037606708705425 6.5757672563195211 114.59815256297588 1.8993246257305143 367.61844219267368 14.510246537625788 1.9174688532948483 3.7061802968382835
leaf_count=13 2877 93 29 86 29 5 37 182 445 42 41 28 29 273 12 495 23 29 19 295 19 19 96 47 1406 16 8272 293 18 13
internal_value=-4.40776e-05 -0.0168733 0.0275415 0.0305624 -0.0300898 -0.00985094 0.0164838 0.0314348 0.0210931 -0.0117581 0.0330479 -0.0323315 -0.0328754 -0.011488 0.0101209 -0.0303172 0.0290793 0.0213815 0.0283613 0.0320047 0.0259998 -0.0338972 -0.0287882 0.0374375 0.0345428 0.0180896 -0.0340669 -0.027346 0.0351885 0.0434142
internal_weight=907.647 591.448 135.636 128.732 455.812 45.4523 19.8765 316.199 86.2392 16.865 124.048 410.36 405.168 18.4745 5.19142 25.5758 69.3742 32.0708 29.2281 27.278 6.54171 386.694 6.90377 14.1777 121.088 4.5728 384.779 17.1606 116.516 10.2819
internal_count=15281 11350 1705 1596 9645 690 190 3931 1054 243 1510 8955 8914 301 41 500 811 366 343 324 61 8613 109 97 1469 45 8594 322 1424 60
is_linear=0
shrinkage=0.05


Tree=123
num_leaves=31
num_cat=0
split_feature=13 5 10 10 16 30 21 12 20 4 31 1 2 2 16 28 13 10 6 16 6 26 32 2 10 19 11 15 11 35
split_gain=190.442 58.3358 44.4118 13.9822 15.1391 12.8981 6.24875 3.76015 3.81137 3.43633 3.45449 3.40482 3.14989 2.91992 2.4099 2.39454 3.30867 10.3127 2.63418 1.85931 1.51268 0.838349 0.481542 0.424341 0.421162 0.691485 0.349703 0.338737 0.0666443 0.0653015
threshold=0.6440052092075349 -0.30616976320743555 0.32994285225868231 0.27615544199943548 0.61002835631370556 0.18791685253381732 0.69649645686149608 0.28327733278274542 -0.3773400336503982 0.41408814489841467 0.8349682390689851 0.51681360602378856 -0.35181166231632227 -0.19397600740194318 0.81635466217994701 1.0081844925880434 0.64096337556839 0.32690635323524481 0.75256043672561657 0.62421062588691723 0.62668016552925121 -0.17031202465295789 -0.042134338989853852 0.26886835694313055 0.32502411305904394 0.95577469468116771 0.62709626555442821 0.26174925267696386 0.40141937136650091 -0.20761832594871518
decision_type=10 8 10 8 8 8 10 10 8 10 10 10 8 10 10 8 8 8 2 8 2 10 10 10 10 10 10 8 8 8
left_child=1 6 5 4 23 11 -1 22 13 -6 26 -2 -5 -9 -4 -14 -17 20 -19 -10 -18 -12 -7 -3 27 -26 -11 -21 -22 -8
right_child=2 3 14 12 9 7 29 8 19 10 21 -13 15 -15 -16 16 17 18 -20 24 28 -23 -24 -25 25 -27 -28 -29 -30 -31
leaf_value=0.035317120133988043 0.032136759981288163 -0.034459307216582954 -0.034394249077446162 0.03588014019410319 -0.036268849945208959 -0.037208995900022912 -0.018908643966904101 0.039309289631787786 -0.018454582106019243 0.035473361676183784 -0.037212739568414858 -0.034915035217639438 -0.034328738918350254 -0.035529026030002152 0.0098803259416304842 -0.034447071478797248 -0.001702325189970324 -0.034508609687506568 0.039540758019740462 0.014040402214366216 0.037983269144074482 0.013699242399426041 0.0022510374088827367 0.0015462157180305648 -0.0012920029372978426 0.036534467420580606 0.012851354046680875 0.03526459893306734 0.02815107473837497 -0.034596936021281027
leaf_weight=44.404520787298679 2.3996953777968875 23.094970684498552 28.934667188674212 1.7157655060291288 2.404227331280711 1.8504456356167795 0.85210993513464928 2.0975305661559105 1.6407065540552164 20.32612423598767 2.3207620121538644 8.9713568277657014 268.40285425446928 3.4423376843333244 3.4387478232383719 42.189424484968185 4.1299558356404296 27.104181965813044 1.2566843219101418 1.8913121595978748 6.0781336575746527 1.2409436106681813 1.3280003964900959 0.84836697205901046 2.1043866202235213 2.8369290977716446 1.8651069737970818 312.18899139016867 2.4055665023624888 2.9935707002878185
leaf_count=553 22 584 696 18 28 29 17 14 9 219 31 192 6789 56 31 1007 23 642 6 16 44 15 13 8 18 27 25 4032 22 62
internal_value=-0.00018614 -0.0219501 0.0262737 -0.0281359 -0.00395544 0.0315907 0.0300218 0.0333982 0.0339255 0.0208986 0.0262356 -0.0207647 -0.031702 -0.0071934 -0.0296913 -0.0320318 -0.0246186 -0.0144988 -0.0312274 0.0346359 0.0231143 -0.0194744 -0.020722 -0.0331835 0.0349089 0.0204251 0.033572 0.0351368 0.0351953 -0.0311208
internal_weight=826.758 453.633 373.125 405.383 52.1005 340.752 48.2502 329.381 326.202 28.1572 25.7529 11.3711 353.283 5.53987 32.3734 351.567 83.1639 40.9745 28.3609 320.662 12.6137 3.56171 3.17845 23.9433 319.022 4.94132 22.1912 314.08 8.4837 3.84568
internal_count=15248 10093 5155 9461 910 4428 632 4214 4172 318 290 214 8551 70 727 8533 1744 737 648 4102 89 46 42 592 4093 45 244 4048 66 79
is_linear=0
shrinkage=0.05


Tree=124
num_leaves=31
num_cat=0
split_feature=4 13 10 10 10 14 11 24 23 12 9 11 16 2 6 7 8 16 3 5 16 7 12 2 1 28 3 6 13 24
split_gain=109.881 60.2508 73.4863 30.4906 17.8977 8.00986 6.55322 6.43541 5.773 5.21918 4.81709 7.11801 4.32713 4.20673 3.0145 2.68771 2.59541 2.32618 5.62721 2.93886 2.08267 1.88327 1.94259 1.84559 7.41998 1.43238 3.96238 7.95603 1.35142 1.2513
threshold=0.50652417540550243 0.67454206943511974 0.40597115457057958 0.32801096141338354 0.27802504599094396 -0.58346134424209584 0.60257199406623851 0.18666049838066104 -0.32143673300743097 0.33098408579826361 0.47280906140804296 -0.035506220534443848 0.56156820058822643 0.36603349447250372 0.70377770066261303 0.49995398521423345 0.66556361317634594 0.46299192309379583 0.48048996925354009 0.14006254822015765 0.77364090085029613 0.26998753845691686 0.51864090561866771 -0.17384706437587735 0.51931357383728038 0.54665467143058788 0.54780623316764843 0.68645793199539196 0.56992086768150341 0.41427482664585119
decision_type=8 10 8 10 10 8 10 10 8 8 10 10 8 10 2 2 2 8 10 10 10 2 8 10 10 10 10 2 8 10
left_child=5 2 4 8 9 6 28 14 -3 -2 -4 -12 -11 16 15 -5 17 18 -6 -20 21 22 -19 24 -7 26 27 -23 -1 -28
right_child=1 3 10 7 13 23 -8 -9 -10 12 11 -13 -14 -15 -16 -17 -18 20 19 -21 -22 25 -24 -25 -26 -27 29 -29 -30 -31
leaf_value=0.039941444079758512 0.037970368761080973 0.03078143011621436 -0.034272170839847842 0.023472165314746156 0.035377862829754317 -0.032502952004515931 -0.032633755773362104 0.033903193186825879 -0.033624276771249427 0.040851122740707291 0.049604490694354519 -0.028360813815600627 -0.034490125486107921 -0.034341412504028501 -0.035355563465414262 -0.034681368296021954 -0.025570961819371896 0.027905251070211197 -0.039929981899887182 0.028783412854736241 -0.0084025123652779858 0.030707925854939474 -0.035909687139851161 -0.034026659287357736 0.037190416181806622 0.034374599876068973 0.034677925212219567 -0.031202676586214624 -0.0082371613430474912 -0.0062991606254310696
leaf_weight=7.7270086035132417 3.8262173160910606 3.6024745553731918 56.709383964538574 8.296583045274021 11.943377390503889 20.719554662704471 7.0879986546933642 26.371561203151941 101.76357078552246 2.1474134624004364 4.5838208869099608 8.1017202883958799 16.937227986752994 2.5114708878099909 5.6865199096500865 2.612520493566989 2.046850010752677 2.8707896471023551 5.3211570866405955 2.1992238685488701 3.1947916671633712 14.878999184817078 2.039965782314539 185.67320180125535 4.6821079850196829 267.86287898570299 60.997613199055195 7.9683584906160823 1.7933477982878692 1.9217168688774098
leaf_count=80 33 35 1444 86 147 489 155 306 2577 17 35 176 373 60 102 63 17 29 40 20 25 143 27 4672 33 3231 732 67 17 17
internal_value=8.02117e-05 0.0108927 0.0195305 -0.0169461 0.0276086 -0.0296667 0.00376604 0.0185528 -0.0314222 -0.0153272 -0.0280416 -0.000188662 -0.0260127 0.0301586 -0.00583992 0.00954551 0.0305813 0.0308828 0.0140445 -0.0198358 0.0317888 0.0321469 0.00139603 -0.0322973 -0.0196569 0.032574 0.0269503 0.00911568 0.030866 0.0334264
internal_weight=854.079 626.396 478.063 148.333 408.668 227.683 16.6084 42.9672 105.366 22.9109 69.3949 12.6855 19.0846 385.757 16.5956 10.9091 383.246 381.199 19.4638 7.52038 361.735 358.54 4.91076 211.075 25.4017 353.63 85.7667 22.8474 9.52036 62.9193
internal_count=15248 9802 6633 3169 4978 5446 252 557 2612 423 1655 211 390 4555 251 149 4495 4478 207 60 4271 4246 56 5194 522 4190 959 210 97 749
is_linear=0
shrinkage=0.05


Tree=125
num_leaves=31
num_cat=0
split_feature=10 4 34 6 2 11 2 10 14 23 11 2 15 12 1 12 4 2 9 16 6 17 11 15 22 10 12 6 31 27
split_gain=178.868 133.077 8.74417 10.2728 8.70648 7.63337 6.36612 4.05507 11.944 4.01837 2.89583 3.00217 2.99261 9.25932 2.5733 1.31735 1.26941 1.2104 2.42106 1.157 0.67128 0.384935 0.319145 0.258187 1.7589 0.225696 2.20398 2.89352 0.192004 0.173258
threshold=0.37538909912109381 0.47519899904727941 0.78035432100296032 0.79185834527015697 -0.19397600740194318 -0.28255958855152125 -0.1451584920287132 0.40957197546958929 0.12617230415344241 0.31350132822990423 0.81779608130455028 -0.02399119175970554 0.22420193254947665 0.29585236310958868 0.56217584013938915 0.65161287784576427 0.50652417540550243 0.21611873805522921 0.3935763686895371 0.46668364107608801 0.14389496296644214 0.12578655779361728 0.36467891931533819 0.26174925267696386 0.73152628540992748 0.45343953371047979 0.2244992479681969 0.28212654590606695 0.91197282075881969 0.2980142235755921
decision_type=8 10 8 2 10 10 10 8 8 10 10 10 8 10 10 10 10 8 10 8 2 10 8 8 10 10 10 2 10 8
left_child=1 4 3 16 -1 -6 -5 8 28 15 12 -12 13 -4 -10 21 -3 20 -19 -14 -9 -7 -18 24 -21 26 27 -22 -2 -8
right_child=7 2 10 6 5 9 29 17 14 -11 11 -13 19 -15 -16 -17 22 18 -20 23 25 -23 -24 -25 -26 -27 -28 -29 -30 -31
leaf_value=-0.036062105792528325 0.036320099188697871 0.0078544053836992495 0.044630224772309525 -0.035657955924225299 -0.035084178776471825 0.035268722353133795 0.03707626397924841 0.0092070699892806505 0.035521783586703125 -0.035215659098660181 -0.034368396733644911 0.042347881963783411 0.01260272579861452 -0.034751780685724869 -0.036140826203177039 -0.0059458983970764635 -0.034517278775790854 0.035643007385468543 -0.039716094495570939 0.010871058047384361 0.035217688914453336 0.015478112919624993 -0.010335612798447753 -0.034130498710942703 -0.03458618727071807 0.035178644543101371 0.035415152431688544 -0.052550755135079112 0.019246126349168422 0.049724149445678628
leaf_weight=5.1045987531542769 23.447359308600429 2.131692539900544 5.0549656227231052 3.4483424462378016 4.2750511467456809 113.14958567172289 7.9568547643721095 2.6307774409651747 1.4372233673930157 2.1261437870562068 2.4711632877588272 2.6351568773388854 1.3459689244627959 13.441236842423676 9.7567176297306997 2.0143747255206099 18.514154393225908 2.9618320167064658 1.6649038791656492 2.5038420520722893 2.0401269271969791 2.5115594714879981 1.4730002023279691 348.85699960030615 14.177225895226 217.54521758109331 28.933723539113998 1.7399200759828088 1.7709355875849713 4.1043662950396529
leaf_count=100 266 17 27 58 86 1464 70 33 17 36 58 15 12 287 169 21 409 37 17 29 27 24 20 8317 298 2902 377 15 24 16
internal_value=0.000100309 -0.016545 -0.0299664 -0.00694698 0.0279343 0.0305672 0.0242519 0.0316602 0.0160422 0.0329099 -0.0321846 0.00522165 -0.0326802 -0.0130569 -0.0269399 0.0341408 -0.0288234 0.0338686 0.00852547 -0.0336695 0.0343322 0.034839 -0.0327352 -0.0338399 -0.027763 0.0345964 0.0307243 -0.0051813 0.0351211 0.0413803
internal_weight=851.225 557.296 428.115 37.6284 129.181 124.077 15.5096 293.929 36.4122 119.802 390.487 5.10632 385.38 18.4962 11.1939 117.676 22.1188 257.517 4.62674 366.884 252.89 115.661 19.9872 365.538 16.6811 250.259 32.7138 3.78005 25.2183 12.0612
internal_count=15248 11364 9633 590 1731 1631 144 3884 476 1545 9043 73 8970 314 186 1509 446 3408 54 8656 3354 1488 429 8644 327 3321 419 42 290 86
is_linear=0
shrinkage=0.05


Tree=126
num_leaves=31
num_cat=0
split_feature=16 10 13 12 7 14 4 16 10 13 7 17 10 16 29 28 7 0 17 16 10 3 7 8 11 32 18 11 4 11
split_gain=177.383 96.6289 47.1266 8.72887 4.94541 3.50317 3.16336 2.81987 5.16668 2.01406 3.55758 1.64365 1.36832 5.30059 1.10604 0.899571 0.776382 0.546206 0.5252 0.299513 0.80371 0.283926 0.166949 1.54225 0.130131 0.562698 0.125254 0.0620926 0.0491911 0.0371959
threshold=0.64119571447372448 0.32801096141338354 0.63671869039535534 0.28564789891242987 0.25997355580329901 -0.62060213088989247 0.39936998486518865 0.62033009529113781 0.27867548167705541 0.79504406452178966 0.34591461718082434 0.4885405451059342 0.31272865831851965 0.71731671690940868 0.87097010016441356 0.7842625379562379 0.31652614474296575 0.75428903102874767 -0.10073991864919661 0.60595834255218517 0.26221844553947454 0.69094032049179088 0.31109739840030676 -0.31071461737155909 -0.87038379907608021 1.0259718894958498 0.23728426545858386 -0.35998103022575373 0.43211205303668981 -0.38575418293476099
decision_type=8 8 8 8 2 8 10 10 10 10 2 8 10 8 10 8 2 10 10 10 10 10 2 2 10 10 8 8 10 8
left_child=7 2 4 11 21 16 -7 17 18 22 -11 -4 15 27 29 -8 -5 19 -9 24 -21 -2 23 -3 25 -1 -17 -14 -28 -15
right_child=1 9 3 5 -6 6 12 8 -10 10 -12 -13 13 14 -16 26 -18 -19 -20 20 -22 -23 -24 -25 -26 -27 28 -29 -30 -31
leaf_value=0.013951458356144598 0.010014436668454531 0.014886992728805832 0.02875777887198544 0.016595862580077492 -0.034359795669058522 -0.036083092351135181 3.0657508333161603e-05 0.0072940022570136508 -0.034364904364832888 0.036638249455425063 -0.034658437017204627 -0.036155500475868178 -0.050520185678908015 0.02721072105336474 -0.0075732378437852388 0.021039060955222177 -0.034951420640651015 0.00071053799959356419 0.039526196341978521 -0.0016654144190127989 -0.034650703646173613 0.03709245987536252 -0.034351960857479429 -0.034555085443681473 -0.034352213727864143 -0.034155004537057748 0.028172851952930712 -0.035131782657840713 0.035184707857273158 0.035366106830056573
leaf_weight=0.74458809569477935 1.7336041815578931 1.8010880090296275 1.1880005709826944 1.0905855037271979 31.662959821522236 1.6128400713205326 1.8415074311196793 2.0093140304088593 8.9047102034091932 2.9444624036550513 4.3119149170815945 5.4434757009148598 0.98449199646711349 1.5173030123114584 1.6798406578600396 1.5834761261940022 2.2122001834213734 1.1459022387862194 3.4063447117805472 2.6285372339189035 6.2087336592376232 2.1923204213380814 64.193666936829686 12.691205237060782 246.00422432646155 3.3104534633457661 2.5196239650249472 1.96182231977582 343.41987181827426 17.800201687961827
leaf_count=11 24 18 10 13 810 20 35 28 231 26 99 98 15 19 19 17 46 21 29 32 155 21 1645 310 6538 94 26 36 4607 224
internal_value=-0.000166203 0.0173763 0.0272512 0.0323416 -0.0277967 0.0333387 0.0337904 -0.0325441 -0.0109434 -0.0309332 -0.00572797 -0.0245266 0.0340922 0.0225291 0.0313415 0.0348847 -0.0179304 -0.0337336 0.0275674 -0.0338861 -0.0248396 0.0251354 -0.0332577 -0.0284105 -0.0342058 -0.0253217 0.0350694 -0.0402737 0.0351336 0.0347255
internal_weight=780.749 506.386 420.444 384.855 35.5889 378.224 374.921 274.363 14.3204 85.9423 7.25638 6.63148 373.308 23.9437 20.9973 349.364 3.30279 260.042 5.41566 258.897 8.83727 3.92592 78.686 14.4923 250.059 4.05504 347.523 2.94631 345.939 19.3175
internal_count=15277 8138 6040 5185 855 5077 5018 7139 288 2098 125 108 4998 313 262 4685 59 6851 57 6830 187 45 1973 328 6643 105 4650 51 4633 243
is_linear=0
shrinkage=0.05


Tree=127
num_leaves=31
num_cat=0
split_feature=4 13 10 7 10 24 9 2 14 11 11 10 30 20 8 22 12 14 0 1 27 15 30 11 12 7 7 11 9 32
split_gain=101.6 58.563 69.0689 29.9243 18.6529 10.2397 5.80458 7.00029 5.28117 5.38277 5.16941 6.64018 4.41078 4.37358 4.1353 3.81282 3.262 3.12253 2.48437 2.19572 1.91762 3.62142 3.82621 7.06343 3.54481 1.5396 1.13117 0.844639 0.82858 2.2797
threshold=0.50300881266593944 0.66926905512809765 0.40137711167335516 0.3150466531515122 0.27802504599094396 0.18666049838066104 0.47280906140804296 -0.077950708568096147 -0.56357410550117482 0.60257199406623851 -0.59378764033317555 0.30951426923274999 0.22225040942430499 -0.427682414650917 0.76579961180686962 0.80999043583869945 0.33098408579826361 0.5140109956264497 0.73183855414390575 0.52692323923110973 0.24494961649179461 0.20413611829280856 0.19755434244871142 0.16785149276256564 0.33281601965427404 0.26187233626842504 0.30081233382225042 0.009978352580219509 0.80333301424980175 -0.0081900972872972471
decision_type=8 10 8 2 10 10 10 8 8 10 10 10 8 8 2 8 8 10 10 10 10 8 8 10 8 2 2 8 10 10
left_child=8 2 4 12 15 13 -4 27 9 -1 11 -6 19 -5 18 -2 -17 -15 20 -3 21 -12 -23 26 -25 -22 -24 -8 -10 -30
right_child=1 3 6 5 10 -7 7 -9 28 -11 14 -13 -14 17 -16 16 -18 -19 -20 -21 25 22 23 24 -26 -27 -28 -29 29 -31
leaf_value=0.031902245836635819 0.037616320357861124 -0.035066827546573323 -0.034262756469358877 0.03527789069956079 -0.03715790217572313 0.03383995803524683 0.017592143119328239 0.043693982553640452 -0.033903464558365702 -0.032221323818478247 -0.023650701737487102 0.036388434598903042 -0.03417513151778339 -0.029238331287485809 -0.046762833125621794 0.035898732766293795 -0.033894397499904617 0.038243000763811777 -0.012486604128940544 0.035594125184582041 -0.019199769907008883 0.03548080029300156 0.0011796789887277995 0.025903832338059082 -0.032957398850361641 0.034339636578813962 0.035408061421060809 -0.034314217916619691 -0.034484501496298454 0.038467562988781664
leaf_weight=6.4876892603933793 2.6316098943352726 1.6007195152342317 55.011655103415251 4.1113794967532158 6.4105928130447847 29.797906398773193 0.88197921589016914 5.8211208023130876 177.04996951296926 6.6042884383350611 3.5649643912911415 5.8876592218875885 98.355489995330572 15.859156474471096 1.7006460838019837 1.8647374734282465 16.38189289346338 1.9220308437943465 3.1971452087163916 3.5104562230408192 1.3498849198222149 58.788643382489681 2.7486459463834789 3.6126381456851941 8.7605794072151166 254.79943538084626 19.811782725155354 7.0360581241548061 3.7737443707883358 1.4951751269400109
leaf_count=67 24 28 1476 53 96 361 10 44 4723 159 18 60 2671 324 10 21 387 14 18 27 12 749 23 37 95 3269 234 174 85 8
internal_value=0.000290393 0.0102638 0.0192191 -0.0163014 0.0273357 0.014765 -0.0270022 0.00206905 -0.0311193 -0.000445086 0.029926 -0.00194836 -0.0318218 -0.0111979 0.0310199 -0.0186472 -0.0267618 -0.021944 0.0313908 0.0134645 0.0317877 0.0258117 0.0276931 0.0145875 -0.0157715 0.0340575 0.0312379 -0.0285324 -0.033322 -0.0137827
internal_weight=810.83 615.419 460.262 155.157 391.511 51.6905 68.7508 13.7392 195.411 13.092 370.633 12.2983 103.467 21.8926 358.334 20.8782 18.2466 17.7812 356.634 5.11118 353.437 97.2873 93.7223 34.9336 12.3732 256.149 22.5604 7.91804 182.319 5.26892
internal_count=15277 10235 6757 3478 5053 752 1704 228 5042 226 4621 156 2726 391 4465 432 408 338 4455 55 4437 1156 1138 389 132 3281 257 184 4816 93
is_linear=0
shrinkage=0.05


Tree=128
num_leaves=31
num_cat=0
split_feature=10 4 8 6 2 11 29 1 10 11 20 18 6 21 4 14 10 9 1 6 7 15 12 12 9 4 8 4 11 1
split_gain=166.632 123.694 8.28338 7.80313 14.2303 7.22915 4.22041 3.73305 6.11501 3.92239 3.21141 3.08165 2.98595 1.95894 2.28538 1.5881 5.89252 2.9556 1.58395 1.30242 1.13049 1.0026 5.71582 0.848383 0.81309 0.56015 0.373826 0.567756 0.292771 0.719471
threshold=0.37538909912109381 0.47519899904727941 -0.2493372708559036 0.8088805377483369 -0.1451584920287132 -0.26362131536006922 -1.4035562276840208 0.58201491832733165 0.40137711167335516 0.10095053538680078 0.2369065806269646 0.16508317738771441 0.663316309452057 0.2104272395372391 0.52697229385375988 0.46683330833911901 0.45343953371047979 0.69437015056610119 0.46464058756828314 0.2187352925539017 0.32383537292480474 0.26174925267696386 0.29585236310958868 0.65161287784576427 0.71770125627517711 0.42838838696479803 -0.21085171401500699 0.39458237588405615 0.81779608130455028 0.53130498528480541
decision_type=8 10 2 2 10 10 8 8 8 10 10 8 2 8 10 8 8 8 10 2 2 8 8 10 10 10 2 10 10 10
left_child=1 2 25 6 -5 -4 12 -2 9 -9 23 -8 -3 14 20 -10 -17 19 -15 -18 -13 22 -20 26 -6 -1 27 -7 -23 -30
right_child=7 3 5 4 24 10 11 8 15 -11 -12 13 -14 18 -16 16 17 -19 21 -21 -22 28 -24 -25 -26 -27 -28 -29 29 -31
leaf_value=-0.00097692434907430451 0.034988542769237373 0.039465033028207787 -0.034953197383678768 -0.034729295177909882 0.010976555043163692 0.035386310475659592 0.023152926641823269 -0.034722461699960502 0.035485851070983128 0.029033894373302033 -0.034904909080764206 -0.013215553156877469 -0.036566510544020041 0.041809597999585522 -0.034879792824647558 -0.046917033338256059 -0.0054031065841047398 -0.03996492087162351 0.026017081232610751 0.035288199174422247 0.041724810805491973 -0.034253698238043494 -0.034411297038970522 9.7458499648591789e-05 0.042655156234092523 -0.036815868295314004 0.035185828276529857 -0.0022153197188716886 -0.034258809562402737 0.021337339565497423
leaf_weight=1.4108738228678692 202.98836337774992 3.521110326051712 4.058126274496316 16.778367683291439 2.5571693368256083 2.4327366426587096 2.4883513711392879 7.1018705368041974 31.999267049133778 3.6533430777490139 1.7155317030847061 1.5804763957858079 2.039160992950201 0.70227135717868705 3.8983737714588642 3.0094285905361202 2.1662874184548917 1.5401357188820828 4.7024169489741361 21.319959625601768 2.297302782535553 330.95279824174941 23.317537356168035 1.8112926185131062 9.7436222210526449 4.7979203686118126 104.37253414094448 1.7092269435524938 1.9989837184548371 0.82088762521743763
leaf_count=14 2871 19 88 375 31 30 23 149 425 32 31 27 27 3 75 28 28 14 33 283 19 8414 544 18 60 93 1444 14 51 14
internal_value=-0.000131547 -0.0165013 0.0275956 -0.02974 -0.00478061 0.0306047 -0.0316584 0.0315407 0.021654 -0.0130656 0.0329792 -0.0323034 0.0115814 -0.0326761 -0.00784537 0.0278739 0.0191859 0.0271348 -0.0332088 0.031535 0.0193326 -0.0333544 -0.02427 0.0340347 0.0360696 -0.0286719 0.0346012 0.0198696 -0.034117 -0.0180743
internal_weight=803.486 529.707 122.308 407.399 29.0792 116.099 378.32 273.779 70.7903 10.7552 112.041 372.759 5.56027 370.271 7.77615 60.0351 28.0358 25.0264 362.495 23.4862 3.87778 361.793 28.02 110.326 12.3008 6.20879 108.514 4.14196 333.773 2.81987
internal_count=15277 11447 1732 9715 466 1625 9249 3830 959 181 1537 9203 46 9180 121 778 353 325 9059 311 46 9056 577 1506 91 107 1488 44 8479 65
is_linear=0
shrinkage=0.05


Tree=129
num_leaves=31
num_cat=0
split_feature=16 10 30 12 4 20 19 18 2 6 9 10 0 10 4 19 2 0 4 10 28 4 8 26 2 10 12 4 34 9
split_gain=165.608 89.1528 47.1714 5.4677 4.30696 4.17396 3.13045 2.76067 2.26097 2.10831 5.6963 1.11155 4.76952 1.06347 4.74757 0.692348 0.65605 0.52178 0.222159 0.214675 0.212976 0.197845 0.457101 0.193033 0.162387 0.101227 0.0956962 0.0472213 0.0462151 0.0369382
threshold=0.63233521580696117 0.32801096141338354 0.18791685253381732 0.28327733278274542 0.39936998486518865 -0.38633741438388819 0.74736836552619945 0.33807961642742163 -0.28825013339519495 0.73691895604133617 0.52826452255249035 0.31272865831851965 0.49924705922603613 0.26221844553947454 0.44826354086399084 0.86628380417823803 0.10886143147945405 0.75428903102874767 0.55777224898338329 0.27023673057556158 0.75134176015853893 0.44826354086399084 0.41659674048423773 0.14919041842222217 -0.10931657254695891 0.32905268669128424 0.79188671708107006 0.63800022006034862 0.81320673227310192 0.70168870687484752
decision_type=8 8 8 8 10 8 8 10 8 2 10 10 10 10 10 10 10 10 10 10 8 10 2 8 8 8 8 10 8 10
left_child=13 2 7 18 -5 8 24 19 -6 25 -11 20 15 14 16 26 -1 -15 -4 -2 -8 22 -22 -14 -7 -3 -13 28 -23 -30
right_child=1 9 3 4 5 6 11 -9 -10 10 -12 12 23 17 -16 -17 -18 -19 -20 -21 21 27 -24 -25 -26 -27 -28 -29 29 -31
leaf_value=-0.034256742442008777 -0.0010882326465322641 -0.016917942670400431 -0.011982323849512023 -0.035808944968607564 0.039659335750631061 -0.0059326026354018695 0.01320686312384947 0.028898046739538521 -0.034920832553040945 0.038982202260593235 -0.034593282517172232 -0.054276454653263799 0.017342862676727508 -0.034284447377329656 0.032352631238351422 0.0062276534419261542 0.014616043063922569 -0.0012060129701188772 -0.036932582132835387 -0.034448767253322229 0.035727885193825519 0.026190949476624783 0.0020282613954257871 0.035199534677692462 -0.034216733844285988 -0.034318327915015975 -0.03461793804529005 0.025660491279831728 0.035177547874095154 0.033588887615690947
leaf_weight=18.041974775493152 0.48990239948034542 0.84619458764791389 1.4211802482604983 2.2928051576018325 1.4407530874013899 0.76125293225049973 1.1516366191208351 1.8521422408521164 3.4487797692418098 3.8270879089832297 8.41496444493532 0.95725398138165763 1.6637160442769499 227.70952989347279 3.3342879004776469 1.0521033741533754 0.71382932737469573 1.1984421908855427 2.3969046734273434 30.797837253659964 2.9747405350208274 1.5059881694614934 1.520603574812412 16.757488273084171 1.5221614576876157 68.244851797819138 1.7522492296993735 1.379929196089505 280.47937512025237 42.078572254627943
leaf_count=518 4 18 22 32 9 14 19 20 69 29 218 9 24 6428 31 21 9 22 41 810 32 18 24 224 41 1853 43 18 4021 588
internal_value=-0.000177393 0.0170015 0.0267115 0.0318762 0.0325027 0.0329373 0.0335682 -0.0304152 -0.012945 -0.0307166 -0.0115922 0.0339454 0.0231101 -0.0331002 -0.0226234 -0.0281963 -0.0323967 -0.0341113 -0.0276455 -0.0339264 0.0346714 0.0347463 0.0243286 0.0335868 -0.0247873 -0.0341052 -0.0415632 0.0348902 0.0349295 0.0349703
internal_weight=732.029 481.03 399.697 366.557 362.739 360.447 355.557 33.1399 4.88953 81.3331 12.2421 353.274 22.1828 250.998 22.0901 3.76161 18.7558 228.908 3.81808 31.2877 331.091 329.939 4.49534 18.4212 2.28341 69.091 2.7095 325.444 324.064 322.558
internal_count=15229 8221 6103 5269 5206 5174 5096 834 78 2118 247 5041 321 7008 558 73 527 6450 63 814 4720 4701 56 248 55 1871 52 4645 4627 4609
is_linear=0
shrinkage=0.05


Tree=130
num_leaves=31
num_cat=0
split_feature=1 13 10 20 10 34 21 1 7 10 11 14 25 10 3 27 7 28 20 10 14 15 0 35 9 11 26 3 12 10
split_gain=78.0313 58.5045 41.1668 27.0167 17.6698 13.2848 9.57176 9.0744 6.18879 4.61743 3.73454 3.72807 3.52904 3.4391 3.24812 3.39803 3.19256 2.2978 4.17324 4.47037 7.0323 2.50308 2.27853 2.10538 2.93111 4.98229 1.7868 1.60351 1.41527 1.80899
threshold=0.50174432992935192 0.66457995772361766 0.40597115457057958 -0.2250830605626106 0.27867548167705541 0.89969646930694591 0.2104272395372391 0.64010941982269298 0.32018519937992101 0.37975467741489416 -0.74694955348968495 0.31389924883842474 0.9386432170867921 0.29267264902591711 0.60672512650489818 0.62454718351364147 0.43515279889106756 0.9086015820503236 -0.28979294002056116 0.32801096141338354 -0.29782168567180628 0.6494717299938203 0.61429771780967724 0.34000620245933538 0.53893038630485546 0.075668264180421843 -0.94231298565864552 0.25460919737815862 0.33281601965427404 0.28779920935630804
decision_type=8 10 8 8 10 10 8 10 2 10 10 10 8 10 10 10 2 8 10 10 8 10 10 8 10 10 8 10 10 10
left_child=5 2 4 12 14 27 8 28 -6 -9 -8 -11 -3 -7 15 -2 17 -12 19 20 26 -22 -21 -4 -25 -26 -19 -1 29 -5
right_child=1 3 23 7 6 13 10 9 -10 11 16 -13 -14 -15 -16 -17 -18 18 -20 22 21 -23 -24 24 25 -27 -28 -29 -30 -31
leaf_value=0.023843703238192987 -0.034754747145844291 -0.034949027818083768 -0.034151535920978464 -0.029040035697482605 0.028441829854711994 -0.035063223495205624 -0.020366631840465336 0.03174753015129602 -0.033584665054510708 -0.034871147663641022 0.032949486327128456 0.032001875825051006 0.033810446820648259 0.029863795468909833 0.022006189386210434 0.029116707236441039 -0.034299753637912087 -0.022609286850276716 0.033859616450279281 0.034500255368158581 -0.030849956379983057 0.031717485578158573 -0.026809218960353588 -0.033644518370906588 0.045937007871935776 -0.031276983380761632 0.034255827155166056 -0.03231497961271694 -0.033146281291034439 0.037188180619312693
leaf_weight=1.2806036993861187 16.533580215647824 2.0173059776425388 29.007249776273966 2.7490782588720313 6.5879565551877048 2.4715812411159268 3.7651179209351531 8.8364344015717524 10.323184195905922 7.8459359370172006 222.49441169202328 2.8379707857966423 24.893702056258917 11.667786136269568 4.1770724579691878 2.3824084773659697 1.9360821023583401 1.5742755383253095 51.847788758575916 21.104883790016178 13.068009257316591 1.8213103711605061 1.6326811388134945 7.826871462166312 4.357677794992922 4.0132436975836754 11.276404067873953 171.22319984063506 105.4686287343502 1.6498829424381254
leaf_count=20 413 38 834 72 82 65 73 114 218 187 3031 23 317 165 52 23 51 11 706 271 116 21 10 201 39 102 145 4825 2993 11
internal_value=-6.56982e-06 0.00915298 0.0189575 -0.0169256 0.0244532 -0.028079 0.0272683 -0.026406 -0.00942143 0.00500804 0.0291455 -0.0171076 0.0286561 0.0185145 -0.0178985 -0.0267103 0.029716 0.0300976 0.0238964 0.0136627 0.00019139 -0.0231965 0.0300979 -0.0260882 -0.0116482 0.00891855 0.0272896 -0.0318981 -0.0319873 -0.00420035
internal_weight=758.672 572.029 415.73 156.299 370.525 186.643 347.432 129.388 16.9111 19.5203 330.521 10.6839 26.911 14.1394 23.0931 18.916 326.756 324.82 102.325 50.4776 27.74 14.8893 22.7376 45.205 16.1978 8.37092 12.8507 172.504 109.868 4.39896
internal_count=15229 10154 6399 3755 5223 5075 4735 3400 300 324 4435 210 355 230 488 436 4362 4311 1280 574 293 137 281 1176 342 141 156 4845 3076 83
is_linear=0
shrinkage=0.05


Tree=131
num_leaves=31
num_cat=0
split_feature=10 4 8 6 2 2 29 1 10 11 24 15 6 16 12 21 4 17 27 14 10 9 0 15 12 1 16 11 11 31
split_gain=155.204 112.532 8.0632 7.83885 13.5954 6.86389 4.37648 3.97288 7.6029 5.33084 3.24178 3.25936 3.09366 2.47605 2.24804 1.76889 1.83488 1.72284 1.24528 0.834455 4.01527 2.1381 0.877851 0.710981 4.42777 0.610028 0.348856 0.488519 0.308892 0.753729
threshold=0.37169821560382849 0.47519899904727941 -0.32539874315261835 0.80477467179298412 -0.1451584920287132 0.1320496276021004 -1.4035562276840208 0.57510215044021618 0.40957197546958929 1.0000000180025095e-35 0.18666049838066104 0.22420193254947665 0.66059163212776195 0.52968367934227001 0.65959289669990551 0.1987651810050011 0.52697229385375988 0.14556522667407992 0.25465992093086248 0.46683330833911901 0.45343953371047979 0.67897671461105358 0.20543968677520755 0.26174925267696386 0.29081995785236364 0.47186809778213507 0.63600969314575206 -0.063964851200580583 0.81779608130455028 0.87051069736480724
decision_type=8 10 2 2 10 10 8 8 8 8 8 8 2 10 10 8 10 10 10 8 8 8 8 8 8 10 10 10 10 8
left_child=1 2 -1 6 -5 14 12 -2 9 -9 11 -8 -3 -6 17 16 -12 26 -11 -10 -21 22 -22 24 -17 -25 -4 -28 -27 -30
right_child=7 3 5 4 13 -7 10 8 19 18 15 -13 -14 -15 -16 23 -18 -19 -20 20 21 -23 -24 25 -26 28 27 -29 29 -31
leaf_value=-0.036323988812324348 0.034930355563441519 0.041368167038582204 0.034854269998332167 -0.034605373923520893 0.043245005946327915 -0.035020559918386138 0.049031685882844504 -0.035722314754654996 0.035308747613859263 0.036819362854768216 0.027612732591167158 -0.034713565481771069 -0.03634651997933698 -0.0097839453077819254 -0.031935474470208995 0.024596819762278038 -0.035083532991158711 -0.009664192396410403 -0.014880241937364766 -0.051024150204147717 0.00095533242891764677 -0.031196497255914696 0.035134707582530116 0.0065825873603513529 -0.034330323982940308 -0.034219845808326148 0.035055708714479529 -0.0039461290298706394 0.024703663753983342 -0.034208591915591065
leaf_weight=4.7703052610158911 192.11248876899481 3.4665019661188126 97.904648721218109 17.311168357729915 10.71709296107292 3.9020532369613639 2.4378370568156242 8.7433521598577464 29.844021216034889 4.8451776467263707 2.4422607719898215 2.2197963856160641 2.0307773873209953 2.7702791653573504 1.3356401547789563 3.7869843170046806 2.2348595634102821 2.2767197974026194 1.5333569049835203 1.7091765068471456 2.0671707428991857 1.4216027446091164 20.592875011265278 0.92543316259980102 20.148442279547456 305.83400741964579 1.8648554161190989 1.4098789431154717 0.7670494280755511 1.8581826500594618
leaf_count=100 2894 20 1432 413 71 87 12 176 426 51 25 43 28 37 20 28 40 25 21 17 27 14 294 11 504 8307 27 16 13 50
internal_value=0.00017853 -0.0163818 0.0273004 -0.029461 -0.00528281 0.0300928 -0.0315999 0.0311999 0.0210714 -0.010366 -0.03231 0.00911927 0.0126592 0.032353 0.0325173 -0.0328809 -0.00234531 0.0333494 0.0243911 0.0296163 0.0230292 0.028285 0.0320167 -0.0333093 -0.0250071 -0.0339516 0.0343173 0.0182642 -0.0340733 -0.0169954
internal_weight=755.284 492.415 113.464 378.951 30.7985 108.694 348.152 262.869 70.7567 15.1219 342.655 4.65763 5.49728 13.4874 104.792 337.997 4.67712 103.456 6.37853 55.6348 25.7908 24.0816 22.66 333.32 23.9354 309.385 101.179 3.27473 308.459 2.62523
internal_count=15229 11309 1707 9602 521 1607 9081 3920 1026 248 9033 55 48 108 1520 8978 65 1500 72 778 352 335 321 8913 532 8381 1475 43 8370 63
is_linear=0
shrinkage=0.05


Tree=132
num_leaves=31
num_cat=0
split_feature=13 2 10 10 16 30 23 20 4 1 12 21 28 7 13 1 2 6 22 9 18 33 4 7 15 10 4 24 9 2
split_gain=156.039 46.3456 36.2598 11.8241 13.7874 9.82248 4.82342 3.48493 3.31162 3.08508 3.05648 2.75541 2.47371 4.52583 6.95713 2.80785 2.09132 1.84 1.25456 1.2421 0.580579 0.561185 0.53413 0.475082 0.447054 0.349457 0.319308 0.213436 0.201713 0.186036
threshold=0.6440052092075349 0.32005520164966589 0.33286279439926153 0.28053376078605657 0.60090479254722606 0.18791685253381732 -0.39578923583030695 -0.081286035478115068 0.4250198900699616 0.52186408638954174 0.26609988510608679 0.70705190300941478 0.96254611015319835 0.31109739840030676 0.42725968360900884 0.54533439874649059 0.40145154297351843 0.62668016552925121 0.78352859616279613 0.26301448047161108 0.2570719718933106 0.1297177076339722 0.52521342039108287 0.23408114165067676 0.25410121679306036 0.32080532610416418 0.39458237588405615 0.45311793684959417 0.79479140043258678 0.28652486205101019
decision_type=10 10 10 8 8 8 8 8 10 10 10 10 8 2 10 10 10 2 8 10 8 8 8 2 8 8 10 10 10 10
left_child=1 3 5 4 -1 9 16 27 26 -2 -8 -3 -5 14 15 17 -7 22 -12 -4 -20 -22 -14 -10 -23 -17 -9 -6 -26 -15
right_child=2 11 19 12 7 6 10 8 23 -11 18 -13 13 29 -16 25 -18 -19 20 -21 21 24 -24 -25 28 -27 -28 -29 -30 -31
leaf_value=-0.034304723974492683 0.03188969972646049 0.034443189183490895 0.0055445220388353903 -0.034163015763534858 -0.035925885502339223 -0.03490939884328853 -0.034502294643220507 -0.036029921490498808 0.0099115545822948941 -0.034576304476384621 -0.011548588979381672 -0.034617455090327855 -0.0052999676147249108 -0.034221794413125603 -0.034463409290197554 0.039466279003704439 0.035375394524746182 0.027913099603291226 0.01107805102215444 -0.03424982829429761 0.0024386059536778732 0.0068585242083637407 -0.040650279104985337 0.035418301907625217 0.035011425921350613 0.017192131043992559 -0.0042652022759836995 -0.009192088427317403 0.015577374062555261 -0.0085192410990006413
leaf_weight=22.297671042382717 2.2940577641129476 34.956363599747419 2.1384696029126671 220.4901595748961 2.4433891549706463 3.7227902859449387 1.6335096769034851 1.7632369883358543 2.0246729739010361 7.3058192301541567 1.4966624826192845 1.5065730176866043 1.6929940357804323 42.334238460287452 13.549805548042057 6.3172481358051273 1.4787790253758428 2.2105911895632744 2.651501476764683 23.613021701574326 1.3500456660985944 1.4279925897717478 2.8971519637852907 18.56429510563612 258.98532707244158 2.4414117373526105 1.435043493285775 1.0751071609556673 1.3421194106340397 0.71592553332447906
leaf_count=665 25 529 28 6739 47 80 37 23 30 193 12 32 21 1243 365 47 19 24 23 674 15 14 47 233 3997 29 25 18 16 9
internal_value=-0.000476329 -0.0219979 0.0258634 -0.0277071 -0.00513363 0.0310202 0.0327614 0.0186873 0.0255571 -0.0186931 0.0336839 0.0315897 -0.0315332 -0.0234976 -0.00826953 0.0145412 -0.0149278 -0.00956343 0.0341007 -0.0309452 0.0343577 0.0345924 -0.0276119 0.03291 0.0347582 0.0332575 -0.0217773 -0.0277571 0.0349112 -0.0337944
internal_weight=688.156 378.716 309.44 342.253 49.6034 283.689 274.089 27.3057 23.7872 9.59988 268.887 36.4629 292.65 72.1594 29.1092 15.5594 5.20157 6.80074 267.254 25.7515 265.757 263.105 4.59015 20.589 261.755 8.75866 3.19828 3.5185 260.327 43.0502
internal_count=15259 10126 5133 9565 1041 4431 4213 376 311 218 4114 561 8524 1785 533 168 99 92 4077 702 4065 4042 68 263 4027 76 48 65 4013 1252
is_linear=0
shrinkage=0.05


Tree=133
num_leaves=31
num_cat=0
split_feature=4 13 10 10 11 14 10 11 23 10 19 8 9 11 14 9 21 7 17 30 11 10 12 3 2 10 2 1 2 10
split_gain=89.2053 49.3787 60.5695 25.5116 13.8782 7.28145 5.51798 5.49261 5.41305 4.86585 3.51479 3.46846 3.46018 4.54382 3.34126 2.38951 2.21016 1.98915 1.70664 4.04168 12.5195 6.81101 5.28373 4.85023 1.80844 1.62659 1.51299 5.73749 1.15825 0.89182
threshold=0.50652417540550243 0.67326414585113536 0.40597115457057958 0.32801096141338354 -0.72532442212104786 -0.56357410550117482 0.37975467741489416 0.60257199406623851 -0.32143673300743097 0.27867548167705541 0.80677989125251781 0.76579961180686962 0.47280906140804296 -0.035506220534443848 0.31389924883842474 0.26889637112617498 0.72023186087608349 0.26187233626842504 -0.24328669160604474 0.22225040942430499 -0.044149620458483689 0.29419134557247167 0.43046641349792486 0.47651383280754095 -0.1628816872835159 0.32592721283435827 -0.17384706437587735 0.5173221528530122 -0.19397600740194318 0.38288959860801702
decision_type=8 10 8 10 10 8 10 10 8 10 8 2 10 10 10 10 10 2 8 8 10 10 8 10 10 10 10 8 8 10
left_child=5 2 4 8 25 7 15 28 -3 10 -6 17 -4 -14 -8 -5 -12 -11 29 23 21 -21 24 -20 -22 -2 27 -7 -1 -19
right_child=1 3 12 6 9 26 14 -9 -10 11 16 -13 13 -15 -16 -17 -18 18 19 20 22 -23 -24 -25 -26 -27 -28 -29 -30 -31
leaf_value=-0.0065036615299282549 -0.034254507160547766 0.030455620367379678 -0.034107339494239698 -0.013591766634649775 0.032276693594313476 -0.031976992297427426 -0.033452354846784389 -0.03177813658244099 -0.033757408531317111 -0.023452960605425278 -0.035155274064688505 -0.044795275525179389 0.036956536929290726 -0.028343420761810734 0.031474726705064404 0.034535461462732862 0.043182875033381987 0.035083331948805994 -0.048447134104149359 -0.029073742103641179 0.035336277314704352 0.036284429967024072 -0.037472897577513806 0.034964055547718233 -0.026648173811549269 0.036469671077466341 -0.033796689245207491 0.035250505336166013 0.040767010158481998 -0.0010393272012667292
leaf_weight=1.6097385510802267 9.9686387982219422 3.4142966940999031 46.570189122110605 2.8801251128315952 4.4878116473555538 17.060234578326348 6.7967555932700616 5.850158290937542 84.686666745692492 1.7022992111742485 6.2745784930884847 1.5386274494230736 4.3306829109787941 6.9221573173999769 2.7969372197985649 24.675755642354488 1.0512036606669424 147.20503090322018 1.7728481888771046 4.3611827157437792 4.6162400618195534 46.351532079279423 11.816045708954336 102.91214106976986 1.5793262273073194 0.885173439979554 152.71568744629622 3.8990596234798423 6.646068297326563 1.7287346273660649
leaf_count=15 286 41 1432 41 49 483 158 160 2598 18 138 14 34 180 25 340 7 2165 6 29 63 624 106 1480 12 8 4617 33 81 16
internal_value=0.00036079 0.01083 0.0192954 -0.0166156 0.027164 -0.0292618 0.018135 0.00528599 -0.0312689 0.0289542 -0.00256813 0.030098 -0.028095 -0.00321257 -0.0145236 0.0295052 -0.0239142 0.0304536 0.0307383 0.0273667 0.0179456 0.0306638 -0.0178633 0.0335515 0.0195357 -0.0284867 -0.0320678 -0.0194707 0.0315501 0.034664
internal_weight=719.106 531.325 406.074 125.251 348.251 187.781 37.1496 14.106 88.101 337.398 11.8136 325.584 57.823 11.2528 9.59369 27.5559 7.32578 324.045 322.343 173.409 68.7243 50.7127 18.0116 104.685 6.19557 10.8538 173.675 20.9593 8.25581 148.934
internal_count=15259 9870 6667 3203 5021 5389 564 256 2639 4727 194 4533 1646 214 183 381 145 4519 4501 2320 834 653 181 1486 75 294 5133 516 96 2181
is_linear=0
shrinkage=0.05


Tree=134
num_leaves=31
num_cat=0
split_feature=10 4 6 5 5 5 10 11 20 29 15 24 6 16 19 1 29 27 17 0 6 12 15 14 11 30 10 12 1 15
split_gain=147.107 105.127 7.41513 12.9731 6.18325 5.96457 3.83447 9.51363 3.48664 3.09062 2.74613 7.57315 2.6865 2.35915 1.8605 1.44602 1.17232 0.808733 0.781762 0.751696 1.66939 0.643404 0.31368 1.54972 0.310916 0.75415 0.301584 2.58141 2.7819 0.212428
threshold=0.37169821560382849 0.47519899904727941 0.80477467179298412 0.14500208199024203 0.23197585344314578 -0.13230305165052411 0.40957197546958929 -0.21779847145080564 0.2369065806269646 -1.4035562276840208 0.22420193254947665 0.29644747078418737 0.66059163212776195 0.52968367934227001 0.86759629845619213 0.46464058756828314 0.29795692861080175 0.12904328107833865 0.10603213310241701 0.20543968677520755 0.47443968057632452 0.65274053812026989 0.25410121679306036 -0.28941684961318964 0.81779608130455028 0.36717753112316137 0.45343953371047979 0.20807485282421115 0.60354706645011913 0.43102359771728521
decision_type=8 10 2 10 10 10 8 10 10 8 8 8 2 10 10 10 10 8 10 10 2 10 8 10 10 10 10 10 10 8
left_child=1 4 9 13 5 -1 7 -2 18 12 11 -11 -3 29 16 -12 -9 -17 21 20 -8 -7 23 -19 -24 -26 27 28 -21 -4
right_child=6 2 3 -5 -6 8 19 14 -10 10 15 -13 -14 -15 -16 17 -18 22 -20 26 -22 -23 24 -25 25 -27 -28 -29 -30 -31
leaf_value=-0.034667154868960944 -0.034264794977821082 0.040330257921640217 0.037272423925369905 -0.03455863018061292 -0.034486508795263542 0.034479469864191883 -0.023519135672416244 0.035203508752500522 -0.035019367212117729 0.042645106558325055 0.040894527010316727 -0.034308370640944157 -0.036138585198310494 -0.011760667672100274 -0.020079164941910106 0.0076280419938384416 -0.0096896795306429181 -0.034390607869083697 0.0062274024499805181 0.034874592646081476 0.035237107040224307 -5.4476488378125069e-05 -0.034129093048354334 0.018310868124721349 -0.034163069557785253 0.02546254111370427 0.034807592363191385 0.035061978507626115 -0.052986320250449984 0.052192571797733803
leaf_weight=3.4852412007749072 7.4787094406783572 2.7509675547480583 6.6755157895386246 16.812531836330891 3.9071680549532166 92.230283420532942 1.8389366641640652 24.725166685879238 1.9089109785854805 4.5221994370222074 0.65397897362708945 10.911131434142588 1.9718502536416052 2.4700089506804934 1.7929725013673294 1.188681066036227 1.5450710579752911 7.5248286463320255 2.6092882752418509 1.7539949342608481 3.5284654535353184 1.3687665835022915 293.09221440367401 1.7123463004827479 1.800588779151439 0.75170622393488873 180.3289807960391 24.433830961585045 1.8524002023041246 3.7123149931430808
leaf_count=83 174 18 61 422 100 1429 24 336 37 27 3 284 29 33 27 18 16 191 25 28 52 15 8448 18 51 13 2888 381 15 13
internal_value=9.60751e-05 -0.0166049 -0.0295786 -0.00564533 0.0272374 0.029611 0.0310528 0.0158456 0.0318943 -0.031751 -0.0323396 -0.0117598 0.00840332 0.0321608 0.0291998 -0.0333751 0.0325631 -0.0335338 0.0332219 0.0335816 0.0151065 0.0339745 -0.0336943 -0.024621 -0.0339778 -0.016602 0.0340575 0.0292336 -0.0102546 0.0426045
internal_weight=711.339 462.061 356.551 29.6704 105.51 101.602 249.279 35.5419 98.1172 326.88 322.158 15.4333 4.72282 12.8578 28.0632 306.724 26.2702 306.07 96.2083 213.737 5.3674 93.5991 304.882 9.23717 295.645 2.5523 208.369 28.0402 3.6064 10.3878
internal_count=15259 11318 9629 529 1689 1589 3941 553 1506 9100 9053 311 47 107 379 8742 352 8739 1469 3388 76 1444 8721 209 8512 64 3312 424 43 74
is_linear=0
shrinkage=0.05


Tree=135
num_leaves=31
num_cat=0
split_feature=13 5 10 10 16 30 27 9 5 23 12 8 27 28 7 13 1 5 11 17 4 22 14 15 5 11 10 6 31 10
split_gain=144.83 44.0436 34.4686 10.817 10.739 10.3444 4.82875 3.60292 3.60116 3.26056 3.04257 2.77101 2.57042 1.96128 3.79375 7.01354 2.79663 1.83641 1.02024 0.893284 0.820786 0.57326 0.50751 0.446433 0.407724 0.397553 0.346566 0.131277 0.0693395 0.0644944
threshold=0.64096337556839 -0.30616976320743555 0.32801096141338354 0.27134813368320471 0.60595834255218517 0.18791685253381732 0.65804260969161998 0.26301448047161108 0.34040819108486181 -0.39578923583030695 0.26609988510608679 0.4999475777149201 0.59126904606819164 0.96254611015319835 0.31109739840030676 0.42725968360900884 0.43944746255874639 -0.39386390149593348 -0.19493575394153592 -0.25120308995246882 0.41803564131259924 0.78002732992172252 -0.34262961149215693 0.25815042853355413 -0.16612481325864789 -0.62615704536437977 0.32502411305904394 0.8069676160812379 0.81589946150779735 0.3048978745937348
decision_type=10 8 10 8 8 8 10 10 10 8 10 2 10 8 2 10 10 8 8 10 10 8 8 8 8 10 10 2 8 10
left_child=1 6 5 4 24 12 25 19 13 17 -11 20 -2 -5 15 16 -15 -7 -18 -4 -6 -12 -22 -23 -3 -1 27 28 -25 -20
right_child=2 3 7 8 11 9 -8 -9 -10 10 21 -13 -14 14 -16 -17 18 -19 29 -21 22 23 -24 26 -26 -27 -28 -29 -30 -31
leaf_value=0.03511832463394126 -0.033963326021654104 0.0071147594305376888 -0.013029629164949576 -0.034132816578474022 0.00031718765053801264 0.035277167368714529 -0.03433976581994732 -0.034297865432736857 0.035268299660761858 -0.034571182362322588 -0.0010635363080672567 -0.034515847626065396 0.035914244584091398 -0.034655566190851979 -0.034190395909830439 -0.034281957885683972 0.0021417479963228999 -0.035029450891339055 0.029313031118243956 0.036135830875516368 0.0048013590961425157 0.0060320705693728939 0.035405043811249169 0.024452401534298632 -0.034047512637950798 0.0084411036579936146 0.016663904111826285 0.021185643755606547 0.034895065101433503 0.038918362724557752
leaf_weight=33.821200929582119 7.3859251569956523 0.62580123543739319 1.4925673641264441 209.40289446152747 2.266122888773686 1.4106743931770322 2.7876874897629014 24.111589165404439 2.0198697410523883 1.6179058905690897 1.146240398287772 1.9345405567437399 1.6013768725097177 2.2683628033846643 40.194838197901845 14.488335702568291 3.1413487866520882 2.7189381569623947 2.5907558016478998 2.4247060269117382 1.4968149811029432 1.3814945593476333 14.266350485384462 1.6000974513590356 15.556329218670726 1.4566928893327702 2.6839312873780719 1.7765090093016613 243.1779530197382 5.3696449436247349
leaf_count=539 198 2 26 6807 20 19 74 710 27 37 9 43 17 54 1244 421 33 57 28 25 13 14 197 20 517 21 30 19 4008 44
internal_value=-0.000228474 -0.0217957 0.0256706 -0.0279232 -0.0021847 0.0312177 0.0290108 -0.0270723 -0.0312521 0.033058 0.0337763 0.0223521 -0.0215124 -0.0317363 -0.0243622 -0.0101819 0.0159338 -0.0110127 0.0262705 0.0174027 0.0284541 0.0342155 0.032499 0.0343769 -0.0324557 0.0340168 0.034534 0.0347285 0.0348268 0.0357923
internal_weight=648.217 353.688 294.53 315.622 36.146 266.501 38.0656 28.0289 279.476 257.514 253.384 19.9638 8.9873 277.456 68.0533 27.8584 13.3701 4.12961 11.1017 3.91727 18.0293 251.766 15.7632 250.62 16.1821 35.2779 249.238 246.555 244.778 7.9604
internal_count=15273 10084 5189 9450 792 4428 634 761 8658 4213 4137 273 215 8631 1824 580 159 76 105 51 230 4100 210 4091 519 560 4077 4047 4028 72
is_linear=0
shrinkage=0.05


Tree=136
num_leaves=31
num_cat=0
split_feature=4 13 10 10 10 9 11 20 10 19 14 11 2 14 30 9 8 27 12 10 7 8 21 6 34 0 17 6 2 8
split_gain=84.1053 48.5181 56.5136 23.7944 14.4761 7.04947 6.49992 5.54255 5.29487 4.31388 4.26152 4.01075 3.38768 3.3837 2.93682 2.24857 2.03443 2.00899 3.94847 5.77958 4.00529 2.74065 2.00303 1.96518 1.78928 1.3534 1.10093 1.06868 4.70977 0.957305
threshold=0.50300881266593944 0.66926905512809765 0.39640861749649053 0.32801096141338354 0.27867548167705541 0.47280906140804296 -0.035506220534443848 -0.32311624288558954 0.38288959860801702 0.80540862679481517 -0.56357410550117482 0.60257199406623851 0.36603349447250372 0.4805308878421784 0.17924896627664569 0.26889637112617498 0.72665178775787365 0.24494961649179461 0.70579499006271373 0.32199834287166601 0.33907961845397955 -0.0052561576012521974 0.7268526852130891 0.62340104579925548 0.55902516841888439 0.58477845788002025 -0.49081371724605555 0.82478412985801708 -0.11541698500514029 -0.17143005877733228
decision_type=8 10 8 10 10 10 10 8 10 8 8 10 10 10 8 10 2 10 8 10 2 2 10 2 8 8 8 2 10 2
left_child=10 2 4 7 9 -4 29 -3 15 -2 11 26 16 -10 -9 -5 17 18 20 -20 24 -22 -11 -21 -6 -8 -1 -19 -29 -7
right_child=1 3 5 8 12 6 25 14 13 22 -12 -13 -14 -15 -16 -17 -18 27 19 23 21 -23 -24 -25 -26 -27 -28 28 -30 -31
leaf_value=0.042890599958241522 0.029828683121844442 0.023245075385648649 -0.034217561223146835 -0.013869312305283446 -0.01842208566880214 0.028914616039474858 -0.034159273332627464 0.032726505659531883 -0.033045715688083795 -0.033026940015447537 -0.032945008810763919 -0.031556231560690012 -0.028779522030568029 0.037603151659968616 -0.034057851347504033 0.034428597624276247 -0.028803002215865871 0.034288202001538509 -0.031353836045007015 0.035809425897422052 0.035086751824568656 -0.042040352721167976 0.043296368237759578 -0.023729899182961794 0.034752049243794568 0.037573568737287948 -0.0068359508305805552 0.035812765809543727 -0.042158882857629337 0.069627656997981222
leaf_weight=4.0224619805812836 4.1181102450937059 4.6537466794252396 46.987566789612174 2.680719722062352 1.6242919825017459 4.6342228725552559 6.4322024714201671 1.6786233298480508 6.6346431374549848 13.535983189940449 152.79548255354166 5.3336255047470331 2.419493541121482 2.2762868367135525 85.071627322584391 23.849931862205267 1.4335216544568528 204.92533615976572 7.1394431032240417 9.0777178257703763 1.8314017951488493 3.1039473935961714 0.91793038696050722 1.6356241554021824 60.823691498488188 0.73242682218551625 1.5389099083840827 8.6751746572554094 2.4933575093746176 2.0972948148846626
leaf_count=51 49 58 1491 39 16 52 188 13 167 384 4851 152 69 20 2797 346 12 3178 77 117 26 25 6 12 913 5 15 122 12 10
internal_value=0.000403763 0.010387 0.0192303 -0.0164291 0.0275415 -0.0249652 0.00632024 -0.0299138 0.0183482 -0.0153172 -0.0307907 -0.000578543 0.0301497 -0.0149985 -0.0327656 0.0295485 0.0306206 0.0309033 0.0244028 0.00349557 0.029942 -0.0134201 -0.0281798 0.0267195 0.033369 -0.0268262 0.0291306 0.0334673 0.0184057 0.0415993
internal_weight=675.175 511.484 384.639 126.846 323.755 60.8837 13.8961 91.404 35.4416 18.572 163.69 10.895 305.183 8.91093 86.7503 26.5307 302.764 301.33 85.2361 17.8528 67.3833 4.93535 14.4539 10.7133 62.448 7.16463 5.56137 216.094 11.1685 6.73152
internal_count=15273 10204 6764 3440 5018 1746 255 2868 572 439 5069 218 4579 187 2810 385 4510 4498 1186 206 980 51 390 129 929 193 66 3312 134 62
is_linear=0
shrinkage=0.05


Tree=137
num_leaves=31
num_cat=0
split_feature=10 4 8 2 6 2 29 1 10 20 11 24 15 6 16 21 14 10 4 6 4 1 8 19 12 15 12 15 5 11
split_gain=136.531 99.9284 6.81253 6.2432 6.1716 11.6945 3.59344 3.46679 4.95574 3.32977 2.83572 2.71038 2.93425 2.66147 1.75286 1.72116 1.59589 5.15121 1.77588 1.59519 1.57953 0.972583 0.89867 1.72156 0.643649 0.524322 3.38138 0.165845 0.15667 0.0869573
threshold=0.37538909912109381 0.47519899904727941 -0.33437740802764887 0.12881386280059817 0.80477467179298412 -0.14055479317903516 -1.4035562276840208 0.57945889234542858 0.40137711167335516 0.20289138704538348 0.10095053538680078 0.18666049838066104 0.22420193254947665 0.66059163212776195 0.52968367934227001 0.1987651810050011 0.46683330833911901 0.45343953371047979 0.61068904399871837 0.21498821675777438 0.52697229385375988 0.4679811298847199 -0.21085171401500699 0.80298614501953136 0.65161287784576427 0.26174925267696386 0.29081995785236364 0.43102359771728521 -0.18759165704250333 0.025636618956923488
decision_type=8 10 2 10 2 10 8 8 8 10 10 8 8 2 10 8 8 8 10 2 10 10 2 8 10 8 8 8 8 10
left_child=1 2 -1 9 6 -6 13 28 10 22 -9 12 -8 -3 27 20 -10 -18 -19 -20 -13 -17 23 -4 -24 26 -23 -7 -2 -11
right_child=7 4 3 -5 5 14 11 8 16 29 -12 15 -14 -15 -16 21 17 18 19 -21 -22 25 24 -25 -26 -27 -28 -29 -30 -31
leaf_value=-0.036339745252230632 0.017210991835707932 0.040589728227027153 0.035458155143589451 -0.034911307019795383 -0.034455971056308772 0.036700922130650036 0.047829598725020732 -0.034467006251038775 0.035043089249559407 -0.035933941580613485 0.026426244687188932 0.028282287102260953 -0.034545654477707584 -0.035977470635670354 -0.0080597109444058377 0.028748321255525556 -0.043649638522891977 -0.026380068622957782 -0.01299212881985997 0.034689031554272769 -0.034922381917324719 0.021562624915481832 0.034867075691443199 -0.025739478297161791 0.00067541152590556226 -0.034110638613850039 -0.034234940039060045 0.050820396890548347 0.034826281569001659 -0.016438428048704917
leaf_weight=4.1277500670403233 1.2717637754976747 2.9588201306760311 3.0355615913867942 3.654388351365923 15.957162408158185 5.8960344083607188 2.17683444917202 5.7825744617730361 26.746731735765934 1.3092595636844628 2.8562696576118469 2.1838719174265857 2.147544514387846 1.8411952443420885 2.1986721120774737 0.6284499429166307 3.0301956534385708 1.5025453530252004 1.9452863596379781 17.849120106548071 1.8058829195797441 3.1835690960288083 86.573070622980595 1.8492888808250425 1.3986502736806858 273.97771756723523 18.456203719601039 3.2130709737539283 168.72342536970973 1.0157032422721384
leaf_count=99 18 18 39 89 431 60 11 148 429 20 30 24 47 29 30 5 32 15 27 286 36 26 1443 12 16 8430 516 12 2875 20
internal_value=-0.000186031 -0.0165106 0.0265939 0.0292222 -0.029695 -0.00689019 -0.0317048 0.031054 0.0206899 0.0316846 -0.0143338 -0.0323813 0.00692094 0.01122 0.0320097 -0.0329474 0.026614 0.0173465 0.0260252 0.0300032 -0.000326045 -0.0333867 0.0331644 0.0122902 0.0343235 -0.0335188 -0.0260262 0.0416813 0.0346945 -0.027417
internal_weight=669.297 439.589 102.964 98.8359 336.625 27.2649 309.36 229.708 59.7127 95.1815 8.63884 304.56 4.32438 4.80002 11.3078 300.236 51.0739 24.3271 21.297 19.7944 3.98975 296.246 92.8566 4.88485 87.9717 295.617 21.6398 9.10911 169.995 2.32496
internal_count=15273 11413 1738 1639 9675 533 9142 3860 967 1550 178 9095 58 47 102 9037 789 360 328 313 60 8977 1510 51 1459 8972 542 72 2893 40
is_linear=0
shrinkage=0.05


Tree=138
num_leaves=31
num_cat=0
split_feature=13 2 10 10 35 30 23 2 4 12 1 28 7 13 6 21 9 10 2 22 13 23 17 2 33 10 15 7 2 10
split_gain=135.085 42.3313 31.9093 10.8703 10.1809 9.36737 3.3399 3.26317 2.59122 2.547 2.39218 2.31295 3.45314 6.15251 2.77168 2.25123 1.92049 1.83666 1.49502 1.25991 1.21098 1.19775 1.17248 0.790859 0.698435 0.569783 0.45435 0.261713 0.65721 0.254826
threshold=0.6440052092075349 0.32005520164966589 0.32994285225868231 0.27134813368320471 -0.13539458066225049 0.18791685253381732 -0.44837617874145502 -0.35181166231632227 0.39936998486518865 0.28327733278274542 0.51681360602378856 0.96254611015319835 0.31109739840030676 0.42725968360900884 0.63579046726226818 0.70705190300941478 0.26301448047161108 0.29645329713821417 0.40145154297351843 0.77550053596496593 0.59369555115699779 -0.0071844246704131356 -0.31255236268043513 0.30117020010948187 0.1274780407547951 0.30363224446773535 0.25815042853355413 0.23888121545314792 -0.19397600740194318 0.32502411305904394
decision_type=10 10 10 10 8 8 8 8 10 10 10 8 2 10 2 10 10 10 10 8 8 10 8 10 8 10 8 2 8 10
left_child=1 3 5 4 21 10 18 -5 -6 25 -2 -9 13 14 17 -3 22 -13 -7 -11 -10 -1 -4 -14 -21 -8 -26 28 -22 -28
right_child=2 15 16 7 8 6 9 11 20 19 -12 12 23 -15 -16 -17 -18 -19 -20 24 27 -23 -24 -25 26 -27 29 -29 -30 -31
leaf_value=-0.034092942321668727 0.030833321763253277 0.034200800708033344 -0.027054144959169354 0.035075104400168935 -0.03500335728981116 -0.034893062008877131 0.0077374136551832803 -0.034064370765864244 -0.0083760170174691298 -0.024595639433045779 -0.034546934701794416 0.015597053687440916 -0.034135065837323023 -0.033133520213019539 0.034047346350227582 -0.03447881050743274 -0.034154003105905835 -0.03683218107388303 0.035209276893069914 -0.0040260815610204193 0.039169441983878839 0.035691709983670043 0.035708828700244652 0.016156625219253453 0.0054052169506757612 -0.038298024333016142 0.03474458075432027 0.035927660605240948 -0.0064075465586833054 0.020885193142335924
leaf_weight=15.296751862391826 1.7695274762809257 32.401285000145435 1.3177302591502664 1.8616082258522508 1.788659075275066 2.6177323572337632 1.3621526248753064 198.96043868176639 2.0209181029349592 0.91515235602855582 6.6828561443835497 3.3921575304120797 37.838935928419232 14.469505250453947 7.5084699764847755 1.2387921940535296 21.462908053770661 3.2909960839897394 1.0719903595745561 1.1898687779903447 1.8832657672464845 0.64062311500310976 1.7093781009316473 0.7982020229101171 1.3453962057828903 1.3268995117396114 230.33459165692329 12.751363504678009 1.3637022413313382 3.3650799542665473
leaf_count=520 21 554 25 27 36 60 22 6886 30 7 194 24 1250 431 75 30 690 69 15 14 25 7 19 6 14 21 4043 178 21 37
internal_value=-0.000321335 -0.021548 0.0255914 -0.0274398 -0.00153943 0.030887 0.032683 -0.0308928 0.022396 0.0334093 -0.0208594 -0.0313541 -0.0233413 -0.0101911 0.0132005 0.0316717 -0.0288956 -0.0102208 -0.0145259 0.033958 0.0280937 -0.0312879 0.00838748 -0.0330961 0.0341848 -0.0149785 0.0343782 0.0327006 0.0200274 0.034545
internal_weight=613.977 337.506 276.471 303.866 35.7453 251.981 243.529 268.12 19.8079 239.839 8.45238 266.259 67.2983 28.6611 14.1916 33.6401 24.49 6.68315 3.68972 237.15 18.0192 15.9374 3.02711 38.6371 236.235 2.68905 235.045 15.9983 3.24697 233.7
internal_count=15351 10169 5182 9585 817 4448 4233 8768 290 4158 215 8741 1855 599 168 584 734 93 75 4115 254 527 44 1256 4108 43 4094 224 46 4080
is_linear=0
shrinkage=0.05


Tree=139
num_leaves=31
num_cat=0
split_feature=4 13 10 7 10 25 14 19 11 9 11 11 30 14 7 14 10 22 27 32 14 11 7 1 2 16 8 16 1 28
split_gain=79.2803 44.7247 52.607 22.6717 12.8612 6.46351 4.3418 4.30627 4.20982 3.86086 5.0772 3.41713 3.29433 3.0854 2.97125 2.26741 2.23732 2.205 1.56681 2.93925 3.28988 9.47825 2.61284 1.49288 1.37067 1.08188 1.03519 0.909047 3.83961 1.71047
threshold=0.50300881266593944 0.66926905512809765 0.40597115457057958 0.31460300087928778 0.27867548167705541 0.86469933390617382 -0.56357410550117482 0.80540862679481517 0.60257199406623851 0.47280906140804296 -0.035506220534443848 -0.74694955348968495 0.22225040942430499 -0.64074483513832081 0.25929506123065954 0.53466147184371959 0.3904950767755509 0.7988296151161195 0.24494961649179461 -0.20028021186590192 -0.29782168567180628 -0.035506220534443848 0.32883311808109289 0.54265990853309642 0.26886835694313055 0.75416088104248058 0.30672450363636022 0.4945362806320191 0.57718634605407726 0.79128316044807445
decision_type=8 10 10 2 10 10 8 8 10 10 10 10 8 10 2 10 10 8 10 10 8 8 2 10 8 10 2 8 8 10
left_child=6 2 4 12 7 13 8 -2 -1 -4 -11 24 23 -5 -13 -15 -7 -9 19 20 22 26 -16 -3 -6 27 -22 28 29 -20
right_child=1 3 9 5 11 16 -8 17 -10 10 -12 14 -14 15 18 -17 -18 -19 25 -21 21 -23 -24 -25 -26 -27 -28 -29 -30 -31
leaf_value=0.031343559254819991 0.031115317350798245 -0.027185399322006705 -0.033997560566760558 0.024686187226859516 0.03653398687978731 0.034618423322476083 -0.033141594414383704 0.04171690901975484 -0.031457898418108005 0.04375053115598327 -0.027898410003393423 -0.036267724144610401 -0.034032098360237462 -0.030918936975205105 0.035146863179926921 0.036418981331391313 -0.024629504222430168 -0.033349426170071007 0.034398656490174949 0.034992201164156314 0.035264818472533099 -0.032430507930171458 -0.031185955045351522 0.035323058135466885 -0.034835794159961249 -0.0070976364506490841 -0.010530303725950877 0.034076826924616659 -0.04177019962148637 -0.024294781208378788
leaf_weight=5.3303610980510694 4.0284990742802647 1.5217307824641464 42.24075897783041 4.6777977719903019 0.87834220379590899 22.652253825217489 144.54934188351035 1.0592099428176851 5.3435777891427279 4.050589494407177 6.3466416150331479 1.6870415583252896 75.789183814078569 10.75547385960817 19.963187657296661 1.4145305007696158 1.7139499373733986 12.802160706371069 17.278619084507238 36.774352200329304 12.364211767911909 10.486938968300821 1.603818006813525 2.5655898675322533 2.873891925439239 1.7002199329435814 1.3708342202007759 182.88157775625587 2.0592151135206214 1.3373750112950791
leaf_count=68 51 31 1486 77 8 338 4883 8 163 34 185 21 2661 295 304 13 36 384 274 602 156 117 14 23 77 13 15 2993 11 10
internal_value=0.000231186 0.0101873 0.0189484 -0.0161333 0.0267689 0.0139859 -0.0308692 -0.0143886 -9.60506e-05 -0.0272793 1.48339e-05 0.0292796 -0.031674 -0.00982651 0.0298941 -0.0230922 0.0304508 -0.0276133 0.0302819 0.0244652 0.0160108 0.00336428 0.0302141 0.0120508 -0.0181292 0.0326216 0.0306942 0.0329534 0.0230158 0.0301821
internal_weight=640.101 484.878 363.787 121.091 311.149 41.214 155.223 17.8899 10.6739 52.638 10.3972 293.26 79.8765 16.8478 289.507 12.17 24.3662 13.8614 287.82 82.5633 45.789 24.222 21.567 4.08732 3.75223 205.257 13.735 203.557 20.6752 18.616
internal_count=15351 10237 6763 3474 5058 759 5114 443 231 1705 219 4615 2715 385 4530 308 374 392 4509 1208 606 288 318 54 85 3301 171 3288 295 284
is_linear=0
shrinkage=0.05


Tree=140
num_leaves=31
num_cat=0
split_feature=10 4 34 6 8 2 2 10 0 20 29 15 12 19 11 7 2 9 27 8 19 0 12 6 11 15 21 10 12 9
split_gain=127.736 91.0425 6.7667 7.83465 6.14202 5.80391 5.57862 3.25326 7.70432 3.09866 2.65514 2.91251 6.39842 1.75793 1.73406 1.55051 1.2421 1.76721 1.0623 0.829639 1.30381 0.81465 0.771729 0.742291 0.452725 0.332926 1.74364 0.273985 2.23339 2.45495
threshold=0.37169821560382849 0.47519899904727941 0.79882878065109264 0.79185834527015697 -0.33437740802764887 0.12881386280059817 -0.1451584920287132 0.40597115457057958 0.39959244430065161 0.20289138704538348 -1.4035562276840208 0.22420193254947665 0.29585236310958868 0.86759629845619213 0.81779608130455028 0.25018163025379186 0.21611873805522921 0.38010077178478247 0.13388705253601077 -0.21085171401500699 0.79570072889328014 0.75428903102874767 0.65418109297752391 0.14389496296644214 -0.18641611188650128 0.26174925267696386 0.14714099466800692 0.45343953371047979 0.20807485282421115 0.56234765052795421
decision_type=10 10 8 2 2 10 10 10 10 10 8 8 8 10 10 2 8 10 8 2 8 10 10 2 8 8 10 10 10 10
left_child=1 4 3 15 -1 9 -5 8 -2 19 14 12 -12 24 -4 -3 23 -18 -17 20 -6 25 -21 -9 -10 26 -13 28 29 -25
right_child=7 2 10 6 5 -7 -8 16 13 -11 11 21 -14 -15 -16 18 17 -19 -20 22 -22 -23 -24 27 -26 -27 -28 -29 -30 -31
leaf_value=-0.03632844157248525 -0.032522206158321437 0.029442650013761958 -0.026010544988145534 -0.035277398922706725 0.035442386942698578 -0.034853554194665966 0.040237865821805843 0.0050895187725167497 0.0041604529149549601 -0.026968761535669922 0.039315176765247047 0.015025543541801332 -0.034146949060242841 -0.021386448294841119 0.040019092684360019 0.023447374576320366 0.034681684457712983 -0.042254729015098469 -0.033812186764113926 0.034769745783396047 -0.021899877855114498 0.0017147476954902715 -0.0062263544988012684 0.034679812494356942 0.035525935034746658 -0.033967070164993278 -0.034260777105538202 0.034688620560484669 0.034849052116342275 -0.045390658040170867
leaf_weight=3.7316495589911929 6.5822320133447674 1.1175287663936639 1.8834067955613139 3.2297489866614333 2.3269516490399829 3.4138496443629256 10.074070658534763 2.265922248363494 1.227771710604429 2.2024883255362502 4.4743095450103265 2.1793273538351086 8.7813339997082931 1.5736860334873188 2.1063213311135769 0.84877307713031702 1.7211312167346471 1.3179159015417097 17.735966360196475 80.686565864831209 1.7270302809774873 1.6452583409845818 1.1645086258649815 1.8769255653023749 18.269375931471593 253.89513191767037 10.162437582388518 159.53913831710815 24.925629884004593 1.9537254534661768
leaf_count=95 169 6 27 73 30 88 86 36 16 40 28 28 265 26 14 7 31 16 516 1428 12 21 13 34 279 8316 292 2900 440 19
internal_value=7.76969e-05 -0.0163331 -0.0291726 -0.00773995 0.0265493 0.0291131 0.0219051 0.0307394 0.0146971 0.0315915 -0.0316536 -0.0322284 -0.00935055 0.0294478 0.00884888 -0.0277576 0.0330308 0.00131737 -0.0311971 0.0330929 0.0110141 -0.0333605 0.0341865 0.0335366 0.0335508 -0.0335772 -0.0255577 0.0338789 0.0293865 -0.00615808
internal_weight=634.64 413.387 318.134 33.0061 95.253 91.5214 13.3038 221.253 27.6531 88.1075 285.128 281.138 13.2556 21.0708 3.98973 19.7023 193.6 3.03905 18.5847 85.9051 4.05398 267.882 81.8511 190.561 19.4971 266.237 12.3418 188.295 28.7563 3.83065
internal_count=15351 11385 9679 688 1706 1611 159 3966 490 1523 8991 8950 293 321 41 529 3476 47 523 1483 42 8657 1441 3429 295 8636 320 3393 493 53
is_linear=0
shrinkage=0.05


Tree=141
num_leaves=31
num_cat=0
split_feature=16 10 30 4 13 12 29 27 6 9 2 10 4 10 16 28 2 0 6 19 7 10 4 15 1 7 9 7 24 33
split_gain=125.22 68.5965 35.9688 4.34453 3.39334 2.66773 2.68713 2.17831 1.84413 4.63038 1.81306 0.890227 3.58545 0.85677 4.00575 0.747419 0.675834 0.623219 0.582789 0.510382 0.35545 0.0948233 0.0820112 0.0691422 0.0642108 0.0620352 0.0447035 1.76752 0.0408276 0.0202277
threshold=0.63233521580696117 0.32801096141338354 0.18791685253381732 0.39936998486518865 0.59369555115699779 0.28327733278274542 -0.50307241082191456 0.59126904606819164 0.73691895604133617 0.52826452255249035 0.40145154297351843 0.26221844553947454 0.44826354086399084 0.31272865831851965 0.71731671690940868 0.76360622048378002 0.11167051643133165 0.75428903102874767 0.52825069427490245 0.91574418544769298 0.30299346148967748 0.32905268669128424 0.63800022006034862 0.48083549737930303 0.41808208823204046 0.32883311808109289 0.70168870687484752 0.29540728032588964 0.39004538953304296 0.82207176089286815
decision_type=8 8 8 10 8 8 8 10 2 10 10 10 10 10 8 8 10 10 2 8 2 8 10 8 10 2 10 2 10 10
left_child=11 2 7 -4 19 20 10 28 21 -10 -7 12 16 15 23 -8 -1 -13 -16 -5 -6 -3 24 -15 -17 26 29 -28 -2 -26
right_child=1 8 3 4 5 6 13 -9 9 -11 -12 17 -14 14 18 22 -18 -19 -20 -21 -22 -23 -24 -25 25 -27 27 -29 -30 -31
leaf_value=-0.034027478734352266 -0.034286534924142124 -0.015234681424120745 -0.035274764276006808 -0.034079070832369718 0.00042742410253554606 -0.034596734934225493 -0.0032798024714898906 0.021978237047347679 0.037832977241914506 -0.034341524503737668 0.03513174073066451 -0.034097374891280806 0.030741663132074232 -0.052604776524139141 0.0042364208886701577 0.023304585115386776 0.02208234053967801 0.007781020618191358 0.034971026436242225 0.014911743092896898 -0.036924929896642179 -0.034116230996423046 0.021212225675984218 -0.034026219341456297 0.034798560054244247 0.022560380840862499 0.034941158775295071 -0.029474467690848272 -0.021257360281933479 0.030383958387943097
leaf_weight=13.907785436138511 23.694232268258936 0.67319867573678394 2.434085998684167 2.1822755467146631 1.2521971799433251 2.4530380424112086 1.3281868081539858 1.874859683215617 3.3112728483974916 6.7567708287388086 1.5037252791225908 175.88489312492311 2.7165565472096196 0.77871736511588097 1.7318545095622564 1.3008654061704863 0.55820299685001451 0.89289309829473396 14.099169611930845 0.70284774899482716 1.2962266709655521 54.173501867800951 1.1870264410972584 1.4031854402273896 219.36375485546887 1.0939835421740998 31.503038857132196 1.1021895948797453 0.61691145785152812 2.6258544549345961
leaf_count=518 791 17 43 72 15 65 34 31 30 222 23 6413 32 7 26 15 7 19 237 10 27 1872 18 48 4010 15 565 10 17 42
internal_value=-0.000134408 0.0165346 0.0261646 0.0312432 0.0318076 0.0323556 0.0328167 -0.0299512 -0.0302738 -0.0106041 -0.00809718 -0.0328298 -0.0219647 0.0334 0.0228553 0.034132 -0.0318624 -0.0338858 0.0316088 -0.0221444 -0.0185714 -0.0338845 0.0343244 -0.0406569 0.034385 0.0344414 0.0344924 0.0327636 -0.0339559 0.0347463
internal_weight=574.403 380.443 315.528 289.342 286.908 284.023 281.475 26.186 64.9147 10.068 3.95676 193.96 17.1825 277.518 18.0129 259.505 14.466 176.778 15.831 2.88512 2.54842 54.8467 258.177 2.1819 256.99 255.689 254.595 32.6052 24.3111 221.99
internal_count=15251 8262 6121 5282 5239 5157 5115 839 2141 252 88 6989 557 5027 318 4709 525 6432 263 82 42 1889 4675 55 4657 4642 4627 575 808 4052
is_linear=0
shrinkage=0.05


Tree=142
num_leaves=31
num_cat=0
split_feature=4 16 10 7 8 6 8 5 10 10 15 14 29 5 27 30 6 3 10 8 7 10 4 6 9 27 6 5 14 25
split_gain=72.7691 33.1428 41.442 22.3821 20.0958 7.26029 6.17768 4.9469 4.76577 3.91427 3.72044 3.64734 3.62637 2.94962 2.48314 5.21666 5.358 4.15043 4.05789 2.26366 2.26033 1.73703 1.62233 1.80811 1.34343 1.25629 1.24197 4.5686 1.04192 0.886421
threshold=0.50300881266593944 0.67108267545700084 0.40957197546958929 0.31158985197544103 -0.53895288705825795 0.71103578805923473 0.66556361317634594 0.17090725153684619 0.50306022167205822 0.26680791378021246 0.23416365683078769 -0.58346134424209584 -1.0960766077041624 -0.22638686001300809 0.24494961649179461 0.22225040942430499 0.73456841707229625 0.47386926412582403 0.29645329713821417 0.50894331932067882 0.29135587811470037 0.39640861749649053 0.85311031341552745 0.39703772962093359 0.64549979567527782 0.26182705163955694 0.82478412985801708 0.14006254822015765 -0.33546742796897883 0.87637504935264599
decision_type=8 10 8 2 2 2 2 10 10 10 10 8 10 10 10 8 2 10 10 2 2 10 10 2 10 10 2 10 8 8
left_child=11 2 4 10 7 8 9 -2 19 -6 -3 12 -1 -4 15 17 18 -11 24 -5 -20 26 -15 -24 -17 -7 -16 -28 -18 -14
right_child=1 3 13 5 6 25 -8 -9 -10 14 -12 -13 29 22 21 16 28 -19 20 -21 -22 -23 23 -25 -26 -27 27 -29 -30 -31
leaf_value=-0.03058151611452219 0.032949690397149282 0.04479652987179443 0.039675538032814296 0.033416435180512231 -0.030668208561765414 -0.034686874557739396 -0.032100804875062318 -0.033770773951671641 -0.034322078153006357 -0.044933380262972861 -0.033889524180585946 -0.032936969282470988 0.045025019051758867 -0.032693714279716908 0.034076312297159642 -0.038007590410813974 0.01030921428703699 0.034400395629829481 -0.027538157140345451 -0.035087793746565059 0.033537387540532822 -0.0092024186449534452 0.03116534605991882 -0.03406767943439977 0.031279129505399121 0.027717147612092947 -0.041481432350553862 0.035538881616562962 -0.036069710939504951 -0.0024299415728986917
leaf_weight=5.0373770352452993 3.3030885942280319 1.5376571379601944 1.5963858291506756 29.562818931415681 2.7477391120046368 7.2846367470920068 4.2405197769403449 17.48097637668252 3.1098749767988911 1.7030467800796021 65.219593418762088 134.26435070298612 3.2438025847077352 39.349505161866546 174.76035568490624 3.595375100150707 1.4674478378146885 51.570680126547813 1.6559014096856142 1.2571980878710736 17.787525180727243 2.4606633037328711 2.209634616971015 2.0457041747868061 0.86862771026790131 0.90690980851650227 2.5734293870627862 7.6454844027757645 6.9286115616559965 1.4125700313597915
leaf_count=154 50 16 14 464 93 209 68 606 108 8 2320 4845 45 1442 3082 81 25 873 38 28 262 32 28 69 10 11 14 121 115 20
internal_value=0.000184125 0.00998957 0.0175607 -0.0140697 0.0242688 0.0144698 0.0277899 -0.0231673 0.0246695 0.0287109 -0.0320771 -0.0307985 -0.00117919 -0.0270783 0.0293085 0.0222513 0.00639808 0.0318643 0.0184656 0.030622 0.0283359 0.0325305 -0.0295222 -0.000194665 -0.0245254 -0.0277779 0.0330856 0.0161429 -0.0279637 0.030629
internal_weight=598.827 454.869 345.991 108.879 300.789 42.1214 280.005 20.7841 33.9299 275.765 66.7573 143.958 9.69375 45.2012 273.017 85.5772 32.3035 53.2737 23.9074 30.82 19.4434 187.44 43.6048 4.25534 4.464 8.19155 184.979 10.2189 8.39606 4.65637
internal_count=15251 10187 7031 3156 5478 820 4822 656 600 4754 2336 5064 219 1553 4661 1412 531 881 391 492 300 3249 1539 97 91 220 3217 135 140 65
is_linear=0
shrinkage=0.05


Tree=143
num_leaves=31
num_cat=0
split_feature=10 34 1 5 5 7 15 12 26 1 10 11 0 8 35 5 30 14 9 3 15 6 5 16 8 7 9 11 33 17
split_gain=116.388 52.5487 21.4212 16.1198 6.90954 6.25677 4.81493 10.1423 3.8971 3.84366 5.46157 4.33767 3.01401 2.567 2.35161 1.24442 1.15687 1.07067 3.71918 4.67031 0.903738 0.700903 2.4112 0.674895 0.626562 0.375578 0.351049 0.348197 0.910089 0.329788
threshold=0.37169821560382849 0.79882878065109264 0.45403732359409338 -0.12227304279804228 0.17090725153684619 0.38117469847202307 0.26174925267696386 0.30815319716930395 -1.4881933331489561 0.57510215044021618 0.40957197546958929 0.090250898152589812 0.5600390136241914 -0.22542591392993924 0.264868974685669 -0.11561591923236846 0.1385820880532265 0.46683330833911901 0.47280906140804296 0.32339707016944891 0.22420193254947665 0.81101468205451976 0.12679571658372882 0.48247499763965612 -0.22542591392993924 0.32883311808109289 0.67897671461105358 0.81779608130455028 0.34627112746238714 -0.97976791858673085
decision_type=8 8 10 10 10 2 8 8 8 8 8 10 8 2 10 8 10 8 10 8 8 2 10 8 2 2 10 10 8 8
left_child=1 3 13 -1 14 6 7 12 -8 -2 11 -11 -4 -3 20 -15 -13 -12 -19 -20 -5 23 26 -10 -21 -6 -23 -25 -29 -22
right_child=9 2 5 4 25 -7 8 -9 21 10 17 16 -14 15 -16 -17 -18 18 19 24 29 22 -24 27 -26 -27 -28 28 -30 -31
leaf_value=-0.034012017705314632 0.034535059156183233 -0.032107905920205272 0.040620403358467699 -0.013208543362503756 -0.034651508202055051 0.032513598772109992 0.03001470483568593 -0.033531628084320961 -0.088196181720223407 -0.035297130709942434 0.034876280259345686 0.036312582294679194 -0.034965834217936122 -0.01917139798066167 -0.034131472207890638 0.033888783854806842 -0.018070485266551268 0.034756108854370513 0.033749546245516189 -0.028243054370663757 0.011630329204370404 0.0023399285050354243 -0.0342081656598257 -0.033926966143124099 -0.067785823154080049 0.0027218339152803154 0.038506997780025295 0.036749664067051845 -0.03402213038231653 0.034473439149731562
leaf_weight=12.450067989528177 148.35375039279461 1.81345706060529 8.6116446964442694 1.0342334508895912 4.2614272367209187 4.000723108649253 2.4550583399832249 17.826872192323211 0.57029761746526031 7.1695686858147365 23.472502365708351 4.2271905653178692 1.5573704000562436 1.1840534806251524 1.324361728504299 16.554310709238056 1.2722180560231207 14.010794378817083 3.5110565423965445 2.403003292158246 1.6205507181584833 1.3548214584588998 8.373994739726184 233.14940575882792 1.7179663665592668 0.79812973737716664 1.3291668556630609 0.63142828084528357 1.6189705692231657 63.184387400746346
leaf_count=383 2865 29 103 24 113 60 19 563 9 183 428 53 29 32 40 279 22 255 58 36 36 25 267 8117 11 18 15 11 55 1113
internal_value=-5.58512e-05 -0.0162655 -0.0260534 0.0185327 0.0275906 -0.0295687 -0.0304638 -0.010802 -0.0326701 0.030274 0.0193342 -0.0096736 0.0290445 0.0245542 0.0318352 0.030347 0.0237318 0.02748 0.0194584 -0.00862489 0.0331622 -0.0332931 -0.02099 -0.0338697 -0.0447278 -0.028756 0.0202506 -0.033738 -0.0141646 0.0339022
internal_weight=591.843 385.705 301.032 84.6732 72.2231 281.48 277.479 27.9959 249.483 206.138 57.7843 12.669 10.169 19.5518 67.1635 17.7384 5.49941 45.1153 21.6428 7.63203 65.8392 247.028 11.058 235.97 4.12097 5.05956 2.68399 235.4 2.2504 64.8049
internal_count=15251 11340 9613 1727 1344 9273 9213 695 8518 3911 1046 258 132 340 1213 311 75 788 360 105 1173 8499 307 8192 47 131 40 8183 66 1149
is_linear=0
shrinkage=0.05


Tree=144
num_leaves=31
num_cat=0
split_feature=13 5 10 10 23 30 21 4 2 23 9 1 25 6 10 11 12 5 31 6 22 9 20 15 8 6 23 18 10 2
split_gain=117.637 36.4875 28.3026 9.54236 8.67482 7.42373 4.46873 3.34946 3.11649 2.82242 2.45942 2.44001 1.97064 6.76267 3.07008 2.19511 1.857 1.6611 1.51662 1.23516 1.20295 0.856779 0.620881 0.42619 0.367444 0.30358 0.189686 0.14544 0.0449462 0.0436672
threshold=0.6440052092075349 -0.30616976320743555 0.32801096141338354 0.27134813368320471 0.045458499342203147 0.18791685253381732 0.69649645686149608 0.39936998486518865 -0.35181166231632227 -0.48498241603374476 0.26301448047161108 0.51681360602378856 0.91845613718032848 0.72645181417465221 0.29419134557247167 -0.49397671222686762 0.28327733278274542 0.27501697838306433 0.84109598398208629 0.73997053503990184 0.78002732992172252 0.51020181179046642 -0.33778379857540125 0.25815042853355413 0.36559705436229711 0.69899210333824169 -0.32143673300743097 0.2570719718933106 0.32080532610416418 -0.0052133861463516942
decision_type=10 8 10 8 8 8 10 10 8 8 10 10 8 2 8 10 10 10 10 2 8 10 8 8 2 2 8 8 10 8
left_child=1 6 5 4 -3 11 -1 -6 -5 22 19 -2 -10 14 15 -14 -11 29 24 -4 -18 28 -7 -22 -9 -16 -25 -28 -15 -17
right_child=2 3 10 8 7 9 -8 18 12 16 -12 -13 13 21 25 17 20 -19 -20 -21 23 -23 -24 26 -26 -27 27 -29 -30 -31
leaf_value=0.034770762852905396 0.031167718287978458 -0.034033582218092093 -0.02755961852087075 0.034898174973894157 -0.034713927834386975 -0.034189269010946301 -0.034201341289843937 0.03590275503637292 -0.033906119895859864 -0.01202591380170716 -0.034099676166067835 -0.03441460105998987 0.041849972184419257 0.033965245725420048 -0.03424888833523608 -0.048924385538562383 -0.024582419475922684 0.040273994519962837 -0.0175301457931233 0.035543145792086693 0.0059221750559560193 -0.0024709841084020103 0.019391739524327264 0.013121188824020686 0.0081225020391190866 -0.011261011281728977 0.018226801154929331 0.034574905204623169 0.044249502599901076 -0.034297561297552751
leaf_weight=29.357048789039258 1.8989881128072736 12.172866033390163 1.2261811047792464 1.7944789193570612 2.4179195389151635 1.8685198985040186 2.5526283457875243 13.356078239157798 175.16967423632741 2.2219631951302281 19.563368389382958 5.6025625839829445 2.3631628602743149 2.4423239640891543 45.062203120440245 0.65719912201166153 0.87478151172399421 0.89372099936008442 1.6216747853904951 2.109732910990715 1.326290078461172 1.8181435428559778 0.76080478727817569 1.046230651438236 1.3067647423595179 1.4834850654005993 1.3696437031030657 203.22087816521525 1.8803294189274309 2.2822783198207617
leaf_count=558 25 466 26 29 62 55 81 204 6823 35 704 185 11 34 1668 10 6 7 33 26 15 29 11 17 28 32 17 4033 13 72
internal_value=-0.000254117 -0.0212759 0.0255708 -0.027321 -0.00118268 0.0310727 0.0292533 0.020199 -0.0307428 0.0327969 -0.0273332 -0.0178127 -0.0312461 -0.0233329 -0.0291148 0.00394786 0.0334413 -0.0194188 0.0283525 0.0123485 0.0339273 0.0263264 -0.0186854 0.0341746 0.033427 -0.0335162 0.0343569 0.0344655 0.0384388 -0.0375678
internal_weight=541.722 298.632 243.09 266.722 30.8753 220.191 31.9097 18.7024 235.847 212.689 22.8993 7.50155 234.053 58.8828 52.742 6.19636 210.06 3.8332 16.2845 3.33591 207.838 6.1408 2.62932 206.963 14.6628 46.5457 205.637 204.591 4.32265 2.93948
internal_count=15315 10160 5155 9521 793 4399 639 327 8728 4189 756 210 8699 1876 1800 100 4123 89 265 52 4088 76 66 4082 232 1700 4067 4050 47 82
is_linear=0
shrinkage=0.05


Tree=145
num_leaves=31
num_cat=0
split_feature=4 13 10 7 10 24 14 9 11 11 10 8 8 20 19 14 7 18 10 8 9 0 21 7 17 9 32 0 0 26
split_gain=68.7509 38.5491 45.0529 20.0716 11.6382 6.78396 4.0843 3.97649 5.06349 3.62427 4.46503 3.45766 3.183 2.89693 2.60888 2.31269 2.02155 1.72767 2.26976 1.60266 2.12556 1.60216 1.54852 2.81475 1.31281 0.930616 1.79552 0.697664 0.566085 4.81023
threshold=0.50300881266593944 0.66926905512809765 0.40597115457057958 0.31460300087928778 0.27457231283187872 0.18666049838066104 -0.56357410550117482 0.47280906140804296 -0.035506220534443848 -0.59378764033317555 0.30951426923274999 0.76579961180686962 0.5465783178806306 -0.4970181137323379 0.80433860421180736 0.53466147184371959 0.25929506123065954 0.35129770636558538 0.28878164291381841 -0.53145897388458241 0.74798011779785167 0.73183855414390575 0.2104272395372391 0.33907961845397955 -0.41327615082263941 0.80333301424980175 -0.0081900972872972471 0.56775361299514782 0.64881381392478954 0.51134145259857189
decision_type=8 10 8 2 10 10 8 10 10 10 10 2 2 8 8 10 2 8 10 2 10 10 8 2 8 10 10 8 10 8
left_child=6 2 4 17 14 13 12 -4 -9 10 -6 16 24 -5 -2 -15 -11 18 -3 20 -18 22 23 -21 -1 -8 -27 -10 -24 -30
right_child=1 3 7 5 9 -7 25 8 27 11 -12 -13 -14 15 -16 -17 19 -19 -20 21 -22 -23 28 -25 -26 26 -28 -29 29 -31
leaf_value=0.043816277621998717 0.030247357814232535 -0.030347241409776151 -0.033932209564261989 0.034677685366497395 -0.035374611815676547 0.03296122137531754 -0.033677242595502657 0.045247412036490978 -0.034008595171801319 -0.035946969198564348 0.035451370020759085 -0.04505003215841432 -0.030469337984421193 -0.028134695746717023 -0.032670106952780296 0.036638606874431788 -0.037068907235282729 -0.03395511471308308 0.036697014565590387 0.029305028513120442 0.034807957972696112 -0.0089087723348026584 0.033500840671525547 -0.037792460808204961 -0.013244327735938253 -0.034151072087403637 0.036608487333782823 0.021456207579125107 0.031299153838855828 -0.031337804667284405
leaf_weight=3.6743630841374397 1.979664182290432 3.2483078334480524 37.253265269100666 2.9168002121150494 4.8140645250678045 20.625822357833385 123.48233819939196 3.9882738664746284 5.1692668255418521 1.1503243707120407 4.137996967881918 1.536398909986018 4.2641879376024008 11.558047132566571 9.8223844300955534 1.5645923539996154 2.0193810313940039 64.461361492052674 2.0648747645318508 5.1238752193748942 2.0963545292615891 2.4895677454769602 179.28529245220125 2.2491215616464615 1.3891081996262054 2.5109159909188752 1.3943783380091179 0.636802278459072 55.708512168377638 3.2435609921813002
leaf_count=55 23 114 1479 53 105 353 4786 37 183 16 60 13 154 336 350 15 35 2562 20 75 37 18 3260 23 15 80 9 8 993 48
internal_value=0.000299203 0.0101362 0.0187427 -0.0159569 0.0264608 0.0139953 -0.0305787 -0.0264788 0.00187077 0.0286337 -0.00263604 0.0297318 0.00135855 -0.0103937 -0.0221164 -0.0204119 0.0301853 -0.0316963 -0.00429167 0.0304869 -0.000458345 0.0310003 0.0314048 0.00883704 0.0281623 -0.0329172 -0.0088865 -0.0279253 0.0321032 0.0278528
internal_weight=565.859 429.144 322.704 106.44 275.656 36.6653 136.715 47.0476 9.79434 263.854 8.95206 254.902 9.32766 16.0394 11.802 13.1226 253.366 69.7745 5.31318 252.216 4.11574 248.1 245.61 7.373 5.06347 127.388 3.90529 5.80607 238.237 58.9521
internal_count=15315 10216 6763 3453 5056 757 5099 1707 228 4683 165 4518 224 404 373 351 4505 2696 134 4489 72 4417 4399 98 70 4875 89 191 4301 1041
is_linear=0
shrinkage=0.05


Tree=146
num_leaves=31
num_cat=0
split_feature=10 34 1 2 2 7 16 13 1 10 11 14 8 11 2 35 18 2 14 9 11 0 31 9 27 17 7 7 8 2
split_gain=110.844 49.2431 18.8782 14.5956 6.72487 5.18581 4.27259 5.61226 3.37009 4.99098 3.39358 2.84335 2.74513 2.47446 2.47289 2.21921 1.64937 1.38154 1.08737 3.9117 4.87517 0.842957 0.822749 1.99033 0.754995 0.487265 0.465275 0.428461 0.404813 0.208654
threshold=0.37169821560382849 0.79882878065109264 0.45403732359409338 0.12630295753479007 -0.1709204167127609 0.38946869969367987 0.53828620910644542 0.51586562395095836 0.57510215044021618 0.40597115457057958 0.10095053538680078 -0.36126475036144251 -0.22542591392993924 0.81779608130455028 -0.038399212062358849 0.264868974685669 0.16508317738771441 0.1192084662616253 0.46683330833911901 0.47280906140804296 0.075668264180421843 0.75428903102874767 0.9191037416458131 0.6410479247570039 0.19953121244907382 -0.031529836356639855 0.27668875455856329 0.32883311808109289 -0.095804590731859193 -0.15655481815338132
decision_type=8 8 10 10 10 2 8 10 8 8 10 10 2 10 10 10 8 10 8 10 10 10 10 10 10 10 2 2 2 8
left_child=1 3 12 4 27 6 7 26 -2 10 -10 -9 -3 16 -15 22 -8 -14 -11 -20 28 -18 29 -24 -12 -13 -4 -1 -21 -6
right_child=8 2 5 -5 15 -7 13 11 9 18 24 25 17 14 -16 -17 21 -19 19 20 -22 -23 23 -25 -26 -27 -28 -29 -30 -31
leaf_value=-0.034792447661460967 0.034441861252376048 -0.032282502274932921 -0.072395067638327523 -0.033926732029502714 0.013213272552016805 0.034303165016277129 0.010239815597594112 -0.032627320090230234 -0.034961049247501666 0.034793308714088818 0.036313315108496634 0.035805626882718766 0.03389289864112343 -0.034014424233667379 0.049401024172311847 -0.034078686080774974 -0.033392968798367471 -0.02433531725379438 0.034665948013873092 -0.03521609490621825 0.032691682720862272 0.0049536966638874516 -0.034255955728239258 0.035298054243207963 -0.010023948014365141 0.0015184716941258249 -0.03211329276189711 0.0045855245202613953 -0.067916085611581495 0.034693504469393385
leaf_weight=4.2652637232094994 140.64022744074464 1.9888723641634012 0.77772768773138778 11.51201807707548 1.1535401456058023 3.1451620310544959 2.2097947876900452 2.2527911253273478 6.1781325712800008 22.68262080475688 3.0483374893665314 7.0329104848206034 15.095420356839897 1.713210888206959 1.8456784486770619 1.2717983908951271 234.6919211987406 1.0923984888941038 13.932733722031118 2.3039375524967913 3.482835590839386 1.4419511482119549 1.5324294008314598 3.1279750540852547 1.2353013530373571 1.2152466941624869 9.1589589603245241 0.82428723759949196 1.6063283830881108 56.713577046990395
leaf_count=114 2895 32 9 387 21 50 29 75 173 438 39 116 271 60 12 41 8597 31 270 40 60 20 43 51 20 29 301 19 9 1063
internal_value=-5.65943e-05 -0.0163535 -0.0261435 0.0181867 0.0268954 -0.0295186 -0.0302838 -0.00833107 0.0303523 0.0197932 -0.0112487 0.0171566 0.0231526 -0.0321385 0.00924573 0.0313077 -0.0327564 0.0299635 0.0271726 0.019067 -0.0103301 -0.0331588 0.0326377 0.0124274 0.0229507 0.0307539 -0.0352661 -0.0284149 -0.0486492 0.0342653
internal_weight=559.173 364.063 283.662 80.4009 68.8889 265.485 262.34 20.4376 195.11 54.4702 10.4618 10.5009 18.1767 241.903 3.55889 63.7993 238.344 16.1878 44.0085 21.3258 7.3931 236.134 62.5275 4.6604 4.28364 8.24816 9.93669 5.08955 3.91027 57.8671
internal_count=15315 11371 9632 1739 1352 9298 9248 530 3944 1049 232 220 334 8718 72 1219 8646 302 817 379 109 8617 1178 94 59 145 310 133 49 1084
is_linear=0
shrinkage=0.05


Tree=147
num_leaves=31
num_cat=0
split_feature=16 10 30 4 13 23 12 7 13 1 2 10 6 2 10 4 28 0 20 2 6 3 33 16 1 12 33 10 9 7
split_gain=109.611 60.5684 31.9468 3.65199 2.95667 2.38631 2.31704 1.88504 1.79027 2.61404 1.7335 0.932009 3.99895 0.890147 0.880641 3.39632 0.752005 0.560117 0.520816 0.497714 0.249128 1.71489 0.193893 0.176714 0.0835439 0.0730251 0.0623365 0.133478 0.0418415 1.47335
threshold=0.63233521580696117 0.32801096141338354 0.18791685253381732 0.39936998486518865 0.59369555115699779 -0.48498241603374476 0.25254487991333013 0.26553532481193548 0.79504406452178966 0.6761603355407716 0.42121572792530065 0.31272865831851965 0.51448738574981701 -0.25114266574382776 0.26279318332672125 0.44826354086399084 0.76360622048378002 0.75428903102874767 0.42720064520835882 0.10982269048690797 0.75256043672561657 0.4234860241413117 0.49246236681938177 0.76824918389320385 0.63609361648559581 0.30571998655796057 0.82207176089286815 0.26630991697311407 0.70168870687484752 0.29456000030040747
decision_type=8 8 8 10 8 8 8 2 10 10 10 10 2 8 10 8 8 10 8 10 2 8 10 8 10 10 10 10 10 2
left_child=14 2 7 -4 13 10 -7 -2 20 -10 -6 16 18 -5 15 19 -8 -16 -13 -1 -3 -22 -9 -14 26 -20 28 -28 -18 -30
right_child=1 8 3 4 5 6 11 22 9 -11 -12 12 23 -15 17 -17 24 -19 25 -21 21 -23 -24 -25 -26 -27 27 -29 29 -31
leaf_value=-0.033975428849249555 0.027345272661434879 -0.033980029803229707 -0.035054395533436526 0.032741342990869685 -0.03443591349047663 -0.034493567265230014 -0.004424277624855511 -0.034193228248386193 0.035672588287388271 -0.034252815968657466 0.03487038552383865 0.0034070102514929417 0.013440265937425845 -0.034090256382331409 -0.034030701277732008 0.029711771471035788 0.03460713091074346 0.0053202475097228839 -0.035005546575165122 0.017148333745835902 0.041526292131202951 -0.034302902456210281 -0.004475247604710038 0.034839468223201234 0.019911792566257185 -0.053398969362172304 0.03474510540549338 0.012111971629378732 0.034777571806402563 -0.025504832923362381
leaf_weight=12.3937560878694 1.3539816793054367 47.122051639482379 2.0699658989906302 0.64348292164504528 2.2968510463833813 1.2724892683327214 1.2679043300449837 21.497295051813129 2.446592114865779 2.9457735139876604 1.485923610627651 0.81527024880051879 1.0448530446737976 2.2073820363730188 155.68609946407378 2.6946254521608362 196.24627187661827 0.90957389399409194 1.1742531489580876 0.49509168788790781 0.87486161291599174 5.0460433810949326 0.56324178166687389 12.584910318255424 1.020056053996085 0.99844633974134911 1.8914209268987172 0.99363305047154415 27.558580078184608 1.0523009710013855
leaf_count=519 20 1868 41 7 68 34 36 811 30 101 26 24 21 78 6405 33 4037 20 38 7 4 185 16 233 17 4 36 15 555 10
internal_value=-0.000194775 0.0163272 0.025989 0.0310902 0.0316281 0.0322016 0.0328029 -0.0299198 -0.029975 -0.00252668 -0.00721149 0.0331501 0.0217148 -0.0190054 -0.0326741 -0.0213387 0.0339762 -0.0338021 -0.0306709 -0.0320116 -0.0327654 -0.0230985 -0.0334345 0.033199 0.0341891 -0.0434581 0.034253 0.0269501 0.0343467 0.0325604
internal_weight=510.653 338.474 280.039 256.624 254.554 251.703 247.92 23.4145 58.4353 5.39237 3.78277 246.648 16.6177 2.85086 172.179 15.5835 230.03 156.596 2.98797 12.8888 53.043 5.9209 22.0605 13.6298 228.762 2.1727 227.742 2.88505 224.857 28.6109
internal_count=15299 8315 6127 5280 5239 5154 5060 847 2188 131 94 5026 320 85 6984 559 4706 6425 66 526 2057 189 827 254 4670 42 4653 51 4602 565
is_linear=0
shrinkage=0.05


Tree=148
num_leaves=31
num_cat=0
split_feature=1 13 10 20 10 10 21 34 7 24 0 6 25 28 20 10 14 6 7 8 14 3 27 15 12 6 0 15 30 10
split_gain=52.4551 40.4172 25.4699 19.3883 12.463 7.74617 6.87946 4.41053 4.04979 2.99091 2.73923 3.06641 2.73886 2.67514 4.3712 4.23486 6.18699 2.31547 5.91309 2.28398 2.22788 2.1503 2.63595 1.67957 1.59627 1.56964 1.37597 1.12158 0.954519 1.58691
threshold=0.4976805597543717 0.66002097725868236 0.40137711167335516 -0.2250830605626106 0.27867548167705541 0.33199745416641241 0.2104272395372391 0.9415801763534547 0.32018519937992101 0.20207819342613223 0.39959244430065161 0.59064516425132763 0.94169387221336376 0.9117809832096101 -0.26094295084476465 0.32801096141338354 -0.27688279747962946 0.82131716609001171 0.31158985197544103 0.28481121361255651 0.5140109956264497 0.61017015576362621 0.62454718351364147 0.6494717299938203 0.74996879696846019 0.640720695257187 0.2401416897773743 0.24519171565771106 0.17924896627664569 0.28779920935630804
decision_type=8 10 8 8 10 10 8 10 2 10 10 2 8 8 10 10 8 2 2 2 10 10 10 10 10 2 10 8 8 10
left_child=7 2 4 12 21 27 8 24 -6 20 11 -4 -3 17 15 16 19 -8 -19 -15 -7 22 -2 -18 26 -17 -1 -5 29 -29
right_child=1 3 10 5 6 9 13 -9 -10 -11 -12 -13 -14 14 -16 25 23 18 -20 -21 -22 -23 -24 -25 -26 -27 -28 28 -30 -31
leaf_value=0.046787602821397628 -0.034119516162844157 -0.032014049583256078 0.034034312228431139 0.04168904346224224 0.026242503001916603 -0.024294838047276748 0.0336631167149938 0.033214520861546512 -0.033087759490168629 0.029895212687649327 -0.029872997361316284 -0.034380996081820769 0.032765914918863395 0.033484241318674592 0.03360456627562141 0.034575277216835842 -0.029975274472642754 0.034229852278624122 -0.036751581289419154 -0.04127078412097035 0.037066921551524544 0.020968680154910879 0.030503990389719196 0.025879313916616988 0.037398451720561242 -0.024489576227547778 -0.03174497657690506 -0.033918228081697754 -0.033680122524710837 0.037130181857588228
leaf_weight=0.56052343733608623 12.3662440571934 1.7826013658195758 3.9611759260296813 0.51203856244683266 4.6629408970475179 7.894226251170041 147.30688408762217 2.7512598149478427 7.5062000714242458 7.1015312578529111 26.878090921789408 2.7923453152179718 19.269315829500556 9.6621677801012975 34.266859352588654 14.363843973726032 13.181655934080483 9.441545829176901 4.2568920645862809 1.1425927057862271 1.8203296959400175 2.961936527863144 1.8087589442729939 1.4989811610430468 0.85046140849590202 1.2203826382756222 113.17887120321393 2.0171642992645507 76.772812241688371 1.2876022346317766
leaf_count=10 455 48 43 6 86 224 2948 51 230 136 1061 98 347 175 669 262 191 164 66 9 18 51 24 26 20 9 4576 86 3198 12
internal_value=0.000192427 0.00848958 0.0182742 -0.016231 0.0234642 -0.025635 0.0263081 -0.0293456 -0.0103537 0.0052323 -0.0227202 0.00574697 0.0272806 0.0281958 0.0204192 0.00941793 -0.00313735 0.0318346 0.0121718 0.025579 -0.0127968 -0.0177773 -0.0258734 -0.0242722 -0.0308477 0.02995 -0.031358 -0.0320759 -0.0325475 -0.00623637
internal_weight=535.078 417.737 299.279 118.458 265.648 97.4057 248.511 117.341 12.1691 16.8161 33.6316 6.75352 21.0519 236.342 75.3365 41.0696 25.4854 161.005 13.6984 10.8048 9.71456 17.1369 14.175 14.6806 114.59 15.5842 113.739 80.5896 80.0776 3.30477
internal_count=15299 10642 6567 4075 5365 3680 4835 4657 316 378 1202 141 395 4519 1341 672 401 3178 230 184 242 530 479 217 4606 271 4586 3302 3296 98
is_linear=0
shrinkage=0.05


Tree=149
num_leaves=31
num_cat=0
split_feature=10 4 6 2 8 11 11 24 20 31 10 11 2 27 16 9 21 4 9 8 17 10 8 19 7 4 7 29 7 24
split_gain=102.244 75.9276 5.53125 9.29513 5.41104 4.36661 3.2642 2.7346 2.73265 2.51243 4.77747 2.9079 2.44331 2.12926 1.67189 1.35717 1.2886 1.39508 1.23693 2.28192 1.00409 0.963029 0.666254 1.36013 0.594831 0.339124 2.67297 0.33625 0.282385 0.553697
threshold=0.37538909912109381 0.47519899904727941 0.80477467179298412 -0.1451584920287132 -0.33437740802764887 -0.28255958855152125 0.81779608130455028 0.19750226289033893 0.2369065806269646 1.0701794624328616 0.40957197546958929 0.3326492458581925 -0.038399212062358849 0.25979888439178472 0.52798235416412365 0.27985829114913946 0.2104272395372391 0.52697229385375988 0.69855341315269481 -0.45265351235866541 0.066979113966226592 0.56186664104461681 -0.21085171401500699 0.80433860421180736 0.32978555560112005 0.49070937931537634 0.30461411178112036 -1.4035562276840208 0.19623280316591266 0.8414517641067506
decision_type=8 8 2 10 2 10 10 8 10 8 8 10 10 10 10 10 8 10 10 2 10 10 2 8 2 10 2 8 2 8
left_child=1 4 6 -4 -1 -6 7 13 22 -2 11 15 -8 -3 -5 -11 17 24 20 -20 -12 -22 23 -7 -9 26 -18 -27 29 -24
right_child=9 2 3 14 5 8 12 16 -10 10 18 -13 -14 -15 -16 -17 25 -19 19 -21 21 -23 28 -25 -26 27 -28 -29 -30 -31
leaf_value=-0.036001288013993764 0.034455973543773527 0.034066040615519003 -0.034261806219873611 0.040997044429123143 -0.03470127624729151 0.034964991763361229 -0.033941511932196633 -0.0074839198407589489 -0.034698247297219799 0.029680532139042988 0.032687364123621637 0.03630775572821715 0.046121687753235677 -0.034339485611080627 -0.0094086845024470272 -0.033578739802003425 -0.032944267110041212 -0.034295057263210048 0.028903451768630656 -0.05845940044223065 -0.023379433154756116 0.036138299147120329 -0.01092917906390452 -0.025691632540171427 0.040237678830085409 -0.014258914179570592 0.039078447002586877 -0.033831406382730141 0.03431696191346098 0.034830519445891238
leaf_weight=3.3422779459506264 123.92591403797269 2.7671944722533235 12.270610807463529 7.9739001132547838 2.6035156846046439 2.5075057670474048 1.5937673151493075 1.2361322697252028 1.5429887976497401 0.9751773811876755 40.849901529029012 2.5735946409404278 2.36982413008809 1.9317144919186828 2.0726950876414776 6.4944212045520544 12.684562612324951 2.536396162584424 2.188260674476624 1.1352241840213526 1.6145032979547971 1.173770062625408 1.0354670472443093 1.4636629223823545 1.3841723725199697 2.2172493524849415 1.4338591881096352 212.639862453565 67.165828295052052 1.8282944262027743
leaf_count=103 2716 25 420 67 79 41 61 28 38 19 833 32 18 56 35 174 486 76 44 16 20 21 16 10 15 32 11 8354 1421 32
internal_value=-6.63704e-06 -0.0159106 -0.0288851 -0.00506373 0.0262997 0.0289643 -0.0310747 -0.0318216 0.0311584 0.0304599 0.0217726 -0.00952777 0.0139281 0.00594463 0.0305979 -0.0253201 -0.0325795 -0.00786183 0.0284664 -0.000937642 0.0307059 0.00167555 0.0325316 0.0126086 0.0177249 -0.0331362 -0.0256297 -0.0336294 0.0336614 0.0182849
internal_weight=527.532 346.601 265.112 22.3172 81.4895 78.1473 242.795 238.831 75.5437 180.931 57.0049 10.0432 3.96359 4.69891 10.0466 7.4696 234.132 5.1567 46.9617 3.32348 43.6382 2.78827 74.0008 3.97117 2.6203 228.976 14.1184 214.857 70.0296 2.86376
internal_count=15299 11424 9684 522 1740 1637 9162 9083 1558 3875 1159 225 79 81 102 193 9002 119 934 60 874 41 1520 51 43 8883 497 8386 1469 48
is_linear=0
shrinkage=0.05


Tree=150
num_leaves=31
num_cat=0
split_feature=16 10 30 12 13 4 16 10 4 23 2 7 6 9 2 10 6 1 0 28 25 11 7 33 27 10 4 9 7 1
split_gain=102.322 54.9995 28.86 3.35374 2.61268 2.03485 1.82359 3.43423 2.47654 1.79112 1.52013 1.51473 1.49947 3.70292 1.13138 0.711716 3.3462 0.546077 0.52469 0.482624 0.478388 0.224287 1.14893 0.132857 0.115335 0.0924291 0.0898165 0.0562827 1.86976 0.0227421
threshold=0.64119571447372448 0.32801096141338354 0.18791685253381732 0.28327733278274542 0.61125853657722484 0.39936998486518865 0.60595834255218517 0.28010214865207678 0.45126831531524664 -0.44837617874145502 0.40145154297351843 0.26553532481193548 0.73997053503990184 0.53379085659980785 -0.23811300843954084 0.31272865831851965 0.51448738574981701 0.57510215044021618 0.75428903102874767 0.75134176015853893 0.89461359381675731 -0.77514684200286854 0.38117469847202307 0.29307271540164953 0.59126904606819164 0.32905268669128424 0.63800022006034862 0.70168870687484752 0.29576836526393896 0.41808208823204046
decision_type=8 8 8 8 8 10 10 10 10 8 10 2 2 10 10 10 2 10 10 8 10 10 2 8 10 8 10 10 2 10
left_child=6 2 11 17 14 -6 18 8 -8 10 -7 -2 25 -14 -5 19 20 -4 21 -11 -17 22 -1 -18 -13 -3 27 29 -29 -21
right_child=1 12 3 4 5 9 7 -9 -10 15 -12 24 13 -15 -16 16 23 -19 -20 26 -22 -23 -24 -25 -26 -27 -28 28 -30 -31
leaf_value=0.043221480930205898 0.024364415468206897 -0.01404198471420009 0.0077026094597099333 0.031118281251379467 -0.03507491746794944 -0.034297056460060413 -0.034869942100248345 -0.034143825243922003 0.037093750847180994 0.0010267477157655937 0.034897740541083105 -0.034158435533690405 0.03695877077108297 -0.03422137340358513 -0.03181165501735244 -0.044270907659738484 0.014864966730079358 -0.03636800919389023 0.0040671528595094602 0.027091909802088629 0.0019860549227698346 -0.034009886715238989 -0.033813592502561066 0.034757945364846866 -0.010020588270517586 -0.033982117067609278 0.019170874378752652 0.034533204489659491 -0.038503012231254241 0.034555822924844874
leaf_weight=0.5777983739972109 1.1981627568602586 0.58899813704192538 1.0862813722342255 1.0367225818336012 1.1135082319378842 1.829822136089206 1.7108967714011658 9.089406428858636 3.9688181653618813 1.1069121100008477 1.4018023535609243 19.213201878592375 2.742889389395712 5.4725408330559731 2.2959617450833312 1.7355592213571065 0.90421252325177104 1.9916416034102438 0.92463265545666118 1.0263231527060259 0.82446148246526707 148.31520823761821 2.9819051455706358 11.693848002701996 0.50796673074364562 43.649179905653 0.99880593456327815 25.872328631579879 0.90701288543641467 181.7287708632648
leaf_count=3 19 17 21 15 21 60 44 377 51 30 25 772 31 211 76 30 18 45 20 11 25 6529 142 229 16 1816 17 566 7 4004
internal_value=-0.000366467 0.0166075 0.0260808 0.0310387 0.0317194 0.0323531 -0.031862 -0.0150847 0.0154162 0.0326795 -0.00428199 -0.0302204 -0.0300736 -0.0104564 -0.0122356 0.0332062 0.0227402 -0.0208143 -0.0334836 0.0339558 -0.0293737 -0.0337122 -0.0213095 0.0333301 -0.0335367 -0.0337166 0.0341289 0.0342002 0.0320595 0.0345139
internal_weight=478.496 310.927 258.473 237.554 234.476 231.143 167.569 14.7691 5.67971 230.03 3.23162 20.9193 52.4536 8.21543 3.33268 226.798 15.1581 3.07792 152.8 211.64 2.56002 151.875 3.5597 12.5981 19.7212 44.2382 210.533 209.534 26.7793 182.755
internal_count=15248 8082 6007 5200 5134 5043 7166 472 95 5022 85 807 2075 242 91 4937 302 66 6694 4635 55 6674 145 247 788 1833 4605 4588 573 4015
is_linear=0
shrinkage=0.05


Tree=151
num_leaves=31
num_cat=0
split_feature=1 13 10 10 10 34 21 10 20 7 3 27 14 8 11 10 7 35 0 12 10 3 6 7 12 6 5 22 12 7
split_gain=49.5647 34.925 23.6097 16.5814 12.3956 7.60085 5.41946 4.60135 4.05865 4.04421 2.95413 2.87613 2.69573 2.39601 2.24808 3.46891 2.02058 1.97947 1.82266 1.74546 1.63461 1.55577 1.54381 1.38076 1.33998 1.33859 6.5969 4.7817 3.70304 1.31598
threshold=0.50174432992935192 0.66926905512809765 0.40597115457057958 0.32801096141338354 0.28053376078605657 0.91517609357833873 0.2104272395372391 0.38288959860801702 -0.32311624288558954 0.32018519937992101 0.60672512650489818 0.62992551922798168 0.4805308878421784 0.76579961180686962 -0.59378764033317555 0.30951426923274999 0.43515279889106756 0.34000620245933538 0.73183855414390575 0.75838199257850658 0.45343953371047979 0.26786302030086523 0.73997053503990184 0.26998753845691686 0.33281601965427404 0.75002288818359386 0.14006254822015765 0.76168853044509899 0.081134758889675154 0.27324503660202032
decision_type=8 10 8 10 10 10 8 8 8 2 10 10 10 2 10 10 2 8 10 10 8 10 2 2 10 2 10 10 10 2
left_child=5 2 4 8 10 19 9 22 -3 -6 11 -2 -9 14 15 -8 18 -4 23 21 -19 -1 -5 -16 -10 -25 27 -27 -28 -7
right_child=1 3 17 7 6 29 13 12 24 -11 -12 -13 -14 -15 16 -17 -18 20 -20 -21 -22 -23 -24 25 -26 26 28 -29 -30 -31
leaf_value=0.027701085094964408 -0.033276734745879361 0.023192231526901898 -0.033849070138384042 0.034095449127154807 0.02868576123151384 -0.035216111568347364 -0.03557288114726697 -0.032636350773648543 0.00052298065662495204 -0.032220519918104248 0.022487570810281857 0.029403752642006786 0.036721077473078012 -0.046086979518650782 -0.0051442046540703668 0.035072696676562161 -0.033982969654260571 0.025524655410318783 -0.013099674931882844 0.040355177851756477 -0.017902110243852173 -0.031444582973237635 -0.0088392366232527466 0.033423918822295735 -0.033698760367429324 -0.036937592634330059 -0.035510990961731763 0.033364548321495061 0.034542811102280503 0.033392955953680602
leaf_weight=1.1228079125285138 13.508793449029328 3.4839778803288937 18.283407943323255 17.559273734688766 4.6021954603493196 0.79564644582569499 3.4004123490303746 5.9611810054630032 2.9947507213801137 6.6838358715176582 4.1913278307765713 2.116932723671197 1.8313792459666727 1.0819231010973442 2.7129666376858941 3.553575437515974 1.2493245657533396 2.8230139296501884 2.4482050128281108 0.86674139089882274 9.3234427534043789 113.76963935047388 2.3771594557911149 143.55972482822835 63.782133189961314 6.6939011402428132 1.9597439821809519 3.7871253080666065 50.408464681357145 5.7491390909999609
leaf_count=24 502 57 821 349 82 27 73 195 75 209 73 32 20 10 50 60 49 51 18 20 307 4901 38 2970 2887 90 35 80 1024 119
internal_value=0.000318854 0.00922156 0.0181463 -0.016498 0.0231707 -0.0273695 0.0264109 0.0162421 -0.0294191 -0.00738428 -0.0147868 -0.0247849 -0.0163362 0.0281379 0.0285033 0.0005279 0.0294174 -0.0234549 0.0297918 -0.0303333 -0.0078091 -0.0308666 0.028976 0.030294 -0.032164 0.0307597 0.0246742 -0.0115352 0.0319212 0.0250522
internal_weight=502.682 380.378 282.388 97.9899 251.958 122.304 232.141 27.729 70.2609 11.286 19.8171 15.6257 7.79256 220.855 219.773 6.95399 212.819 30.4299 211.57 115.759 12.1465 114.892 19.9364 209.122 66.7769 206.409 62.8492 10.481 52.3682 6.54479
internal_count=15248 10157 6536 3621 5357 5091 4750 602 3019 291 607 534 215 4459 4449 133 4316 1179 4267 4945 358 4925 387 4249 2962 4199 1229 170 1059 146
is_linear=0
shrinkage=0.05


Tree=152
num_leaves=31
num_cat=0
split_feature=10 4 6 2 8 2 11 24 15 20 2 1 14 10 1 16 4 6 12 27 15 12 26 8 4 5 6 0 16 27
split_gain=94.6192 72.9693 5.80925 9.082 5.15525 4.26634 2.6822 2.54651 2.89208 2.33173 2.24713 2.12843 3.00504 6.27151 2.00901 1.66615 1.33186 1.52449 0.835486 0.735644 0.618121 3.09857 0.590333 0.583229 1.62145 0.181895 0.131419 0.138161 0.0996646 0.0216639
threshold=0.38288959860801702 0.47519899904727941 0.80477467179298412 -0.1451584920287132 -0.33437740802764887 0.15910609066486361 0.81779608130455028 0.19750226289033893 0.22420193254947665 0.2369065806269646 -0.038399212062358849 0.58633795380592357 0.19693709909915927 0.45343953371047979 0.46464058756828314 0.53113242983818065 0.61068904399871837 0.20922413468360904 0.65161287784576427 0.1399357467889786 0.25410121679306036 0.29081995785236364 -1.4881933331489561 -0.21085171401500699 0.41408814489841467 -0.18759165704250333 0.46056704223155981 0.43925862014293676 0.40907552838325506 0.32626920938491827
decision_type=8 10 2 8 2 10 10 8 8 10 10 8 8 8 10 10 10 2 10 8 8 8 8 2 10 8 2 8 10 10
left_child=1 4 6 -4 -1 9 7 8 -3 18 -8 25 -13 26 -9 28 -15 -18 23 -16 21 -21 -22 24 -6 -2 27 -14 -5 -30
right_child=11 2 3 15 5 -7 10 14 -10 -11 -12 12 13 16 19 -17 17 -19 -20 20 22 -23 -24 -25 -26 -27 -28 -29 29 -31
leaf_value=-0.0359784193569068 0.013457482685765486 0.044785612140820226 -0.03421642531325092 0.051355177720424222 0.034863369492241357 -0.034626568803492824 -0.033899525553119814 0.037407614229519756 -0.034313196167070813 -0.034614843524660176 0.046673630907349273 0.034742264390211303 -0.035130420758797735 -0.025252930932978302 0.0045946684455435037 -0.010112265579984014 -0.020928600938471938 0.034338654863764882 -0.0045969827451444274 0.021292204661487343 0.0053026714231048447 -0.034140958120304092 -0.033954003288736073 0.034354784184525568 -0.032633333741537936 0.034399120039046174 -0.0487695960045543 -0.01190827871815732 0.036014868267347046 0.042431021199889445
leaf_weight=3.1803214102983466 1.0458104163408277 2.2997816428542146 11.533896727487443 1.7591511607170121 3.0914860889315596 2.5464539378881446 1.5123152732849123 1.0241851955652226 2.3227607421576977 1.3213877752423275 2.022753629833459 20.985884014517069 3.826745847240093 1.2241347432136525 1.3085281290113937 2.0024470910429946 1.3793918043375004 13.074511103332041 1.4935749731957901 3.1060328111052513 0.96224040910601616 13.382548375055196 201.03445381112397 66.30332120321691 1.2493543960154054 121.80290634557605 1.3940799273550508 0.76925422251224507 4.4711396507918835 1.8641189783811567
leaf_count=102 21 13 418 7 54 81 62 10 68 36 16 437 110 13 25 34 24 279 20 32 12 486 8452 1493 9 2849 8 10 58 9
internal_value=3.04269e-05 -0.015451 -0.0286715 -0.00390335 0.0263891 0.0289987 -0.0310112 -0.0316889 0.0050396 0.0312043 0.0122041 0.0308797 0.0212569 0.00819614 -0.0324578 0.030724 0.0248232 0.0290643 0.0324099 -0.0327833 -0.0330072 -0.0236987 -0.033767 0.0331923 0.0154369 0.0342208 -0.0353225 -0.0312436 0.0408264 0.0379028
internal_weight=495.295 329.792 250.606 21.6308 79.1859 76.0056 228.976 225.441 4.62254 73.4591 3.53507 165.503 42.654 21.6681 220.818 10.0969 15.678 14.4539 72.1377 219.794 218.485 16.4886 201.997 70.6442 4.34084 122.849 5.99008 4.596 8.09441 6.33526
internal_count=15248 11497 9702 526 1795 1693 9176 9098 81 1612 78 3751 881 444 9017 108 316 303 1576 9007 8982 518 8464 1556 63 2870 128 120 74 67
is_linear=0
shrinkage=0.05


Tree=153
num_leaves=31
num_cat=0
split_feature=16 10 30 4 13 10 27 13 1 12 14 16 10 4 10 6 0 28 25 21 16 11 8 6 3 1 1 24 12 9
split_gain=96.4774 51.4092 26.0708 3.13214 2.60242 2.01415 1.86487 1.80513 2.27111 1.58844 1.57034 1.55137 2.89676 2.28012 0.824657 3.05248 0.563028 0.517904 0.477114 0.476894 0.317938 0.190353 1.01208 0.156289 1.26923 0.104913 0.101663 0.0863138 0.0535632 0.0509954
threshold=0.64119571447372448 0.32801096141338354 0.18791685253381732 0.39936998486518865 0.63671869039535534 0.27292819321155554 0.59126904606819164 0.79504406452178966 0.6761603355407716 0.28327733278274542 -0.62060213088989247 0.60595834255218517 0.27867548167705541 0.45126831531524664 0.31272865831851965 0.51448738574981701 0.75428903102874767 0.94157189130783092 0.78670608997344982 0.43715703487396246 0.76984772086143505 -0.77514684200286854 -1.0000000180025095e-35 0.75256043672561657 0.4234860241413117 0.63609361648559581 0.41808208823204046 0.39004538953304296 0.44034786522388464 0.70168870687484752
decision_type=8 8 8 10 8 10 10 10 10 8 8 10 10 10 10 2 10 10 8 8 8 10 2 2 8 10 10 10 10 10
left_child=11 2 6 -4 5 28 27 23 -9 -6 19 16 13 -13 18 17 21 -16 -12 -11 -17 22 -1 -3 -25 26 -20 -2 -5 -28
right_child=1 7 3 4 9 -7 -8 8 -10 10 14 12 -14 -15 15 20 -18 -19 25 -21 -22 -23 -24 24 -26 -27 29 -29 -30 -31
leaf_value=-0.033782052065519083 -0.034125717521635388 -0.033912771056003453 -0.03489502402707672 0.035940010170579316 -0.01344193822486049 -0.034046808103809938 0.021949412374756026 0.035455666976417992 -0.03411877421954633 -0.034386201106730276 -0.0047991640001557034 -0.034759991579699223 -0.034071483533470288 0.036813970717831011 -0.043175261541381731 0.0042871637798549888 0.0073908347279408653 0.005083527805636024 0.01996761286874861 0.019635153626396007 0.034659502903181059 -0.033982520318352888 0.043306190384950038 0.041126251126100022 -0.034213490300280217 0.01646480439275139 0.034443647145410247 -0.013309838763617852 0.020996756511913725 0.031986191011358613
leaf_weight=2.7127162553370003 17.69853048212827 40.057480100542307 1.7974278368055809 1.2995797544717782 1.889558132737877 2.658874211832881 1.6514575108885754 2.2826300188899031 2.4127637930214405 1.1091683432459827 0.79652870818972488 1.6365473996847857 8.1797957960516197 3.4764266461133957 1.7600698303431266 0.93668859079480082 0.8382358755916347 0.81263680942356575 1.2731177173554886 0.64675222896039497 10.754119794815777 140.30633805133402 0.50503996014594932 0.64148035645484824 4.349136782810092 0.85169688053429027 172.27185013890266 0.51241993345320125 1.1134759597480295 24.05877273902297
leaf_count=138 755 1791 39 20 32 105 32 31 96 36 26 45 366 49 34 19 18 25 17 14 226 6560 2 3 180 16 4055 16 22 542
internal_value=-0.000412652 0.016527 0.0259753 0.0308428 0.0313745 -0.00403 -0.0289263 -0.0297982 -0.000295688 0.0322014 0.032602 -0.0319631 -0.0156177 0.0139048 0.0329893 0.0213754 -0.0334681 -0.0279318 0.0338207 -0.0144887 0.032226 -0.0337068 -0.0216827 -0.0328733 -0.0245295 0.0339757 0.0340512 -0.03354 0.0290446 0.0341425
internal_weight=451.291 293.636 243.893 224.03 222.233 5.07193 19.8624 49.7435 4.69539 217.161 215.271 157.655 13.2928 5.11297 213.515 14.2635 144.362 2.57271 199.252 1.75592 11.6908 143.524 3.21776 45.0481 4.99062 198.455 197.604 18.211 2.41306 196.331
internal_count=15310 8132 6031 5228 5189 147 803 2101 127 5042 5010 7178 460 94 4960 304 6718 59 4656 50 245 6700 140 1974 183 4630 4614 771 42 4597
is_linear=0
shrinkage=0.05


Tree=154
num_leaves=31
num_cat=0
split_feature=4 13 10 7 10 9 24 2 14 19 8 8 30 5 6 27 30 6 3 10 22 14 6 2 7 8 23 4 16 0
split_gain=55.3297 31.137 36.005 16.4125 9.10626 6.09714 5.65317 4.33712 3.16709 2.77953 2.75906 2.62732 2.48295 2.33753 2.31811 1.85782 2.8844 5.13281 3.19065 2.60105 1.64966 1.4457 1.3796 4.01816 1.26554 1.82024 1.19028 1.08958 0.976547 0.839231
threshold=0.50300881266593944 0.66926905512809765 0.39640861749649053 0.31460300087928778 0.27867548167705541 0.47280906140804296 0.18666049838066104 -0.077950708568096147 -0.56357410550117482 0.80677989125251781 0.57806912064552318 0.76579961180686962 0.22225040942430499 -0.37691131234169001 0.70377770066261303 0.24494961649179461 0.20326542854309085 0.73572608828544628 0.51134401559829723 0.29468216001987463 0.7988296151161195 -0.28465770184993738 0.82478412985801708 -0.12440372630953787 0.49995398521423345 0.37627583742141729 -0.53955733776092518 0.53893274068832409 0.75416088104248058 0.2401416897773743
decision_type=8 10 8 2 10 10 10 8 8 8 2 2 8 10 2 10 8 2 10 10 8 8 2 10 2 2 8 10 10 10
left_child=8 2 4 12 9 -4 14 -7 10 -2 26 13 27 -6 24 16 18 19 -15 -18 -11 -19 28 -24 25 -5 -1 -3 -17 -10
right_child=1 3 5 6 11 7 -8 -9 29 20 -12 -13 -14 15 -16 22 17 21 -20 -21 -22 -23 23 -25 -26 -27 -28 -29 -30 -31
leaf_value=0.04313987094378622 0.027131369628418601 -0.026208235479400262 -0.033979891297573651 0.030904911450475234 -0.033861298274639288 -0.026398623405808425 0.032538860254056855 0.038445252078822378 0.016260003732906741 0.04186987417923816 -0.030767248517925644 -0.044468632549473433 -0.033848297546336677 -0.04338232432613566 -0.034248492867174012 0.034193939006393982 -0.023283743294255924 0.021436178565531334 0.034459835281734068 0.031324146401761045 -0.032889096487210584 -0.034612521127836395 0.035098017827415083 -0.040448520804458786 -0.034072739353779101 -0.032574517798191843 -0.015815344359250191 0.034358697554086916 -0.0040926571829239177 -0.03271370936287233
leaf_weight=3.1755420416593552 3.1153344623744461 1.1875305250287058 32.967116814106703 5.0580662377178687 1.4631817825138558 4.6149440575391054 17.382480459287763 5.8444407787173969 0.88209653273224731 0.80190340802073379 3.8773720525205135 1.2198244053870428 55.080987829715014 1.3683456387370814 5.8361694626510134 140.10104936361313 2.5208629202097717 1.4053344987332819 34.680142309516668 16.15575766004622 9.2478836216032505 6.3446896802633992 6.0194859504699707 2.487429313361643 1.5099735930562017 1.453883050009608 1.1721561495214681 1.9816792048513887 1.6855184342712153 105.37173491157591
leaf_count=56 52 30 1511 85 65 181 349 65 26 7 156 12 2654 7 218 3147 25 24 761 289 380 85 121 14 67 33 15 23 16 4836
internal_value=0.000300351 0.00989276 0.0183087 -0.015691 0.0262366 -0.0234271 0.0135477 0.0098345 -0.0299933 -0.0141325 -0.000102327 0.0287033 -0.0313721 0.02912 -0.0102734 0.0295531 0.0223065 0.00975869 0.0315051 0.0239535 -0.0269238 -0.024449 0.0325654 0.0130081 0.00716918 0.0167322 0.0272453 0.0116637 0.0337388 -0.0323071
internal_weight=476.013 361.534 272.043 89.4908 228.617 43.4265 31.2406 10.4594 114.479 13.1651 8.22507 215.452 58.2502 214.232 13.8581 212.769 62.4751 26.4266 36.0485 18.6766 10.0498 7.75002 150.293 8.50692 8.02192 6.51195 4.3477 3.16921 141.787 106.254
internal_count=15310 10221 6762 3459 5005 1757 752 246 5089 439 227 4566 2707 4554 403 4489 1191 423 768 314 387 109 3298 135 185 118 71 53 3163 4862
is_linear=0
shrinkage=0.05


Tree=155
num_leaves=31
num_cat=0
split_feature=10 4 6 2 8 2 1 10 11 11 24 15 12 2 23 1 21 4 9 14 9 2 17 8 15 12 12 26 8 2
split_gain=88.0603 65.3734 5.5612 8.93129 4.69877 4.04129 2.84882 3.48371 3.65405 2.82303 2.47625 2.66911 2.387 2.17611 1.75037 1.41599 1.23803 1.35031 1.18883 0.999328 3.23946 3.39772 0.583325 0.526364 0.42031 2.63582 0.412021 0.371397 0.296287 0.183337
threshold=0.37538909912109381 0.47519899904727941 0.80477467179298412 -0.1451584920287132 -0.33437740802764887 0.16519796103239062 0.57945889234542858 0.40957197546958929 0.090250898152589812 0.81779608130455028 0.19750226289033893 0.22420193254947665 0.66589677333831798 -0.038399212062358849 0.31350132822990423 0.46464058756828314 0.2104272395372391 0.52697229385375988 0.70440965890884411 0.46683330833911901 0.47280906140804296 -0.15655481815338132 0.14556522667407992 -0.095804590731859193 0.26174925267696386 0.29081995785236364 0.34716491401195532 -1.4881933331489561 -0.22231695055961606 0.1859388276934624
decision_type=8 10 2 10 2 10 8 8 10 10 8 8 10 10 10 10 8 10 10 8 10 8 10 2 8 8 10 8 2 10
left_child=1 4 9 -4 -1 12 29 8 -8 10 11 -3 14 -11 22 -12 17 26 -5 -9 -21 -22 28 -23 25 -18 -17 -26 -6 -2
right_child=6 2 3 18 5 -7 7 19 -10 13 15 -13 -14 -15 -16 16 24 -19 -20 20 21 23 -24 -25 27 -27 -28 -29 -30 -31
leaf_value=-0.035998730745497261 0.034338322398113019 0.044095732495679725 -0.034167060356854871 -0.0029866291001997181 0.011681489713507756 -0.034541086577298409 -0.035028909495473388 0.034540439672403965 0.02959200728030853 -0.033865291037528146 0.03806742222698474 -0.034221127153512873 -0.057056695457350141 0.045082432965265186 -0.034777401620547425 0.037690156894500594 0.022425096813004017 -0.034294866379204612 0.040738280860929003 0.034461999862116281 0.030659070014499936 -0.026383603644180815 0.0016115988167475415 -0.065244970872448751 0.0098297289098503438 -0.034068299901751906 -0.0036815217708172977 -0.033862603752646415 0.034293697061773709 0.012377790827145053
leaf_weight=2.9222520403563967 115.72859795764089 2.228072091937066 11.043260553851725 1.9529034160077552 1.4833132736384786 2.4348172638565293 5.3169547375291568 18.128852631896734 3.7168716341257095 1.4683128129690888 0.71355020627379317 2.1259903218597174 0.76011456549167533 2.1523275636136523 0.96528538875281711 1.320533245801925 2.4488742873072642 2.3581691607832909 7.6207264941185713 10.712920196354391 2.796056542545557 2.0397291220724587 1.4425906017422665 1.5211649890989054 0.48765011131763458 13.16169394738972 1.1056931409984825 185.38343638181686 62.006649848073728 0.95826280862092872
leaf_count=100 2876 13 425 39 19 83 170 421 58 64 5 69 16 18 24 14 24 74 67 248 58 36 18 9 6 518 28 8318 1474 18
internal_value=9.23262e-05 -0.0155869 -0.0283318 -0.0035259 0.0261036 0.0287302 0.030062 0.0192566 -0.00844132 -0.030711 -0.031461 0.00585538 0.0310413 0.013066 0.0320575 -0.032246 -0.0324892 -0.00735153 0.0318189 0.0263654 0.0176832 -0.010593 0.0330511 -0.0429846 -0.0330862 -0.025206 0.018836 -0.033748 0.0337654 0.034158
internal_weight=468.506 307.586 235.571 20.6169 72.015 69.0928 160.919 44.2325 9.03383 214.954 211.334 4.35406 66.658 3.62064 65.8978 206.98 206.266 4.7844 9.57363 35.1987 17.0699 6.35695 64.9326 3.56089 201.482 15.6106 2.42623 185.871 63.49 116.687
internal_count=15310 11416 9682 531 1734 1634 3894 1000 228 9151 9069 82 1551 82 1535 8987 8982 116 106 772 351 103 1511 45 8866 542 42 8324 1493 2894
is_linear=0
shrinkage=0.05


Tree=156
num_leaves=31
num_cat=0
split_feature=16 10 30 13 4 23 7 2 12 6 9 5 10 4 3 2 0 4 28 16 10 28 10 9 7 32 4 6 3 2
split_gain=90.0838 48.7162 25.7129 3.12919 2.56253 2.10934 1.75768 1.7382 1.67728 1.34365 3.26231 1.14117 0.888944 2.98178 0.679604 0.528186 0.482421 0.451197 0.357977 0.31726 0.242158 1.67704 0.0908718 0.0467293 1.61177 0.0480386 0.0310104 0.0215242 0.0194263 0.0183426
threshold=0.63233521580696117 0.32801096141338354 0.18791685253381732 0.61125853657722484 0.39936998486518865 -0.42341248691081995 0.26553532481193548 0.36603349447250372 0.28327733278274542 0.73691895604133617 0.52826452255249035 0.23995012044906619 0.26279318332672125 0.44826354086399084 0.27539768815040594 0.11167051643133165 0.75428903102874767 0.64080542325973522 0.75134176015853893 0.67928895354270946 0.31706482172012335 0.95471215248107921 0.32905268669128424 0.70168870687484752 0.29576836526393896 1.1787734627723696 0.43211205303668981 0.57780325412750255 0.23422964662313464 -0.19696822017431256
decision_type=8 8 8 8 10 8 2 10 8 2 10 10 10 8 10 10 10 10 8 10 10 8 8 10 2 10 10 2 10 8
left_child=12 2 6 11 -5 7 -2 -6 -7 22 -11 29 13 15 -10 -1 28 18 -16 -8 23 -22 -3 25 -25 26 -20 -23 -14 -4
right_child=1 9 3 4 5 8 19 -9 14 10 -12 -13 16 -15 17 -17 -18 -19 20 -21 21 27 -24 24 -26 -27 -28 -29 -30 -31
leaf_value=-0.033875700654784277 0.030358422576227603 -0.013638535888886447 -0.023526039218084351 -0.034815378183122782 -0.034233656752613091 -0.012570190561080968 -0.034037078251275076 0.034679019508830781 0.0038334961985212811 0.036606565761729958 -0.03412376597029388 0.029633409264978944 -0.042320754803263708 0.029039517858156751 0.00082097050996786294 0.020473486812043851 0.0017188643069794868 -0.0013377479042354014 0.027524877345909568 0.0086068800618923497 -0.036455395802673679 0.027103072077267944 -0.033902658445994861 0.03454683773593039 -0.031752430293685539 0.022018375643651888 0.034410518582928956 0.034532090533240613 -0.033916050653689904 -0.034062289332490732
leaf_weight=10.336127247661347 1.1637797765433813 0.56110806949436565 0.51013094931840897 1.4492738898843516 2.1747504640370612 2.0364709962159417 17.962854331359271 1.579720292240381 1.9732590503990639 2.4588937312364569 4.8375528100878 1.0405467487871645 0.69121475517749686 2.5031251255422839 0.83544110506772895 0.46724266000092107 0.95436403155326743 0.93470739759504695 1.6516008935868729 0.44700823538005252 0.97180712968110761 1.1537205502390868 39.45309803634882 23.240586720407013 0.95433852821588416 0.79456999897956748 164.21930961124599 6.2939674146473408 128.60552756115794 2.1711131222546101
leaf_count=521 18 18 18 32 77 38 818 32 37 30 213 17 18 35 24 7 22 26 24 11 26 24 1870 565 8 17 4082 144 6413 88
internal_value=-0.000221573 0.0162469 0.0256189 0.0306365 0.0314409 0.0319008 -0.0292345 -0.00523816 0.0325807 -0.0300203 -0.0102877 -0.0148099 -0.032442 -0.0201321 0.0330336 -0.0315251 -0.0336996 0.0333202 0.0334821 -0.0330016 0.033619 0.0253205 -0.0336185 0.0339851 0.0319317 0.0342832 0.034342 0.0333813 -0.033961 -0.0320577
internal_weight=424.427 280.87 233.559 213.985 210.264 208.814 19.5736 3.75447 205.06 47.3107 7.29645 3.72179 143.558 13.3065 203.023 10.8034 130.251 201.05 200.115 18.4099 199.28 8.4195 40.0142 190.86 24.1949 166.665 165.871 7.44769 129.297 2.68124
internal_count=15273 8257 6126 5279 5156 5124 847 109 5015 2131 243 123 7016 563 4977 528 6453 4940 4914 829 4890 194 1888 4696 573 4123 4106 168 6431 106
is_linear=0
shrinkage=0.05


Tree=157
num_leaves=31
num_cat=0
split_feature=4 13 10 7 11 9 24 10 11 8 14 11 30 6 10 13 27 30 6 3 7 14 16 11 1 13 6 2 9 4
split_gain=51.4943 28.8279 33.1547 15.213 9.374 5.40223 5.3194 4.7708 4.2733 3.55375 2.99991 2.83707 2.44747 2.2968 1.97382 1.65061 1.57117 2.49823 4.9325 3.17989 2.33122 1.48825 1.32099 1.19176 1.01525 0.991297 0.97593 3.21949 0.903162 1.42295
threshold=0.50300881266593944 0.66926905512809765 0.39640861749649053 0.31460300087928778 -0.59378764033317555 0.47280906140804296 0.18666049838066104 0.30951426923274999 -0.035506220534443848 0.76579961180686962 -0.56357410550117482 0.60257199406623851 0.22225040942430499 0.70377770066261303 0.27735257148742681 0.63671869039535534 0.24494961649179461 0.20326542854309085 0.73318585753440868 0.51134401559829723 0.29576836526393896 -0.28237934410572046 0.55169451236724865 0.21173932403326037 0.53668284416198742 0.56874641776084911 0.82478412985801708 -0.11541698500514029 0.80333301424980175 0.49359235167503362
decision_type=8 10 8 2 10 10 10 10 10 2 8 10 8 2 10 8 10 8 2 10 2 8 8 8 10 10 2 10 10 10
left_child=10 2 4 12 7 -4 13 -2 -7 14 11 25 24 23 15 -6 17 19 20 -16 -19 -20 -17 -5 -3 -1 -18 -28 -12 -30
right_child=1 3 5 6 9 8 -8 -9 -10 -11 28 -13 -14 -15 16 22 26 18 21 -21 -22 -23 -24 -25 -26 -27 27 -29 29 -31
leaf_value=0.042775591841294626 -0.034455904334730829 -0.025650074602632945 -0.033939318612752498 0.019229929780842765 0.035694959558353216 0.041174781775849913 0.03260313821015539 0.035001032477091194 -0.02696604647030737 -0.041793897446218614 -0.033035575545209202 -0.032335477863651187 -0.033814479800857437 -0.034238999111933392 -0.042247278488895798 0.041939360939573338 0.033837016153347985 -0.023778271857674418 0.021024229842272254 0.034398435165801544 0.035012781941734336 -0.034097336746837077 -0.03410266939753949 -0.026225775750077562 0.034245604970870244 -0.011987115645540808 0.035034222968845855 -0.03974581218901535 -0.033970375508678832 0.033859289236261463
leaf_weight=3.0622997581958771 9.2455648314207775 1.1165264733135702 30.448973430320621 5.7277856040745991 2.1163959540426722 4.9779828265309334 16.199501594528556 3.3747008033096781 4.2783160973340255 1.7811017259955395 96.336576572619379 3.6391666065901518 51.327127477154136 5.651344895362854 1.4103352203965176 0.70521599799394608 132.08860518969595 1.952355140820148 1.5364519432187078 33.431161519140005 12.367352750152348 6.0319530237466088 3.0036796070635323 1.9270984213799236 1.9312067218124864 1.1317828372120855 5.4113714322447777 1.9608632028102864 1.8748315330594771 1.3158688023686407
leaf_count=56 358 31 1491 121 34 62 345 61 177 16 4752 159 2641 225 7 6 3134 31 29 779 237 87 118 68 22 14 114 12 76 10
internal_value=0.000364298 0.00989665 0.0182285 -0.015544 0.025934 -0.0237706 0.0133623 -0.0158829 0.00967969 0.0285235 -0.029824 -3.18282e-05 -0.0312296 -0.0100623 0.0291435 0.000461347 0.0299951 0.0229795 0.00974141 0.0312959 0.0269972 -0.0229072 -0.0196439 0.00778657 0.012303 0.0279977 0.0328489 0.0151443 -0.0321688 -0.00599691
internal_weight=447.363 340.003 256.122 83.8806 216.417 39.7053 29.5057 12.6203 9.2563 203.797 107.361 7.83325 54.3749 13.3062 202.016 5.82529 196.19 56.7296 21.8881 34.8415 14.3197 7.5684 3.7089 7.65488 3.04773 4.19408 139.461 7.37223 99.5273 3.1907
internal_count=15273 10206 6753 3453 5023 1730 759 419 239 4604 5067 229 2694 414 4588 158 4430 1170 384 786 268 116 124 189 53 70 3260 126 4838 86
is_linear=0
shrinkage=0.05


Tree=158
num_leaves=31
num_cat=0
split_feature=10 4 8 6 2 2 1 10 11 11 12 15 12 2 2 23 4 1 16 21 2 9 10 12 6 26 17 18 5 6
split_gain=83.3665 59.5394 4.79324 4.31597 7.35865 3.91287 2.92826 3.4373 3.28585 2.61298 2.29055 2.17828 5.86005 1.98341 1.88182 1.33196 1.32937 1.2874 1.15815 1.07319 0.867365 2.07886 0.647126 2.55025 0.665844 0.633453 0.510509 0.493308 0.120993 0.0749784
threshold=0.37169821560382849 0.47519899904727941 -0.22542591392993924 0.8069676160812379 -0.1451584920287132 0.1320496276021004 0.57718634605407726 0.40957197546958929 0.090250898152589812 0.81779608130455028 0.66977858543396007 0.26174925267696386 0.29585236310958868 -0.038399212062358849 -0.10203511640429495 0.31350132822990423 0.41408814489841467 0.46464058756828314 0.52968367934227001 0.15305256843566897 0.20993983000516894 0.39808417856693273 0.45343953371047979 -1.0000000180025095e-35 0.22237700223922732 -1.4881933331489561 0.12578655779361728 0.18952623754739764 -0.18759165704250333 0.80151784420013439
decision_type=8 10 2 2 8 10 8 8 10 10 10 8 8 10 10 10 10 10 10 8 8 10 10 10 2 8 10 10 10 2
left_child=1 2 16 9 -5 10 28 8 -8 11 15 12 14 -11 -3 26 -1 -13 -6 -19 22 -22 23 -9 -24 -21 -4 -10 -2 -27
right_child=6 3 5 4 18 -7 7 20 27 13 -12 17 -14 -15 -16 -17 -18 19 -20 25 21 -23 24 -25 -26 29 -28 -29 -30 -31
leaf_value=0.035189095876624547 0.014906863316688472 -0.015672053750222712 0.034144121412029653 -0.034129184178546261 0.03858050504168066 -0.03446506393033983 -0.034392552848482645 -0.04136485087419265 0.035776492273059408 -0.033833396953928195 -0.055602514061417634 0.038039811538142114 -0.03401777270047298 0.04483169967176398 0.044181520015350022 -0.03438335536496881 -0.037060270489466654 0.021317475043298957 -0.0090074278255401399 0.011730455199575839 0.034853942847191892 -0.060584789429018231 0.003133794925812625 0.03457520059878607 0.034349431439807454 -0.033889413028058257 -0.0034303968112658549 -0.0050974450109709576 0.034291131791071926 -0.025464969434155445
leaf_weight=0.76966018229722877 0.8110024593770494 1.9194218479096887 57.222037337720394 10.000683372840284 6.7300007995218056 2.3283699583262196 5.2372162435203773 1.5465062689036129 3.0226790532469754 1.3374644983559849 0.74355066753923793 0.63479301333427329 13.252657787874343 1.9987746030092228 4.1580468975007534 0.73060207068920036 3.6847812961786985 0.89518927223980327 1.5783866010606287 0.76851574704051018 1.4483441263437264 0.9414729494601487 1.8471117727458501 3.8774378299713161 22.734271857887506 174.67922665551305 0.91848527267575164 0.97671465575695027 108.94344336912036 2.6817010194063178
leaf_count=11 16 32 1446 408 72 84 187 16 48 62 15 4 557 17 28 21 108 15 29 9 34 15 39 91 568 8347 12 21 2876 85
internal_value=-0.000157229 -0.0159915 0.0255199 -0.0284839 -0.00523705 0.0291225 0.029865 0.0185741 -0.00833197 -0.0305876 0.031606 -0.0313233 -0.0153749 0.0132957 0.0252782 0.0327075 -0.0245767 -0.0330393 0.02954 -0.0332913 0.0262456 -0.00274433 0.0285546 0.0129227 0.0320038 -0.0335658 0.0335505 0.0257944 0.0341479 -0.033762
internal_weight=438.419 287.032 66.3975 220.635 18.3091 61.943 151.386 41.6318 9.23661 202.326 59.6147 198.99 19.3301 3.33624 6.07747 58.8711 4.45444 179.659 8.30839 179.025 32.3951 2.38982 30.0053 5.42394 24.5814 178.129 58.1405 3.99939 109.754 177.361
internal_count=15273 11362 1697 9665 509 1578 3911 1019 256 9156 1494 9077 617 79 60 1479 119 8460 101 8456 763 49 714 107 607 8441 1458 69 2892 8432
is_linear=0
shrinkage=0.05


Tree=159
num_leaves=31
num_cat=0
split_feature=16 10 30 12 20 4 27 19 2 6 9 6 16 10 4 10 0 19 0 2 28 1 13 10 1 24 2 11 16 9
split_gain=83.7849 44.8834 24.3644 2.8428 2.52277 2.01766 1.67343 1.51265 1.303 1.27851 3.04759 1.17035 0.786068 1.61019 1.41126 0.770221 2.77393 0.499853 0.471015 0.254487 0.197674 0.148053 0.123191 0.0978003 0.088584 0.0859856 0.0742228 0.161965 0.0631811 0.0583561
threshold=0.63233521580696117 0.32801096141338354 0.18791685253381732 0.29081995785236364 -0.38633741438388819 0.39936998486518865 0.59126904606819164 0.75884515047073375 -0.28825013339519495 0.73691895604133617 0.52826452255249035 0.31307451426982885 0.60595834255218517 0.27867548167705541 0.45126831531524664 0.31272865831851965 0.49924705922603613 0.86759629845619213 0.75428903102874767 -0.18341885507106778 0.75134176015853893 0.43575842678546911 0.76373273134231578 0.32905268669128424 0.63609361648559581 0.4003132581710816 0.31002169847488409 -0.56860256195068348 0.64119571447372448 0.70168870687484752
decision_type=8 8 8 8 8 10 10 8 8 2 10 2 10 10 10 10 10 10 10 8 8 10 8 8 10 10 10 10 8 10
left_child=12 2 6 11 8 -6 25 19 -5 23 -11 -4 18 14 -14 20 17 -17 26 -7 -9 -22 -18 -3 28 -2 -1 -28 -23 -30
right_child=1 9 3 4 5 7 -8 15 -10 10 -12 -13 13 -15 -16 16 22 -19 -20 -21 21 24 -24 -25 -26 -27 27 -29 29 -31
leaf_value=-0.033917206658083197 -0.034011396449746135 -0.011713909531740573 0.03633700323295716 0.036636766369607117 -0.034781933759408905 0.010333803241542724 0.021445903549872733 0.0069026712850486106 -0.034222858473896944 0.036406600043892373 -0.033994359084502004 -0.03381779532951814 -0.034638370673294575 -0.033989359376115878 0.037460216955382174 -0.040176055446594673 0.014326425637804117 0.011452471695865763 0.0017727142633781308 -0.033816866369078283 0.01959206251326806 0.024746824634868304 0.033981780442736212 -0.033869416483425514 0.018023276096642237 -0.011718763781005717 0.0014837112993094869 -0.033817259585616065 0.034308102417681147 0.031531920954521321
leaf_weight=124.03046833258122 16.90256470814348 0.50491102784871955 0.79052213206887278 0.91902642324566841 1.1277446951717127 0.49736790731549263 1.5095638893544663 0.69445187039673228 2.2061119209975009 2.3279895447194567 4.5256225634366274 2.397231750190258 1.0514743383973821 5.3760643433779478 1.9146016389131544 1.8268360011279576 0.87229627743363103 0.6306617148220538 0.93840438686311145 0.94942067749798187 1.8582407031208266 1.8812959250062773 9.2571812234818935 36.925367560237646 0.88748174905776878 0.4439171776175489 0.47295560874044884 1.0381655581295479 150.79789016582072 21.646301863715053
leaf_count=6619 819 17 9 10 26 10 32 19 80 30 217 68 34 273 27 55 25 20 22 46 31 30 220 1867 17 15 8 51 4032 554
internal_value=-0.000503189 0.015958 0.0252766 0.0304177 0.0311793 0.0319012 -0.0290468 0.0322932 -0.0133848 -0.0299352 -0.010081 -0.0164203 -0.0325387 -0.0176728 0.0119013 0.0326803 0.0207278 -0.0269268 -0.0335192 -0.018639 0.0335267 0.0336311 0.0322892 -0.0335706 0.03378 -0.0334409 -0.033783 -0.0227686 0.0338602 0.0339596
internal_weight=397.202 262.38 218.096 199.24 196.052 192.927 18.856 191.799 3.12514 44.2839 6.85361 3.18775 134.822 8.34214 2.96608 190.353 12.587 2.4575 126.48 1.44679 177.766 177.071 10.1295 37.4303 175.213 17.3465 125.542 1.51112 174.325 172.444
internal_count=15283 8249 6118 5252 5175 5085 866 5059 90 2131 247 77 7034 334 61 5003 320 75 6700 56 4683 4664 245 1884 4633 834 6678 59 4616 4586
is_linear=0
shrinkage=0.05


Tree=160
num_leaves=31
num_cat=0
split_feature=4 13 10 7 10 24 9 11 13 14 11 8 11 10 6 16 7 22 6 5 17 12 7 8 9 32 0 0 8 25
split_gain=48.5299 27.0271 30.9881 13.8145 8.98321 4.66266 3.12757 3.57371 2.93016 2.74206 2.6408 2.51257 2.29743 2.96286 2.0637 1.87354 1.72883 1.40024 1.39309 6.74056 5.78591 3.35761 1.12063 1.54494 0.925744 1.47514 0.884272 0.804843 0.75544 0.67794
threshold=0.50300881266593944 0.67246571183204662 0.40597115457057958 0.3150466531515122 0.27867548167705541 0.18666049838066104 0.53893038630485546 -0.035506220534443848 0.63671869039535534 -0.56357410550117482 0.60257199406623851 0.76579961180686962 -0.60970196127891529 0.30951426923274999 0.70377770066261303 0.66429194808006298 0.25929506123065954 0.7988296151161195 0.74540376663208019 0.13518480211496356 -0.34698840975761408 0.081134758889675154 0.49995398521423345 0.37627583742141729 0.80333301424980175 -0.0081900972872972471 0.2401416897773743 0.58117222785949718 -0.60593539476394642 0.88119658827781688
decision_type=8 10 8 2 10 10 10 10 8 8 10 2 10 10 2 8 2 8 2 10 8 10 2 2 10 10 10 8 2 8
left_child=9 2 4 15 8 14 -4 -8 -2 10 29 12 13 -6 22 -3 -14 -10 28 20 -20 -21 23 -5 26 -26 -11 -9 -18 -1
right_child=1 3 6 5 11 -7 7 27 17 24 -12 -13 16 -15 -16 -17 18 -19 19 21 -22 -23 -24 -25 25 -27 -28 -29 -30 -31
leaf_value=0.044629387641772655 0.026400265625370584 0.033846406852221476 -0.033770349240166489 0.030698288724447045 -0.035963301019818421 0.031999992184104563 0.043831148023265445 -0.033837234688563804 0.041522879749578155 0.017983803565408091 -0.030363579806360515 -0.042899839451464916 -0.035700384930949729 0.034953356851610398 -0.034196901875436468 -0.033336194863321594 -0.004136570572529019 -0.033876703251763701 0.034651263358802024 -0.03508654001345559 -0.038990486238498469 0.034120860747248995 -0.034051322832810406 -0.032047114463360997 -0.033931065074733514 0.038707363397411876 -0.033417828066878381 0.036430401891629667 0.033091377752099797 -0.002712167233644377
leaf_weight=2.5061930790543561 3.2043412327766392 1.0607648473232982 26.959315961226821 4.5056602880358714 3.0993979796767226 14.508140793070195 3.1017375104129314 3.8810501992702475 0.66073028743266959 0.84458191134035487 3.5762467533349991 1.2417999003082503 1.014279469847678 2.8064737357199192 5.1025245729833841 47.813423063606024 1.3774635344743718 9.0448114834725857 4.2816650904715061 1.8203559983521689 7.0739241000264865 47.033819064497948 1.3192814551293848 1.2541018929332493 1.7073624338954689 1.1833763122558583 89.705650233663619 0.45532115548849095 127.17770480550826 1.082999352365732
leaf_count=46 51 11 1468 85 88 338 33 183 6 26 164 13 16 53 215 2598 31 442 98 39 62 1152 63 30 74 8 4745 4 3123 18
internal_value=0.000524349 0.0100527 0.0181378 -0.0160797 0.0253486 0.0128504 -0.025851 0.00285237 -0.0150565 -0.0297633 4.53473e-05 0.0279974 0.0284474 -0.00226366 -0.00995669 -0.0318781 0.0294031 -0.0287437 0.0297529 0.0234765 -0.0112236 0.0315421 0.00751548 0.0170364 -0.0320492 -0.00419521 -0.0329384 -0.0264591 0.0326925 0.0303446
internal_weight=420.404 319.798 244.234 75.5639 209.837 26.6897 34.3974 7.43811 12.9099 100.606 7.16544 196.927 195.685 5.90587 12.1816 48.8742 189.779 9.70554 188.765 60.2098 11.3556 48.8542 7.07904 5.75976 93.441 2.89074 90.5502 4.33637 128.555 3.58919
internal_count=15283 10202 6862 3340 5174 731 1688 220 499 5081 228 4675 4662 141 393 2609 4521 448 4505 1351 160 1191 178 115 4853 82 4771 187 3154 64
is_linear=0
shrinkage=0.05


Tree=161
num_leaves=31
num_cat=0
split_feature=34 7 1 2 4 2 26 0 17 8 6 7 9 2 1 29 8 15 20 7 6 5 5 7 16 16 19 21 2 16
split_gain=69.222 32.2154 16.6551 13.2715 5.51764 5.01362 3.44712 9.09452 8.38246 3.84518 2.39926 2.25103 1.9893 0.978348 0.973128 0.948462 0.754591 0.746382 0.675087 0.632583 0.581339 0.559372 0.532328 0.527317 0.454514 0.382831 0.368511 1.79508 0.314073 0.763776
threshold=0.79882878065109264 0.37362469732761389 0.43944746255874639 0.15910609066486361 0.70665037631988536 -0.1709204167127609 -0.051855448633432381 0.57973140478134166 -0.40645568072795862 0.81197750568389904 0.2187352925539017 0.35006345808506018 0.80805265903472911 -0.099276378750801073 0.6761603355407716 0.35709108412265783 0.042359178885817535 0.21821725368499759 -1.563884377479553 0.33232958614826208 0.83239436149597179 -0.22638686001300809 -0.15404842793941495 0.33688920736312872 0.43874701857566839 0.52459856867790233 0.80433860421180736 0.44737270474433904 -0.1451584920287132 0.35197685658931738
decision_type=8 2 10 10 8 10 8 10 10 2 2 2 10 8 10 10 2 8 10 2 2 10 8 2 8 8 10 10 10 10
left_child=3 2 13 5 6 19 7 8 9 -4 14 -6 15 -2 -3 21 25 -7 -9 -1 -8 -12 -15 -5 -20 -10 28 -28 29 -19
right_child=1 10 4 23 11 17 20 18 16 -11 12 -13 -14 22 -16 -17 -18 26 24 -21 -22 -23 -24 -25 -26 -27 27 -29 -30 -31
leaf_value=-0.034441133999356631 -0.023827099590878573 0.034221299317841535 -0.032442574084274679 -0.034776899051658969 0.033132804044517954 -0.008055820864979359 -0.033266222663025827 -0.0013827415951147219 0.027732786007039656 0.045190674775868828 0.00032942494436424667 -0.026696459344711283 -0.030893611164720048 -0.0045525049357544867 -0.034219515480513871 -0.011092847864003831 0.03679677500404966 0.034171638172718968 -0.081194899255435091 0.022953489816626108 0.013145774627657803 0.032786011636313048 0.034792429647142069 0.02253043629369407 -0.033404664009622442 -0.033794815396612408 0.033895539447397725 -0.031401308004168682 0.03426163779784664 -0.031070866033235535
leaf_weight=3.171805744990706 0.82808161713182926 0.67141826078295652 12.533666815608742 8.3623939873650635 5.32883128337562 1.1001030225306774 126.59851770382375 1.6507203802466381 0.438553076237439 1.8275766223669041 1.3792544044554222 2.2300891801714897 1.3874857127666462 0.92180519737303257 2.2935105580836535 1.3507351744920004 11.68678170070052 1.530774109065532 0.50312648899853341 0.5657062493264674 0.67831181548535724 35.378860116004944 12.758086800575251 0.42165332846343595 44.631706899031997 0.59694386087357998 5.9303582869470111 1.2796644680202005 123.37464671209455 0.6345311440527438
leaf_count=116 13 18 623 376 114 31 6382 38 12 14 30 66 26 30 80 31 231 43 7 16 13 929 295 12 2095 30 139 52 3404 17
internal_value=-4.99241e-05 -0.0152615 -0.0228554 0.02756 -0.0264563 0.0313642 -0.0280323 -0.0194405 0.00361805 -0.0225632 0.0246585 0.0154815 0.0279149 0.0289467 -0.0187209 0.0300561 0.0331721 0.0329591 -0.0327888 -0.0257539 -0.0330189 0.0315682 0.0321412 -0.032026 -0.0339374 -0.00773668 0.033299 0.0223064 0.0339303 0.0150527
internal_weight=412.046 265.674 223.213 146.372 208.705 137.588 201.146 73.8691 27.0835 14.3612 42.4613 7.55892 39.4963 14.508 2.96493 38.1088 12.7223 133.85 46.7856 3.73751 127.277 36.7581 13.6799 8.78405 45.1348 1.0355 132.75 7.21002 125.54 2.16531
internal_count=15283 11077 9963 4206 9625 3818 9445 3050 910 637 1114 180 1016 338 98 990 273 3686 2140 132 6395 959 325 388 2102 42 3655 191 3464 60
is_linear=0
shrinkage=0.05


Tree=162
num_leaves=31
num_cat=0
split_feature=16 10 30 12 23 1 5 21 25 6 9 7 10 4 11 10 28 0 5 11 7 10 7 9 16 4 3 6 1 28
split_gain=79.0624 42.5262 22.4849 2.55883 2.31403 1.71437 1.54521 1.49165 1.21876 1.1925 2.93286 0.90983 0.830981 2.56441 0.599793 0.524005 1.9962 0.473715 0.358828 0.157711 0.151076 0.106761 0.0887959 1.71792 0.185263 0.0411597 0.019684 0.0164219 0.0110061 0.0192609
threshold=0.63233521580696117 0.32801096141338354 0.18791685253381732 0.29081995785236364 -0.40826195478439326 0.41032566130161291 -0.35896460711956019 0.56961992383003246 0.76708784699440014 0.73691895604133617 0.52826452255249035 0.28872805833816534 0.26279318332672125 0.44826354086399084 -0.24485247582197187 0.31706482172012335 0.95471215248107921 0.75428903102874767 0.15609060972929004 -0.38575418293476099 0.32978555560112005 0.27023673057556158 0.29576836526393896 0.69855341315269481 0.73430338501930248 0.63261190056800853 0.23422964662313464 0.31010104715824133 0.4257176965475083 0.7842625379562379
decision_type=8 8 8 8 8 10 8 10 8 2 10 2 10 8 8 10 8 10 10 8 2 10 2 8 8 10 10 2 10 8
left_child=12 2 7 11 6 -6 -5 21 18 -3 -11 -4 13 14 -1 20 -17 26 -7 -18 22 -2 28 24 -24 27 -14 -26 -10 -30
right_child=1 9 3 4 5 8 -8 -9 15 10 -12 -13 17 -15 -16 16 19 -19 -20 -21 -22 -23 23 -25 25 -27 -28 -29 29 -31
leaf_value=0.030266657616619716 -0.0038024890213991681 -0.033829829940830829 0.027973848480286501 0.034356344550138633 -0.029556613178131221 -0.03395806978891934 -0.034203183521930587 0.021353684789010331 0.029205943874203541 0.036210919800497531 -0.034025531699231115 -0.03565099425250199 -0.042706795503541478 0.02819200450113998 -0.033806395879128384 -0.035282755579348783 0.0096824074523435902 0.0023011790185903619 0.016449939569006405 0.034153219731606337 0.014498969800600524 -0.033951722543245411 0.010385538329252528 -0.031846782429270602 0.038731969256896717 0.022801176974387091 -0.033822685175544674 0.034315868009298194 0.023030843187522396 0.034188588184525685
leaf_weight=0.38092439621686935 0.29928446561098354 34.443213163875043 0.78950660303235087 1.3068367168307302 1.1180688831955183 0.85069871880113967 2.2145237876102333 1.3508350793272246 1.1309044938534487 2.2207669019699088 4.4940300155431032 1.9488881621509788 0.62691567838191886 2.2643399536609659 8.8764306865632481 1.3385660760104627 0.73840147443115711 0.91231695003807445 0.6034941952675581 6.0787747558206329 1.0380193702876557 15.541909189894794 0.83168236911296956 1.0455516967922438 2.3417874462902644 0.74229338020086189 113.92645273637027 20.833885710686445 0.38783885538577934 141.65928716026247
leaf_count=5 3 1858 13 32 37 37 85 30 17 30 224 57 17 35 511 51 19 23 12 153 18 803 23 14 27 15 6465 590 11 4033
internal_value=-0.000282088 0.0162937 0.0256395 0.0306704 0.0313834 0.0321655 -0.00875958 -0.0290813 0.0325497 -0.030072 -0.0107964 -0.0173073 -0.0323078 -0.0195036 -0.0311699 0.0329218 0.0205415 -0.0335855 -0.0130386 0.0315027 0.0335157 -0.0333821 0.0336325 0.0309321 0.0335842 0.0343909 -0.0338713 0.0347621 0.034119 0.0341581
internal_weight=372.336 245.349 204.191 186.999 184.261 180.739 3.52136 17.192 179.621 41.158 6.7148 2.73839 126.987 11.5217 9.25736 178.167 8.15574 115.466 1.45419 6.81718 170.011 15.8412 168.973 25.7952 24.7496 23.918 114.553 23.1757 143.178 142.047
internal_count=15248 8192 6080 5244 5174 5057 117 836 5020 2112 254 70 7056 551 516 4971 223 6505 49 172 4748 806 4730 669 655 632 6482 617 4061 4044
is_linear=0
shrinkage=0.05


Tree=163
num_leaves=31
num_cat=0
split_feature=4 13 10 7 11 24 10 9 11 8 30 14 29 20 7 27 3 2 12 7 14 6 2 22 28 0 9 32 1 16
split_gain=44.8212 25.075 29.1716 13.5345 7.75792 4.65571 3.81238 2.99134 3.31666 2.93689 2.66938 2.56373 2.66742 2.07484 1.69126 1.49985 2.69783 4.77895 2.31125 1.87586 1.46972 1.23978 3.18659 1.19311 1.13276 0.829391 0.835114 1.44299 0.699835 0.668626
threshold=0.50300881266593944 0.66457995772361766 0.40597115457057958 0.31460300087928778 -0.59378764033317555 0.18666049838066104 0.31587351858615881 0.47280906140804296 -0.035506220534443848 0.81197750568389904 0.22225040942430499 -0.58346134424209584 -1.0960766077041624 -0.427682414650917 0.26886124908924108 0.24494961649179461 0.49266126751899725 -0.043029015883803361 0.46235378086566931 0.2994584739208222 0.46683330833911901 0.82478412985801708 -0.12440372630953787 0.62974250316619884 0.83551427721977245 0.2401416897773743 0.80333301424980175 -0.0081900972872972471 0.58344867825508129 0.64623767137527477
decision_type=8 10 8 2 10 10 10 10 10 2 8 8 10 8 2 10 10 10 10 2 8 2 10 8 8 10 10 10 10 8
left_child=11 2 4 10 6 13 -2 -4 -9 14 28 12 -1 -5 24 16 17 -16 23 -19 -15 -17 -23 -18 -6 -13 -27 -28 -3 -7
right_child=1 3 7 5 9 29 -8 8 -10 -11 -12 25 -14 20 15 21 18 19 -20 -21 -22 22 -24 -25 -26 26 27 -29 -30 -31
leaf_value=-0.032210174982274666 -0.034287908410329963 -0.014088183472470426 -0.033740341799514448 0.034248019645729211 0.032180806631323902 -0.010018370619079647 0.034749620255337489 0.037346785580423432 -0.030300822632066262 -0.041298921250805594 -0.03375484966895597 0.017123089692003188 0.033241918123889484 -0.027030584445378578 -0.03915381218339984 0.033537334454657057 -0.020518176629505697 -0.029641172367837171 -0.032329269550482848 0.034527899551046598 0.035619751508148736 0.03453081338261902 -0.039186883779932569 0.032940272505901619 -0.021759846249398401 -0.033426153535271938 -0.033924195596735297 0.037147358585678324 0.035504975473653423 0.034685396860897201
leaf_weight=3.0523237539455295 7.7128309123218042 1.1993734985589983 25.310450712218881 2.1501444727182388 1.5100621841847885 0.88948954828083338 2.6996349170804024 3.5360078141093254 3.7160910274833432 1.5161257348954666 46.027775477617979 0.85021904297172923 3.1766533870249987 8.4890139270573872 4.5033571422100058 116.68393821083009 1.0753947906196106 1.3514884468168 1.4819771777838457 7.240708839148283 1.0521326363086689 4.7226770743727684 2.1258423104882231 35.44938606582582 2.738119088113308 84.298393654637039 1.8623959608376028 1.158413242548703 1.7483107186853883 14.025000646710394
leaf_count=147 334 32 1472 56 24 17 57 39 179 16 2688 26 64 338 61 3126 12 46 20 176 14 120 14 892 72 4751 83 8 27 337
internal_value=0.000204065 0.00968823 0.0181115 -0.0152059 0.0255758 0.013501 -0.0163886 -0.0256284 0.00268307 0.0279979 -0.0308008 -0.0298318 0.00116908 -0.0101228 0.0285853 0.0293435 0.0221391 0.00256753 0.0288827 0.0244346 -0.0201219 0.0323238 0.0116482 0.0313663 -0.00258606 -0.032022 -0.0325005 -0.00666983 0.0153262 0.0320193
internal_weight=393.354 298.955 223.374 75.5812 190.812 26.6058 10.4125 32.5625 7.2521 180.399 48.9755 94.3984 6.22898 11.6913 178.883 174.635 51.1023 13.0956 38.0068 8.5922 9.54115 123.532 6.84852 36.5248 4.24818 88.1694 87.3192 3.02081 2.94768 14.9145
internal_count=15248 10169 6660 3509 4970 762 391 1690 218 4579 2747 5079 211 408 4563 4467 1207 283 924 222 352 3260 134 904 96 4868 4842 91 59 354
is_linear=0
shrinkage=0.05


Tree=164
num_leaves=31
num_cat=0
split_feature=10 4 6 5 8 5 1 10 11 11 15 24 20 5 8 4 21 11 9 1 9 24 7 24 17 11 17 6 26 6
split_gain=72.8894 51.4573 4.3311 6.52827 4.00417 3.3607 2.56592 3.24391 2.50404 2.49349 2.12491 5.25734 1.88398 1.69213 1.57531 1.3652 1.01181 0.89045 3.98833 0.828704 0.579935 0.503745 0.361734 0.58261 0.334422 0.33168 0.297334 1.68079 0.289333 0.0943925
threshold=0.37169821560382849 0.47519899904727941 0.8088805377483369 0.14500208199024203 -0.22542591392993924 -0.13230305165052411 0.57510215044021618 0.40597115457057958 0.10095053538680078 0.81779608130455028 0.26174925267696386 0.31224600970745092 0.20289138704538348 0.038407698273658759 0.067845918238163008 0.41408814489841467 0.15305256843566897 -0.35460107028484339 0.47280906140804296 0.46464058756828314 0.71770125627517711 0.46631842851638799 0.19623280316591266 0.8414517641067506 0.12578655779361728 0.41277782618999487 0.20312341302633288 0.57780325412750255 -1.4881933331489561 0.80151784420013439
decision_type=8 10 2 10 2 10 8 8 10 10 8 8 10 8 2 10 8 8 10 10 10 10 2 8 10 10 8 2 8 2
left_child=1 4 9 20 15 -6 -2 8 -8 10 11 14 22 -11 25 -1 -12 18 -9 -18 -4 -10 23 -7 -24 -3 -19 -28 -21 -30
right_child=6 2 3 -5 5 12 7 17 21 13 16 -13 -14 -15 -16 -17 19 26 -20 28 -22 -23 24 -25 -26 -27 27 -29 29 -31
leaf_value=0.034985842043677239 0.034064644447791552 0.0092858554005319886 0.0045126898313135452 -0.03397031945343313 -0.03432701786304123 -0.0203789865665269 -0.034482329125849802 0.034483444332499051 0.035525231795155904 0.043557392506811406 0.024264842446146115 -0.033947876528547104 -0.0258712723586433 -0.033769821505629904 0.042938596034550865 -0.036955874799330268 0.037277502851434434 0.034218291750405291 -0.052040289758817138 0.0059618754971341951 0.038723560107111948 -0.0089799316566125664 0.034194323809282119 0.034442511331976775 -0.00075587015024912105 -0.034475642315302001 -0.024105635619137505 0.034556752560309267 -0.033829011457633652 -0.024881624864391588
leaf_weight=0.82610895857214828 96.65889248251915 0.80282192304730748 1.579539606347679 8.0133144147694093 2.0278883650898925 0.81972551718354136 4.4703422486782065 4.6454143039882183 2.3351738192141061 1.8873229734599579 0.7656705342233171 11.426180947571995 1.4036716949194659 1.1316903978586199 3.8676008209586143 3.2685635602101684 0.41420066356658836 16.646618209779263 1.8672008756548164 0.46219627186655998 5.742000836879015 0.87370243668556202 48.289781030267477 1.1855624206364157 0.69428114593028922 0.9399090800434351 1.5495445933193028 5.759918075054884 153.02476391103119 3.0056107286363831
leaf_count=13 2893 14 34 379 84 14 181 119 41 18 13 545 38 60 29 106 3 480 26 7 57 18 1403 28 10 26 26 151 8322 110
internal_value=6.40862e-05 -0.0158328 -0.028282 -0.00278686 0.0252415 0.0288293 0.029731 0.0187505 -0.0102922 -0.0304818 -0.0312603 -0.014485 0.0312737 0.0145709 0.0251536 -0.0224415 -0.0330729 0.0260704 0.00967664 -0.0333527 0.031343 0.0234075 0.0328469 0.0120325 0.033699 -0.0143161 0.0305271 0.0221208 -0.0335396 -0.0336567
internal_weight=386.385 251.578 193.063 15.3349 58.5156 54.4209 134.807 38.1479 7.67922 177.728 174.709 17.0365 52.393 3.01901 5.61033 4.09467 157.672 30.4687 6.51262 156.907 7.32154 3.20888 50.9894 2.00529 48.9841 1.74273 23.9561 7.30946 156.493 156.03
internal_count=15248 11313 9617 470 1696 1577 3935 1042 240 9147 9069 614 1493 78 69 119 8455 802 145 8442 91 59 1455 42 1413 40 657 177 8439 8432
is_linear=0
shrinkage=0.05


Tree=165
num_leaves=31
num_cat=0
split_feature=16 10 30 4 13 7 13 27 10 12 20 2 10 4 2 0 28 4 18 6 3 16 19 10 13 9 9 11 13 3
split_gain=73.9823 40.2887 20.3621 2.58084 2.52203 2.16384 1.83586 1.51726 1.48944 1.28464 1.23553 1.01229 0.589764 2.03378 0.630089 0.462955 0.382343 0.262116 0.20248 0.181336 1.19683 0.172242 0.324666 0.105271 0.0668656 0.448509 0.386956 0.105683 0.0517145 0.0188912
threshold=0.63233521580696117 0.32502411305904394 0.18791685253381732 0.40409830212593084 0.79504406452178966 0.34591461718082434 0.63234102725982677 0.59126904606819164 0.27502827346324926 0.25254487991333013 -0.41623845696449274 -0.28825013339519495 0.26279318332672125 0.44826354086399084 0.11457529664039613 0.75428903102874767 0.75134176015853893 0.64080542325973522 0.22279699891805652 0.75841841101646434 0.42555403709411627 0.64623767137527477 0.82562637329101574 0.27023673057556158 0.64096337556839 0.70168870687484752 0.2549052387475968 0.62709626555442821 0.78849801421165477 0.23422964662313464
decision_type=8 8 8 10 10 2 8 10 10 8 8 8 10 8 10 10 8 10 8 2 8 8 8 10 10 10 10 10 10 10
left_child=12 2 7 -4 19 -6 8 23 -5 -8 11 -11 13 14 -1 29 -12 18 -18 28 -21 22 -20 -2 25 26 -23 -28 -3 -14
right_child=1 4 3 6 5 -7 9 -9 -10 10 16 -13 15 -15 -16 -17 17 -19 21 20 -22 24 -24 -25 -26 -27 27 -29 -30 -31
leaf_value=-0.033742804744744427 -0.0035994927732223396 -0.033896511597917532 -0.034554584886798682 0.029747033400609482 0.034782516362054469 -0.033977875381474461 -0.034249117785144667 0.021504263247216299 -0.033806788891590944 0.03705526736675236 -0.0015712506438228862 -0.03406522203423195 -0.042762894210579168 0.026845201769894231 0.036427761448646311 0.0021769909991008513 0.0051482759583828851 0.0031933281859556823 0.03476629654694368 0.038346521010131251 -0.033997695139277848 -0.0015792804343087129 0.00070828603037544546 -0.033910300668293279 0.03411641141045952 0.010581808840749817 0.034749246631404197 0.017524820075085507 -0.02040541601921568 -0.033792620459790278
leaf_weight=8.5387500878423399 0.29241103678941627 32.363146847113967 1.4927307572215784 1.7677184827625745 2.7755847573280326 1.946598684415221 0.72358650155365845 1.38517734594643 1.9266967494040725 0.83194488286972046 0.79629372246563335 1.2552193775773051 0.59022115264087816 1.8249330110847957 0.3323655631393202 0.89964947663247485 0.63673008978367052 0.72662075981497665 1.7819573581218722 0.67701400071382423 3.6750657893717289 0.77657849900425091 1.1521836686879394 14.058368169702588 130.32281047664583 2.3592377826571456 27.575537834316496 0.9202677458524694 0.72626663465052743 105.37160373013467
leaf_count=529 3 1841 41 37 55 96 25 31 100 7 27 51 17 33 3 22 9 20 39 5 198 22 25 777 4049 37 713 22 36 6373
internal_value=-8.26342e-05 0.0162361 0.0260115 0.0309091 -0.0279957 0.00643781 0.0314721 -0.0284691 -0.0033973 0.0322305 0.0325149 -0.00571655 -0.0324189 -0.021225 -0.0311138 -0.0335393 0.0329926 0.0331582 0.0332897 -0.0323385 -0.0227438 0.0333984 0.0213923 -0.0332927 0.0336159 0.0315537 0.033244 0.034193 -0.0336004 -0.0338426
internal_weight=350.503 232.946 190.782 175.046 42.1637 4.72218 173.553 15.736 3.69442 169.859 169.135 2.08716 117.558 10.696 8.87112 106.861 167.048 166.252 165.525 37.4415 4.35208 164.889 2.93414 14.3508 161.954 31.6316 29.2724 28.4958 33.0894 105.962
internal_count=15243 8266 6035 5224 2231 151 5183 811 137 5046 5021 58 6977 565 532 6412 4963 4936 4916 2080 203 4907 64 780 4843 794 757 735 1877 6390
is_linear=0
shrinkage=0.05


Tree=166
num_leaves=31
num_cat=0
split_feature=4 13 31 7 5 1 24 7 28 30 7 0 14 30 8 34 6 9 13 6 2 16 8 7 21 8 13 7 1 0
split_gain=40.8974 23.5418 15.3874 13.1167 5.69 4.94372 4.48387 3.87904 3.18432 5.25548 4.88594 2.72002 2.29263 2.08884 2.04913 1.8385 1.8183 1.50666 1.52106 1.45605 3.75072 1.05495 1.02109 1.3972 0.977894 0.950636 0.943457 0.927878 0.896326 0.831262
threshold=0.50300881266593944 0.66457995772361766 0.40071755647659307 0.31460300087928778 -0.32905659079551691 0.48649403452873236 0.18666049838066104 0.40497589111328131 0.90614083409309398 0.22225040942430499 0.30219084024429327 0.50259271264076244 -0.56357410550117482 0.22225040942430499 0.57806912064552318 0.97572749853134166 0.70377770066261303 0.69437015056610119 0.66360008716583263 0.82679662108421337 -0.14055479317903516 0.56264504790306102 0.37627583742141729 0.57448866963386547 0.72432973980903637 -0.38690128922462458 0.66002097725868236 0.3064503967761994 0.53668284416198742 0.2401416897773743
decision_type=8 10 8 2 8 8 10 2 8 8 2 8 8 8 2 10 2 8 8 2 10 8 2 2 10 2 10 2 10 10
left_child=12 2 -2 13 24 -6 16 8 19 -10 -11 27 14 28 21 25 22 -9 -19 26 -21 -1 23 -5 -4 -13 -7 -12 -3 -14
right_child=1 3 4 6 5 7 -8 17 9 10 11 15 29 -15 -16 -17 -18 18 -20 20 -22 -23 -24 -25 -26 -27 -28 -29 -30 -31
leaf_value=0.044253308238486097 -0.033457789196184771 -0.025617490486793917 -0.033808623382068734 0.029662111606522091 -0.034264509369590364 0.03234836230008286 0.032440370435875436 -0.023188510123109962 0.033429139456184358 -0.024508703925785375 -0.00098450355701011042 0.025242970480129329 0.018117674211897385 -0.033735409010750048 -0.030073610043472022 0.034121424483234533 -0.034101006130121431 -0.03375116045866234 0.051124755768435372 0.034723603211550901 -0.035681554492926884 -0.01607720920169791 -0.032252224998449833 -0.033752355846243823 0.034423088643962381 -0.032272610968570557 -0.018542188639079162 0.032520187368312921 0.033274762923731917 -0.032339055032963512
leaf_weight=2.363409610465169 13.659859932027755 1.0347858313471081 5.2910535698756576 4.2240713406354207 3.7046445049345484 108.71759201958776 14.080192141234873 5.8369329413399074 25.537707261741161 10.724674599245189 2.4269884405657711 0.84855462051928032 0.82455944083630939 43.774093434214592 3.1739848079159856 1.8502421081066129 4.5925488444045186 0.77902029827237251 1.6372475810348985 5.4424831718206406 2.8994451910257322 1.044977989047766 1.3374632354825733 1.0934548350051043 0.58298002183437336 4.6848663110285989 0.91842009406536718 13.909326145425437 1.7199869509786365 81.307966556400061
leaf_count=49 882 32 301 89 195 3109 359 275 720 305 24 17 25 2723 162 55 217 43 22 138 37 17 35 64 13 112 27 364 30 4802
internal_value=4.32903e-05 0.00937819 0.0178503 -0.0153167 0.0214299 0.0229289 0.0136375 0.0240668 0.0256208 0.0162408 0.00349711 0.0161596 -0.029557 -0.0310778 -0.00116445 -0.00902532 -0.0099007 -0.00944346 0.0237602 0.0303899 0.0102525 0.0257566 0.00679972 0.0166221 -0.0270368 -0.0234525 0.0319221 0.0275426 0.0111528 -0.0318325
internal_weight=370.024 281.309 209.452 71.8566 195.792 189.918 25.3277 186.214 177.96 59.9824 34.4447 23.72 88.7149 46.5289 6.58237 7.38366 11.2475 8.2532 2.41627 117.978 8.34193 3.40839 6.65499 5.31753 5.87403 5.53342 109.636 16.3363 2.75477 82.1325
internal_count=15243 10188 6639 3549 5757 5443 764 5248 4908 1597 877 572 5055 2785 228 184 405 340 65 3311 175 66 188 153 314 129 3136 388 62 4827
is_linear=0
shrinkage=0.05


Tree=167
num_leaves=31
num_cat=0
split_feature=10 4 34 11 2 8 2 1 10 11 12 11 15 12 2 20 2 10 8 29 35 15 21 17 10 11 7 26 16 0
split_gain=67.5295 50.0198 4.33867 4.63068 4.0075 3.71539 3.12395 2.15635 2.66665 2.7997 2.1499 1.94431 1.85617 3.6819 1.59843 1.45209 0.733581 1.43944 0.545845 0.498466 0.403857 0.285802 1.28889 0.26989 0.732795 0.283841 0.476851 0.192369 0.171797 0.162125
threshold=0.37538909912109381 0.47519899904727941 0.79882878065109264 0.20474364608526233 -0.1451584920287132 -0.33437740802764887 0.15312387049198153 0.58070257306098949 0.40957197546958929 0.090250898152589812 0.66589677333831798 0.81779608130455028 0.22420193254947665 0.29585236310958868 -0.02399119175970554 0.2369065806269646 0.21611873805522921 0.81439867615699779 -0.22999796271324155 0.35709108412265783 -0.32364560663700098 0.26174925267696386 0.1074349880218506 0.23489388078451159 0.46362939476966863 -0.45982006192207331 0.40160445868968969 -1.4881933331489561 0.46668364107608801 0.73183855414390575
decision_type=8 10 8 10 10 2 8 8 8 10 10 10 8 10 10 10 8 10 2 10 8 8 10 8 10 10 2 8 8 10
left_child=1 5 3 -3 -5 -1 10 -2 9 -9 15 12 13 -4 -13 18 19 -18 -7 23 -6 22 -14 -10 -25 26 -26 -23 -29 -30
right_child=7 2 11 4 20 6 -8 8 16 -11 -12 14 21 -15 -16 -17 17 -19 -20 -21 -22 27 -24 24 25 -27 -28 28 29 -31
leaf_value=-0.035923724512828152 0.034013932083682995 -0.032632571913532762 0.034996189758769107 -0.034381464839446908 0.0082926211811022773 0.0031902253621588607 -0.034271335965526249 -0.034723565636751295 0.034066292098911953 0.028751418807145424 -0.060964925965014904 -0.033759910534025869 0.017530897036338207 -0.033978415419759767 0.044271982664162893 -0.034467503194247899 -0.041999134185629061 0.035641710060182484 0.033822927360801211 -0.01118740597061894 0.038698874763392337 0.00066052036259146515 -0.033902079289298108 -0.019782258575603399 0.03424680597941495 0.034170290462521617 -0.020198415320212607 -0.0014700298828406282 -0.033773293896897046 -0.017908216708241189
leaf_weight=2.3420579088851801 90.194863630458713 9.136227394454183 3.0569644644856453 2.9448882844299069 1.3027830049395559 1.4987169094383634 1.9172606300562609 4.1219162978231898 15.89132517389953 3.0026648920029402 0.63162300921976466 1.1380688957870009 1.5313579794019467 5.2706464044749737 1.5502373073250044 0.81242258287966151 1.1000374201685217 1.305366363376379 49.014281621202834 0.74465687572955985 6.7511277385056001 0.41333119943737984 5.9540554564446211 0.89898020215333119 0.90945089794695355 5.0415060222148895 0.72098909690976143 0.41744716465473175 141.38566939532757 1.6288465596735466
leaf_count=98 2889 449 28 116 30 19 85 164 473 58 14 63 28 265 15 26 17 32 1498 13 85 6 289 18 25 146 17 10 8217 50
internal_value=3.56979e-05 -0.0155115 -0.0282154 -0.00632349 0.0155303 0.0257262 0.0284063 0.0299803 0.0191963 -0.00797194 0.0307192 -0.0309306 -0.0316406 -0.00865868 0.0112379 0.0318475 0.0264698 0.000135059 0.0329141 0.0290866 0.0337804 -0.0329053 -0.02338 0.0303648 0.0225955 0.0283055 0.0101708 -0.033401 -0.0334991 -0.0335926
internal_weight=362.63 238.698 182.482 20.135 10.9988 56.2164 53.8743 123.932 33.7369 7.12458 51.957 162.347 159.658 8.32761 2.68831 51.3254 26.6123 2.4054 50.513 24.2069 8.05391 151.331 7.48541 23.4623 7.57093 6.67195 1.63044 143.845 143.432 143.015
internal_count=15243 11391 9651 680 231 1740 1642 3852 963 222 1557 8971 8893 293 78 1543 741 49 1517 692 115 8600 317 679 206 188 42 8283 8277 8267
is_linear=0
shrinkage=0.05


Tree=168
num_leaves=31
num_cat=0
split_feature=16 10 30 12 16 10 20 7 1 5 7 25 15 10 20 5 22 5 16 6 9 1 30 3 1 15 9 9 7 33
split_gain=68.5431 37.2312 18.9533 2.40253 2.38729 2.25651 2.01561 1.47449 1.44907 1.14725 1.07398 1.02591 0.860968 0.547485 1.73193 0.962211 0.365637 0.334951 0.276355 0.230669 1.30415 0.20344 0.194494 0.174509 0.140616 0.135791 0.161841 0.065002 1.60366 0.0582795
threshold=0.63233521580696117 0.32502411305904394 0.18791685253381732 0.29081995785236364 0.79254809021949779 0.35196548700332647 -0.36330428719520563 0.26553532481193548 0.39353185892105108 0.28521226346492773 0.27502922713756567 0.76708784699440014 0.24944260716438296 0.26279318332672125 0.16265236586332324 -0.11561591923236846 0.78002732992172252 0.16818015277385714 0.67928895354270946 0.75256043672561657 0.53379085659980785 0.63609361648559581 0.87782785296440136 0.27539768815040594 0.43575842678546911 0.7201819419860841 0.51480254530906688 0.70168870687484752 0.29576836526393896 inf
decision_type=8 10 8 8 10 10 8 2 10 10 2 8 8 10 10 10 8 10 10 2 10 10 10 10 10 10 10 10 2 8
left_child=13 2 7 10 19 -6 9 -2 -8 -5 -4 17 -13 14 15 -1 -14 -10 -9 -3 -21 22 23 -18 -25 27 -27 -26 -29 -15
right_child=1 4 3 6 5 -7 8 18 11 -11 -12 12 16 29 -16 -17 21 -19 -20 20 -22 -23 -24 24 25 26 -28 28 -30 -31
leaf_value=0.038589017755231228 0.028406487024944416 -0.033852800732328804 0.033826988502993142 -0.034116641876271232 0.03467934197922741 -0.034187191833624751 -0.034076353234663008 -0.033933198413076522 -0.033909622916235831 0.036009306468779839 -0.03535283912666641 -0.025474475794433515 -0.0017838402047589603 -0.033841873737995513 0.035749634839993452 -0.032942085148170222 0.015547943495141006 0.018005854274557951 0.010868164806494119 0.037790111290077692 -0.033952916980796811 0.008753424570470061 0.0031509553117645868 0.019883175714633928 0.034123075367476462 -0.0039711658443521711 0.03420194957997346 0.034213371365811644 -0.034966451545174942 -0.029258610596816087
leaf_weight=0.49856397323310275 1.059400551021098 30.817091442644596 0.78201839886605951 1.8299702052026989 2.7681058570742598 2.0857732985168695 0.82762807607650657 13.517510314472016 0.74768570438027271 0.85606749728322018 1.9851985229179261 0.63513943925500127 0.75799890514463086 94.179089037701488 1.1767345704138268 8.2441526046022755 1.3770522978156794 0.53158175759017467 0.35320454463362772 0.76386875286698241 3.7098643127828836 0.85839482210576434 0.53796733170747657 1.892499386332928 130.60733657516539 0.52524927258491405 0.58903968147933483 17.911134790629152 0.87881341576576133 7.4873741548508397
leaf_count=8 20 1892 12 77 58 91 32 781 36 12 66 7 21 6094 17 521 33 11 10 6 211 24 24 38 4196 23 17 560 9 393
internal_value=-0.000509979 0.0157288 0.0254857 0.0303919 -0.0277907 0.00508652 0.0311841 -0.0284499 0.0319112 -0.0117668 -0.0158025 0.0322572 0.0326215 -0.0324104 -0.021198 -0.0288629 0.0328582 -0.0123369 -0.0327924 -0.0323126 -0.0217031 0.0330274 0.0331624 0.0332674 0.0334275 0.0335978 0.0162081 0.0337275 0.0309778 -0.0335043
internal_weight=330.792 219.206 179.061 164.131 40.1447 4.85388 161.364 14.9301 158.678 2.68604 2.76722 157.85 156.571 111.586 9.91945 8.74272 155.935 1.27927 13.8707 35.2908 4.47373 155.177 154.319 153.781 152.404 150.512 1.11429 149.397 18.7899 101.666
internal_count=15300 8267 6009 5198 2258 149 5120 811 5031 89 78 4999 4952 7033 546 529 4945 47 791 2109 217 4924 4900 4876 4843 4805 40 4765 569 6487
is_linear=0
shrinkage=0.05


Tree=169
num_leaves=31
num_cat=0
split_feature=4 13 10 7 10 24 14 11 13 8 11 10 6 9 6 16 16 6 5 23 12 7 25 11 9 4 0 16 13 16
split_gain=38.2024 21.4151 27.025 11.5771 7.50541 3.84121 2.55501 2.19416 2.08627 1.93078 1.74485 2.6059 1.6896 1.58992 2.64995 1.36754 1.2576 1.17018 5.89292 5.02938 2.90388 1.52614 1.43853 0.911723 0.801898 1.27219 0.802018 0.705886 0.644168 0.639637
threshold=0.50300881266593944 0.67246571183204662 0.40597115457057958 0.3150466531515122 0.27867548167705541 0.18666049838066104 -0.56357410550117482 0.60257199406623851 0.63671869039535534 0.66556361317634594 -0.59378764033317555 0.30951426923274999 0.70377770066261303 0.47280906140804296 0.59064516425132763 0.66429194808006298 0.55169451236724865 0.74540376663208019 0.14006254822015765 -0.42341248691081995 0.081134758889675154 0.2772969007492066 0.85102763772010814 0.20474364608526233 0.80333301424980175 0.49359235167503362 0.2401416897773743 0.75416088104248058 0.56422415375709545 0.82665064930915844
decision_type=8 10 10 2 10 10 8 10 8 2 10 10 2 10 2 8 8 2 10 8 10 2 8 10 10 10 10 10 10 10
left_child=6 2 4 15 8 12 7 28 -2 10 11 -6 23 -4 -15 -3 -10 21 19 -19 -20 22 -12 29 26 -26 -8 -23 -1 -5
right_child=1 3 13 5 9 -7 24 -9 16 -11 17 -13 -14 14 -16 -17 -18 18 20 -21 -22 27 -24 -25 25 -27 -28 -29 -30 -31
leaf_value=0.044468959193027104 0.02361021286769369 0.030460922580811275 -0.033685727380144408 0.027674237851819036 -0.034566122220581946 0.031233367858673464 0.015164618574702655 -0.029712667937280259 0.03976910902158895 -0.030391807545149564 0.029392975479417667 0.034640446330020162 -0.034055570400334252 0.031185235693006644 -0.034123615949735224 -0.033229827770295269 -0.033804247785476735 0.034666218920277998 -0.034814767649396131 -0.036698180465936203 0.034023950703318283 0.033334010139507195 -0.031815540517639344 -0.02667494918931388 -0.033850808491006058 0.035035928601973174 -0.033298035611796936 0.00079469784480796449 -0.0043249417212150084 -0.021401978539213884
leaf_weight=2.2817757390439515 2.553196765482423 0.86099742352962494 22.627761569805447 3.5991019913926738 2.7285945713520041 12.512251947075127 0.8637200053781261 2.9258813504129648 0.62913963571190923 1.4391767214983691 2.0529672354459758 2.712249256670475 4.2780029298737645 2.7815564256161442 3.5172770917415619 39.887753929942846 7.5626016436144701 3.8917415607720613 1.5958398710936297 6.7523849420249444 38.282811108976603 102.622518485412 1.8029223401099441 1.4846558719873426 1.6170414090156549 1.1446589045226572 73.655316866002977 1.6942180581390847 0.96140445768833149 0.81413028948009003
leaf_count=52 45 11 1489 93 80 342 27 157 7 23 57 63 215 38 189 2633 442 102 40 70 1126 3054 36 66 82 9 4709 12 15 16
internal_value=0.000266897 0.00944501 0.0172927 -0.0159458 0.0246414 0.01268 -0.0292839 0.00168169 -0.0158536 0.0272693 0.0277749 -6.67927e-05 -0.0101332 -0.027501 -0.00528331 -0.0318841 -0.0281537 0.0287295 0.022447 -0.0106057 0.0312692 0.0316637 0.000773328 0.00721873 -0.0317558 -0.0052989 -0.0327363 0.0328055 0.0300046 0.0186209
internal_weight=352.134 268.684 205.247 63.4369 176.32 22.6881 83.4498 6.16906 10.7449 165.575 164.136 5.44084 10.1759 28.9266 6.29883 40.7488 8.19174 158.695 50.5228 10.6441 39.8787 108.173 3.85589 5.89789 77.2807 2.7617 74.519 104.317 3.24318 4.41323
internal_count=15300 10249 6873 3376 5157 732 5051 224 494 4663 4640 143 390 1716 227 2644 449 4497 1338 172 1166 3159 93 175 4827 91 4736 3066 67 109
is_linear=0
shrinkage=0.05


Tree=170
num_leaves=31
num_cat=0
split_feature=10 4 6 2 8 11 11 12 24 20 1 10 11 2 27 16 1 21 4 6 8 10 12 7 12 17 29 16 30 9
split_gain=64.8236 46.1405 4.21965 6.3392 3.53575 2.96654 2.14089 1.99729 1.97029 1.67995 1.61864 2.68007 2.98817 1.43333 1.27903 1.24361 1.11468 0.994566 1.00675 0.704975 0.417627 0.414007 1.59453 0.325697 0.296243 2.84047 0.190583 0.080677 0.0801044 0.0718553
threshold=0.37538909912109381 0.47519899904727941 0.80477467179298412 -0.1451584920287132 -0.33437740802764887 -0.28255958855152125 0.81779608130455028 0.6840423345565797 0.19750226289033893 0.21519411355257037 0.57510215044021618 0.40957197546958929 0.090250898152589812 -0.038399212062358849 0.25979888439178472 0.53113242983818065 0.46464058756828314 0.2104272395372391 0.52697229385375988 0.21498821675777438 -0.22999796271324155 0.47211059927940374 1.0000000180025095e-35 0.3333855420351029 0.29081995785236364 -0.023130399174988266 -1.605890095233917 0.40907552838325506 0.11183041334152223 0.76808020472526561
decision_type=10 10 2 10 2 10 10 10 8 10 8 10 10 10 10 10 10 8 10 2 2 10 10 2 8 8 8 10 10 10
left_child=1 4 6 -4 -1 -6 8 9 14 20 -2 12 -12 -8 -3 27 -10 18 23 -13 -7 22 -21 -18 25 -19 -26 -5 -14 -23
right_child=10 2 3 15 5 7 13 -9 16 -11 11 19 28 -15 -16 -17 17 24 -20 21 -22 29 -24 -25 26 -27 -28 -29 -30 -31
leaf_value=-0.035878437907950277 0.033951044219636475 0.030429505481775927 -0.033963352322083792 0.050244851570495012 -0.034305754407898091 0.0059857920678836876 -0.03371881794889476 -0.059421881885661942 0.037002379902169098 -0.034866664072464505 -0.034636473639718161 -0.0071845832153548733 0.035434168953527544 0.043123835291594872 -0.033993731516190694 -0.012293199944538905 -0.0028899820417140325 0.041683082593938769 -0.034024984154296993 -0.026350973272266633 0.03404133024612048 0.034215933317755499 0.034456368944821923 0.038204118445149683 0.0025275787338195185 -0.033783468436862224 -0.033710019867103792 0.036507936916250927 0.01746821789762195 0.017292640006668837
leaf_weight=2.2355521954596034 84.435357326641679 2.1106646917760403 8.0639052735641581 1.3803979605436314 1.8181938175111998 1.3664111793041147 0.96529916860163245 0.60634125396609206 0.58299589529633422 0.92385456617921491 4.0293874023482195 1.3259562626481081 2.2695720233023171 1.6342306323349465 1.213315059430897 1.4226084742695091 0.93498567864298754 1.3958847057074306 1.7546511432155965 1.4750179611146474 45.357514884322889 18.798654979094866 4.0064236633479595 0.99557382240891457 0.36381871998310089 11.680120894685389 133.69011244457215 4.7355736847966909 0.8538533430546521 0.6488833948969831
leaf_count=100 2868 25 422 5 82 18 58 12 5 27 169 33 41 16 54 33 28 14 76 28 1478 596 117 15 2 681 8187 69 22 19
internal_value=0.000217776 -0.0155032 -0.0279498 -0.00314833 0.025644 0.0283908 -0.0304095 0.0307532 -0.0311656 0.0319007 0.030265 0.020949 -0.00618331 0.0145894 0.00691381 0.029814 -0.0320016 -0.0322684 -0.00661266 0.0283408 0.0332209 0.0302304 0.0180935 0.0183019 -0.032911 -0.0257273 -0.0336117 0.0396084 0.0305228 0.0336513
internal_weight=343.075 225.232 172.924 15.6025 52.3079 50.0723 157.322 48.2541 154.722 47.6478 117.843 33.4077 7.15281 2.59953 3.32398 7.53858 151.398 150.815 3.68521 26.2549 46.7239 24.929 5.48144 1.93056 147.13 13.076 134.054 6.11597 3.12343 19.4475
internal_count=15300 11407 9690 529 1717 1617 9161 1535 9087 1523 3893 1025 232 74 79 107 9008 9003 119 793 1496 760 145 43 8884 695 8189 74 63 615
is_linear=0
shrinkage=0.05


Tree=171
num_leaves=31
num_cat=0
split_feature=16 10 30 4 16 10 13 12 21 20 2 15 2 33 10 12 17 25 4 6 9 30 16 15 2 34 4 9 7 10
split_gain=64.442 34.7947 18.2874 2.29539 2.09193 2.08279 1.77295 1.47094 1.36006 1.31212 0.948057 0.832193 0.610038 0.590524 1.18425 0.573875 0.529807 0.463167 0.254325 0.190404 1.12791 0.186152 0.127954 0.203961 0.0701621 0.198405 0.0442167 0.0360013 0.444805 0.0367483
threshold=0.63233521580696117 0.32502411305904394 0.18791685253381732 0.39936998486518865 0.79254809021949779 0.35196548700332647 0.59369555115699779 0.28327733278274542 0.56961992383003246 -0.41623845696449274 -0.28825013339519495 0.24944260716438296 -0.25114266574382776 inf 0.26725971698760992 0.61345961689949047 0.033459603786468513 0.77248218655586254 0.64080542325973522 0.75256043672561657 0.3849905282258988 0.87782785296440136 0.64379185438156139 0.5831831991672517 0.31002169847488409 0.8434685766696931 0.43548877537250524 0.74969550967216503 0.29253675043582922 0.31587351858615881
decision_type=8 8 8 10 10 10 8 8 10 8 8 8 8 8 10 10 10 8 10 2 8 10 8 10 10 8 10 10 2 10
left_child=13 2 8 -4 19 -6 12 -8 -2 10 -9 -11 -5 24 16 -16 -15 -13 21 -3 -21 22 23 -19 -1 -26 -24 29 -29 -28
right_child=1 4 3 6 5 -7 7 9 -10 11 -12 17 -14 14 15 -17 -18 18 -20 20 -22 -23 26 -25 25 -27 27 28 -30 -31
leaf_value=-0.033689033823977976 -0.033629799454877526 -0.033830572593230149 -0.034408513896657354 0.029552656501894498 0.034594757184783942 -0.034154455819303375 -0.016355220862635179 0.036681981708294183 0.020215844495029393 -0.024585553351620215 -0.033946782179534049 -0.0087037299233739852 -0.033903106408809093 -0.017798633895206556 -0.03390090555445785 0.01576042979357839 0.038896731867353894 0.035454916515368723 0.0028002484175431389 0.037740945186510132 -0.033862696481971169 0.0044078043787190687 0.025985611502658115 0.0029932274592261486 0.0089084627297692717 -0.033875770249028457 0.034142965994778465 0.033994162101115569 -0.010561939111591605 0.029697554763692836
leaf_weight=94.134162935428321 12.900848477147518 28.488932124339044 1.3466180842369784 0.5200593750923872 2.4846272654831401 1.9792580883949993 1.5714709516614713 0.75736133754253387 1.2899869792163361 0.62851939722895644 1.2749924659729006 0.66050089709460635 1.3939331434667099 0.67096044216304829 6.1639874838292599 0.64235122781246889 1.067897582426667 1.072385562583807 0.68204288650303979 0.65658760815858741 3.3872327450662851 0.55139888357370992 1.83871829509735 0.88176485430449236 0.37141049280762561 1.0020284820348022 128.20216163806617 7.0578780621290198 0.6084246989339589 4.823857049457728
leaf_count=6505 788 1857 42 8 56 91 38 7 32 7 61 27 71 39 367 15 14 20 20 5 210 25 35 22 13 53 4381 249 12 155
internal_value=-0.00035002 0.0159123 0.0255758 0.0305846 -0.0279853 0.0041118 0.0311584 0.0317661 -0.0287351 0.0322735 -0.00762681 0.0328251 -0.0166613 -0.0323987 -0.0198059 -0.0292141 0.0170201 0.0330716 0.033261 -0.0323894 -0.0222365 0.0334042 0.0335149 0.0208073 -0.0335253 -0.0223059 0.0336891 0.0337898 0.030458 0.0339818
internal_weight=309.112 205.06 168.063 153.872 36.9966 4.46389 152.525 150.611 14.1908 149.04 2.03235 147.008 1.91399 104.053 8.5452 6.80634 1.73886 146.379 145.719 32.5328 4.04382 145.037 144.485 1.95415 95.5076 1.37344 142.531 140.692 7.6663 133.026
internal_count=15225 8219 6000 5180 2219 147 5138 5059 820 5021 68 4953 79 7006 435 382 53 4946 4919 2072 215 4899 4874 42 6571 66 4832 4797 261 4536
is_linear=0
shrinkage=0.05


Tree=172
num_leaves=31
num_cat=0
split_feature=4 13 31 7 11 1 24 7 8 8 34 30 7 14 0 6 9 34 0 2 35 7 8 34 20 0 14 4 30 7
split_gain=36.6838 19.614 12.7597 10.8844 5.3947 4.56646 3.64575 3.44711 3.08172 2.23037 2.22906 2.09661 2.07109 3.12102 1.79024 1.68402 1.57989 1.32745 1.31163 1.06895 1.03224 0.996085 1.15314 0.886693 2.52459 2.81529 5.04947 0.829556 2.33358 1.08073
threshold=0.50300881266593944 0.66926905512809765 0.40071755647659307 0.31460300087928778 -0.59378764033317555 0.48649403452873236 0.19146481901407245 0.40497589111328131 0.72665178775787365 0.32246038317680364 0.9415801763534547 0.22225040942430499 0.2772969007492066 -0.20920307934284207 0.72704827785491954 0.70377770066261303 0.69855341315269481 0.81627941131591808 0.53658223152160656 -0.082092672586441026 1.0168830752372744 0.49995398521423345 0.37627583742141729 0.74253803491592418 -0.25183920562267298 0.50399276614189159 -0.27688279747962946 0.4921520352363587 0.21738685667514804 0.27259509265422827
decision_type=8 10 8 2 10 8 10 2 2 2 10 8 2 8 8 2 10 10 8 8 10 2 2 10 10 10 8 10 10 2
left_child=10 2 -2 11 9 -6 15 8 12 18 27 -3 13 -7 23 21 -9 -16 -4 -18 -15 22 -5 24 25 -14 -27 -1 29 -29
right_child=1 3 4 6 5 7 -8 16 -10 -11 -12 -13 14 20 17 -17 19 -19 -20 -21 -22 -23 -24 -25 -26 26 -28 28 -30 -31
leaf_value=-0.033553754738017694 -0.033389092982296413 0.013783403722688624 0.029310797656318457 0.032078124203340379 -0.034335314240921552 0.032238700524221627 0.031157921802328105 -0.026252807912861345 -0.038811311944560126 -0.033578495889218851 0.034274589976144576 -0.03368284015191722 0.029130264172486584 -0.033496592555847964 -0.035868783920851931 -0.034004234335467586 -0.011316457771934109 0.035282390990819888 -0.034088284403296337 0.059501088722858524 0.036673821663997977 -0.033892988933135797 -0.030441400503621631 0.032040214600814534 0.033562085556866142 0.031807971458838576 -0.03214655849175007 -0.033779674918825074 -0.031378298406609287 0.026062652435719359
leaf_weight=59.65309926867485 11.527574527077375 2.4828446200117469 3.245443872176109 3.4872300028800982 3.3914003502577534 4.8807859495282173 12.373064747080205 4.7763338908553115 1.8230823921039689 6.0716760419309139 1.3407418765127648 36.925776045769453 12.283197129145266 4.1615790668874961 1.871541736647486 4.126386702992022 1.0253119952976701 1.0089224223047493 1.0897271018475292 1.1094627343118193 0.59961316175758828 1.1220645103603599 0.93538267724215973 86.250919819809496 30.549793250858784 5.4329673107713461 7.1455303737893683 0.99334670696407812 13.229501299560068 3.1373607432469726
leaf_count=4021 848 55 85 83 196 129 353 271 40 310 39 2627 343 176 35 223 47 19 57 16 9 68 32 2835 990 160 141 59 896 62
internal_value=0.000206215 0.00957233 0.0175791 -0.0149542 0.0209038 0.0230891 0.013181 0.0242845 0.0258153 -0.0140194 -0.0296416 -0.0306923 0.0265794 0.00414247 0.0280761 -0.0098185 -0.0102705 -0.0109471 0.0133742 0.0254881 -0.0246595 0.0081807 0.0188552 0.0288696 0.0239343 0.0121038 -0.004523 -0.0307543 -0.0211349 0.0116719
internal_weight=328.052 249.698 188.245 61.4527 176.717 166.31 22.0441 162.919 156.008 10.4068 78.354 39.4086 154.185 9.64198 144.543 9.67106 6.91111 2.88046 4.33517 2.13477 4.76119 5.54468 4.42261 141.662 55.4115 24.8617 12.5785 77.0133 17.3602 4.13071
internal_count=15225 10148 6707 3441 5859 5407 759 5211 4877 452 5077 2682 4837 314 4523 406 334 54 142 63 185 183 115 4469 1634 644 301 5038 1017 121
is_linear=0
shrinkage=0.05


Tree=173
num_leaves=31
num_cat=0
split_feature=10 4 34 8 21 11 11 15 12 18 2 1 14 9 3 23 16 1 0 9 1 29 8 4 15 12 26 10 32 4
split_gain=59.3391 45.7913 3.8969 3.3728 3.07347 2.64027 2.09035 1.65351 2.72128 1.58003 1.4242 1.37588 1.93914 3.59057 2.72278 1.32336 1.06213 0.916656 0.676713 1.08787 0.459451 0.414157 0.40101 0.953128 0.338899 1.29997 0.281022 0.170366 0.100102 0.091812
threshold=0.38288959860801702 0.47519899904727941 0.72935432195663463 -0.29603402316570276 0.51799133419990551 -0.26362131536006922 0.81779608130455028 0.20413611829280856 0.29585236310958868 0.2984395176172257 -0.038399212062358849 0.58486720919609081 0.19693709909915927 0.46428979933261877 0.32339707016944891 0.33492904901504522 0.46668364107608801 0.48649403452873236 0.73183855414390575 0.74128699302673351 0.6128184199333192 -1.4035562276840208 -0.21085171401500699 0.40409830212593084 0.26174925267696386 0.29081995785236364 0.20859435945749286 0.49129694700241094 -0.26568099856376642 0.69134238362312328
decision_type=8 10 8 2 8 10 10 8 10 10 10 8 8 10 8 10 8 10 10 10 8 8 2 10 8 8 10 10 10 8
left_child=1 3 4 28 9 -5 7 8 -4 -3 -8 -2 -13 29 -15 22 -9 -6 21 -20 -16 -18 23 -7 25 -23 -24 -22 -1 -14
right_child=11 2 6 5 17 15 10 16 -10 -11 -12 12 13 14 20 -17 18 -19 19 -21 27 24 26 -25 -26 -27 -28 -29 -30 -31
leaf_value=-0.036413506986782605 0.033980285862669317 -0.026080989779048814 0.036133450986593145 -0.033997116337425956 0.036194162412738234 0.034264386044345008 -0.03369768240351103 0.012196023419684433 -0.034020313427529369 0.037088218110444361 0.042297319387895868 0.034273185363102893 0.013670672714941989 0.032902459254283194 -0.070540946360572537 -0.034307513467675237 -0.0056100897010890483 -0.033886807403357276 -0.034250207003785609 0.042262849765997784 -0.034986564664492549 0.012085977803902937 0.033990651966602302 -0.030246148045164602 -0.033743308069932747 -0.033783263371403124 -0.0025112641871884822 -0.0083316333979774719 -0.0097364995109221839 0.034217409276885602
leaf_weight=1.9643409876152875 78.465372491627932 1.2419554237276287 2.3890296537429121 1.5995961064472783 0.51504714041948396 1.7691827118396752 0.98287547659128938 1.3471432495862243 3.2804359346628189 4.8777563627809286 1.6539748683571804 14.067377172410486 0.59169345535338091 1.9170594513416288 0.8560802936553954 0.75562695972621341 1.384895985946059 4.9606743240728974 1.1353514380753029 0.78630597889423359 3.4083846313878894 1.9788767658174053 43.008660377934575 0.84654394537210453 129.26833415776491 7.0394733492285013 0.53383351303636928 0.72740885242819775 0.42832403536885877 6.7019847352057695
leaf_count=81 2850 49 24 83 7 48 63 25 174 75 18 446 24 57 3 30 30 289 47 4 118 29 1501 8 8473 415 7 12 17 218
internal_value=0.000126517 -0.0150769 -0.0280162 0.0263144 -8.13985e-05 0.0291726 -0.0301578 -0.0309408 -0.00445855 0.0242684 0.0139705 0.0305728 0.0211152 0.00808249 -0.0177482 0.0313264 -0.0319912 -0.027295 -0.0324116 -0.00294251 -0.0371998 -0.0328171 0.0324009 0.0133864 -0.0330895 -0.0237183 0.0335431 -0.0302985 -0.0316379 0.0325506
internal_weight=320.484 213.748 162.842 50.9061 11.5954 48.5134 151.247 148.61 5.66947 6.11971 2.63685 106.735 28.27 14.2026 6.90893 46.9138 142.94 5.47572 141.593 1.92166 4.99187 139.672 46.1582 2.61573 138.287 9.01835 43.5425 4.13579 2.39267 7.29368
internal_count=15225 11497 9722 1775 420 1677 9302 9221 198 124 81 3728 878 432 190 1594 9023 296 8998 51 133 8947 1564 56 8917 444 1508 130 98 242
is_linear=0
shrinkage=0.05


Tree=174
num_leaves=31
num_cat=0
split_feature=16 7 13 16 7 12 4 8 1 15 30 1 7 17 2 2 0 11 7 9 16 23 1 11 17 1 6 16 3 6
split_gain=59.8039 29.0733 15.621 5.02368 3.59872 2.41893 1.75227 1.3488 1.33884 1.00991 0.746112 0.958633 0.640412 1.9131 1.12366 0.594684 0.457232 0.449616 0.363154 2.43076 0.986522 0.181992 0.131706 0.0930775 0.0915172 0.0335976 0.027409 0.0138558 0.012842 0.0124119
threshold=0.63233521580696117 0.31460300087928778 0.63234102725982677 0.76181045174598705 0.34378980100154882 0.26609988510608679 0.6551664173603059 -0.49010549485683436 0.39353185892105108 0.24944260716438296 0.18791685253381732 0.51602068543434154 0.26591162383556372 -0.055531974881887429 0.28015170991420751 0.31002169847488409 0.75428903102874767 0.33733728528022772 0.29576836526393896 0.69105890393257152 0.68495357036590587 -0.44837617874145502 0.54112723469734203 -0.044149620458483689 0.0053486870601773271 0.41441555321216589 0.27526398003101354 0.75686123967170726 0.23422964662313464 0.31010104715824133
decision_type=8 2 8 10 2 8 10 2 10 8 8 8 2 10 10 10 10 10 2 10 8 8 10 10 10 10 2 10 10 2
left_child=12 2 7 15 23 -4 8 17 -7 -10 11 -11 13 14 -1 27 28 -2 21 20 -20 -12 -22 -5 -9 -23 -24 -3 -14 -28
right_child=1 3 5 4 -6 6 -8 24 9 10 18 -13 16 -15 -16 -17 -18 -19 19 -21 22 25 26 -25 -26 -27 29 -29 -30 -31
leaf_value=-0.033747145250804342 -0.020391682424974827 -0.033792352516197922 -0.034150610041145855 0.034117998793200204 -0.033847287942079439 -0.033911763165112185 -0.033885819672325825 -0.033802481370070858 -0.02934552787896394 0.034719169591354238 0.01344364018569775 -0.034312251732771741 -0.040782640340926379 0.03249468695757126 0.03761471973528982 0.022814048465151705 0.0033795926698899376 0.034941264176850277 -0.028859821896026094 -0.032840107766322978 0.0087999070487817851 0.020666781231015407 0.024904541194507208 0.01372584817052047 -0.00557969200315446 0.034046091323359118 0.038707656386388768 -0.02359930224078265 -0.033737387090878264 0.034022202700757627
leaf_weight=8.3298476124182308 0.56256652157753606 28.835045428946621 1.4365455033257619 5.4400360807776451 3.1514074765145779 0.77695273887365957 1.0309204952791322 11.032579161226746 0.66969906166196103 1.0616528969258072 1.0881373174488542 0.9556010104715823 0.65172501932829519 1.4724867101758707 0.59074579924345094 0.47347518987953563 0.83533994667231937 1.0567485988140104 0.65804948192089907 1.5860253367573012 0.53164145536721363 0.47119318135082622 0.79090261738747614 0.62373429164290239 0.29491677600890476 112.32528406009078 1.539763225242498 0.33729782328009505 85.865885261446238 17.226944136433303
leaf_count=595 32 1975 71 163 195 39 55 751 8 20 34 35 24 27 10 11 23 26 27 30 14 9 20 23 17 4077 13 19 6304 619
internal_value=-0.000148071 0.0159236 0.0256135 -0.0227494 0.00949497 0.0304024 0.0310614 -0.0269658 0.0315408 0.0319069 0.0322036 0.00201803 -0.032039 -0.0203058 -0.0290214 -0.0327723 -0.033435 0.015718 0.0326506 0.0268208 0.0313816 0.0337939 0.0333549 0.0320204 -0.0330677 0.0339902 0.0340224 -0.0336745 -0.0337905 0.0344066
internal_weight=291.703 193.957 155.096 38.861 9.21518 142.149 140.713 12.9468 139.682 138.905 138.235 2.01725 97.746 10.3931 8.92059 29.6458 87.353 1.61932 136.218 22.3333 20.7473 113.885 20.0893 6.06377 11.3275 112.796 19.5576 29.1723 86.5176 18.7667
internal_count=15266 8283 5897 2386 381 5071 5000 826 4945 4906 4898 55 6983 632 605 2005 6351 58 4843 723 693 4120 666 186 768 4086 652 1994 6328 632
is_linear=0
shrinkage=0.05


Tree=175
num_leaves=31
num_cat=0
split_feature=4 13 10 10 11 9 10 2 20 8 10 14 11 14 10 18 17 30 6 3 10 2 13 16 0 9 32 25 2 8
split_gain=33.8387 18.781 21.884 9.64798 6.19699 3.73388 3.23391 3.03821 2.8316 2.54467 2.47368 2.10032 1.7721 1.56203 1.43491 1.26646 1.18094 2.56838 6.33435 2.44471 2.33272 1.91179 1.36575 0.908986 0.80547 0.767444 1.14228 0.756957 0.695143 0.534544
threshold=0.50300881266593944 0.66926905512809765 0.39640861749649053 0.32801096141338354 -0.59378764033317555 0.47280906140804296 0.30951426923274999 -0.086521185934543596 -0.28979294002056116 0.72665178775787365 0.37975467741489416 -0.56357410550117482 0.60257199406623851 0.31389924883842474 0.27023673057556158 0.24681803584098819 -0.23963176459074018 0.22225040942430499 0.68159130215644848 0.47510491311550146 0.29419134557247167 -0.1709204167127609 0.65301537513732921 0.79254809021949779 0.2401416897773743 0.80333301424980175 -0.0081900972872972471 0.88119658827781688 -0.30174148082733149 -1.0000000180025095e-35
decision_type=8 10 10 10 10 10 10 8 8 2 10 8 10 10 10 8 8 8 2 10 10 10 8 10 10 10 10 8 8 2
left_child=11 2 4 8 6 -4 -2 -7 28 14 23 12 27 -12 -6 -10 -16 19 20 -18 -19 22 -20 -5 -13 -26 -27 -1 -3 -9
right_child=1 3 5 10 9 7 -8 29 15 -11 13 24 -14 -15 16 -17 17 18 21 -21 -22 -23 -24 -25 25 26 -28 -29 -30 -31
leaf_value=0.044782106728103246 -0.033889392910957904 -0.021722324044101952 -0.033763055603546685 0.033240019789664101 -0.021196398040423899 -0.031194468208631698 0.034489851184707196 0.021487555707969216 0.037092756019129973 -0.039653436453930789 -0.032456391285576272 0.018949952280486543 -0.029403831967692369 0.028323577740375319 0.03396814655871154 -0.033071117060073915 -0.039704004244302475 -0.016919999821253806 0.034193021904054176 0.0339883896809067 0.034613323243294566 -0.037896314787755819 -0.034079609697462723 -0.011167986636030729 -0.033148427931507012 -0.033812256554644447 0.034126215913056916 -0.010080642493444815 0.034535268636835863 0.058201197071636526
leaf_weight=1.9856571108102801 6.441345224156974 0.74326072074472904 20.751922873780135 10.88066395558417 1.44546619337052 2.9478781688958406 2.3635685686022043 2.7567093642428517 0.6543629439547658 1.3887292640283693 3.3842854825779787 0.78156169503927131 2.6010826602578163 1.5372348297387359 62.602927499450743 37.488780902698636 1.1544030290097058 2.4909436460584393 2.0643894951790576 44.856391437351704 18.544443540275097 5.994903317652641 1.1353948619216678 1.2888173740357149 65.310361916199327 1.4646378923207524 1.0712095629423846 0.92002540081739415 2.1020044162869458 1.548278659582137
leaf_count=46 356 23 1479 343 79 184 62 56 6 17 168 24 159 26 2165 2807 8 42 63 1516 581 89 41 38 4720 82 9 18 53 6
internal_value=0.000341007 0.00957816 0.0176145 -0.0151189 0.0251672 -0.0229696 -0.0155338 0.00791261 -0.0282781 0.0276967 0.0164401 -0.0291352 0.000574868 -0.0134718 0.0283634 -0.0318674 0.0288793 0.0247008 0.013379 0.0321395 0.0285109 -0.0212395 0.00996752 0.028537 -0.0315192 -0.0321006 -0.00511323 0.0274109 0.0198393 0.0346915
internal_weight=310.702 236.567 178.488 58.0794 150.483 28.0048 8.80491 7.25287 40.9884 141.678 17.091 74.1345 5.50677 4.92152 140.289 38.1431 138.844 76.2409 30.2301 46.0108 21.0354 9.19469 3.19978 12.1695 68.6278 67.8462 2.53585 2.90568 2.84527 4.30499
internal_count=15266 10208 6744 3464 5019 1725 418 246 2889 4601 575 5058 223 194 4584 2813 4505 2340 816 1524 623 193 104 381 4835 4811 91 64 76 62
is_linear=0
shrinkage=0.05


Tree=176
num_leaves=31
num_cat=0
split_feature=10 4 34 6 2 15 12 26 1 10 14 8 2 1 17 2 9 10 10 12 6 30 10 16 1 26 8 8 20 2
split_gain=55.1661 39.3224 5.26552 3.79918 2.77425 2.38103 5.11511 2.50802 2.21726 2.49948 2.08841 2.05039 1.79506 1.73263 1.22499 0.793816 1.04325 0.580619 0.466031 1.87076 0.528915 0.425976 0.338442 0.406976 0.359239 0.275309 1.10924 0.243838 0.218963 0.088602
threshold=0.37169821560382849 0.45912387967109686 0.79030847549438488 0.78888249397277843 -0.1451584920287132 0.26174925267696386 0.29585236310958868 -1.4881933331489561 0.57510215044021618 0.40957197546958929 1.0000000180025095e-35 -0.33437740802764887 0.191375806927681 0.46464058756828314 -0.034643491730093949 0.20993983000516894 0.47280906140804296 0.28826814889907842 0.45343953371047979 0.20807485282421115 0.2187352925539017 0.12954635918140414 0.19448296725749972 0.46668364107608801 0.45403732359409338 -1.2702180743217466 0.72665178775787365 -0.22542591392993924 0.14849356561899188 0.1859388276934624
decision_type=10 10 8 2 10 8 8 8 8 10 8 2 10 8 8 8 10 10 10 10 2 10 10 8 10 8 2 2 10 10
left_child=1 11 3 13 -5 6 14 -7 29 10 21 -1 27 -3 -4 18 -17 -15 19 -11 -20 -10 -9 -24 -25 26 -26 -13 -29 -2
right_child=8 2 5 4 -6 7 -8 22 9 15 -12 12 -14 17 -16 16 -18 -19 20 -21 -22 -23 23 24 25 -27 -28 28 -30 -31
leaf_value=-0.037565238104328838 0.033993197523848474 0.033167213168569208 0.039780470369537899 -0.034544207512170473 0.037407503129802615 0.027035217743081416 -0.033442476747090909 -0.07605339242407641 0.03503440055560423 -0.041921487087417296 -0.032090694546194752 0.010075077759836534 -0.034577743008779499 0.017720672384453774 -0.021376120060488928 0.034013519251628641 -0.04092281307768756 -0.033841144645775666 -0.00083709174270831747 0.034214910042299741 0.034033427057392554 -0.009371407615790868 0.0085902974497809054 0.03028112987949402 -0.03382978343470696 -0.033679492985499417 0.057479516760436992 0.034003909927403771 0.0011607883629181275 0.01613624194635796
leaf_weight=1.1218967558816064 73.480737186968327 1.2227649101987488 4.2949635311961174 1.6726336479187009 6.7302699703723174 1.7516207303851841 9.2642992408946139 0.45937902573496003 2.141842992976311 1.1222941437736147 4.0008611418306828 1.1429313831031311 1.0152253182604898 0.58521713409572917 1.011684937402604 0.87504555843771104 0.98983259312808514 8.142733817920087 1.1643320322036768 2.8701789956539869 16.468427976593375 0.72215634770691384 0.58381898328662218 0.22207277547567983 1.6291607432067396 120.36641701310873 0.41793810948729504 35.451134271919727 0.51485460996627708 0.70128359086811443
leaf_count=45 2841 31 62 71 130 28 575 9 48 14 187 17 41 16 28 31 13 469 32 97 597 20 13 8 98 8393 2 1323 9 18
internal_value=-0.000207715 -0.0157475 -0.0268514 -0.00167 0.0230852 -0.0301526 -0.0110213 -0.032375 0.0291663 0.0177827 -0.00875762 0.0290562 0.0310167 -0.0225746 0.0281213 0.025539 -0.00576089 -0.0303839 0.0282382 0.0128128 0.0317308 0.0238375 -0.0332164 -0.0330567 -0.033255 -0.0333703 -0.015188 0.0328112 0.0335338 0.0338244
internal_weight=302.138 197.601 158.355 18.3536 8.4029 140.001 14.5709 125.43 104.537 30.355 6.86486 39.246 38.1241 9.95072 5.30665 23.4901 1.86488 8.72795 21.6252 3.99247 17.6328 2.864 123.679 123.219 122.636 122.414 2.0471 37.1089 35.966 74.182
internal_count=15266 11368 9933 717 201 9216 665 8551 3898 1039 255 1435 1390 516 90 784 44 485 740 111 629 68 8523 8514 8501 8493 100 1349 1332 2859
is_linear=0
shrinkage=0.05


Tree=177
num_leaves=31
num_cat=0
split_feature=16 10 13 12 7 23 10 4 1 13 1 2 30 2 10 6 15 25 0 3 8 1 6 3 26 1 9 7 10 20
split_gain=56.0116 29.974 15.4766 3.16041 1.67254 1.12449 1.12323 2.70024 0.878544 0.832012 1.09616 0.740635 0.658544 0.570003 0.548351 1.56193 0.509639 0.495166 0.48812 0.426039 0.17062 0.163604 0.111416 0.761277 0.0854579 0.0836496 0.0683169 1.40539 0.045425 0.248115
threshold=0.64119571447372448 0.32801096141338354 0.63671869039535534 0.28564789891242987 0.26128217577934271 -0.48498241603374476 0.26279318332672125 0.44826354086399084 0.39353185892105108 0.8028831183910371 0.68387693166732799 0.26886835694313055 0.1385820880532265 0.28652486205101019 0.31706482172012335 0.51448738574981701 0.35874260962009435 0.77955716848373424 0.75428903102874767 0.48048996925354009 -0.53145897388458241 0.41808208823204046 0.75256043672561657 0.4234860241413117 0.64843142032623302 0.63609361648559581 0.70168870687484752 0.29576836526393896 0.27023673057556158 -0.26094295084476465
decision_type=8 8 8 8 2 8 10 10 10 10 10 8 8 10 10 2 10 8 10 10 2 10 2 8 8 10 10 2 10 10
left_child=6 2 4 16 20 11 7 13 -7 22 -11 -5 -10 -1 17 -16 -4 -14 28 -17 -2 -19 -3 -24 -9 26 -23 -28 29 -8
right_child=1 9 3 5 -6 8 18 24 12 10 -12 -13 14 -15 15 19 -18 21 -20 -21 -22 25 23 -25 -26 -27 27 -29 -30 -31
leaf_value=-0.033670564710401162 0.034252858488639633 -0.033695032880045057 -0.034871143349392106 -0.033933684692531704 -0.03378621924523291 -0.034014720798191435 -0.034729720539795547 0.018102042484804074 -0.026590548070433401 0.034381945525492306 -0.033834332439143189 0.034236957626554924 -0.01762253829116146 0.04060712277328761 -0.036125404860122216 0.034118549262651364 0.023179213328132994 0.0092211133389782009 0.0069486173827883607 -0.011608020054298519 0.0001341962317669577 0.034019963111432905 0.037763559310252347 -0.033837063587650033 0.037231817237241151 0.016165226389508024 0.033987134509378784 -0.031640076963994568 -0.033771007590075001 0.015735031471245432
leaf_weight=6.8158363020047528 0.97427219524979591 23.863983768969781 2.1180388079956196 1.0832610009238122 11.295255584642289 0.50345631316304107 1.2978297509253023 0.94821171462535858 0.4752149246633065 1.1162764523178332 1.246485195122659 0.63022729940712441 0.47894151695072551 0.26845904067158688 1.0987637983635057 4.8187829703092575 0.46024529542773951 0.70050950534641643 0.74844561796635289 0.56960538588464249 0.58731530793011077 105.45330842584372 0.43410219252109472 2.5634126635268331 1.5191434398293497 0.69570634514093299 15.609608963131905 0.86075296252966005 82.53824371099472 0.29983760230243106
leaf_count=540 28 1768 95 58 809 19 86 24 15 27 77 19 25 2 41 167 10 15 20 15 21 4088 3 180 28 18 581 8 6427 12
internal_value=-0.000307952 0.0162333 0.0253473 0.0303198 -0.0270808 0.0313829 -0.0314226 -0.0151667 0.0319082 -0.0300516 -0.00160585 -0.00886027 0.032162 -0.0308558 0.0323763 0.0182059 -0.0245087 0.0331189 -0.0332518 0.0292848 0.0214208 0.0333159 -0.0325538 -0.0234678 0.0298802 0.0334536 0.0335522 0.0305574 -0.0336094 -0.0252589
internal_weight=272.074 177.638 148.413 135.556 12.8568 132.978 94.436 9.55165 131.265 29.2243 2.36276 1.71349 130.761 7.0843 130.286 6.48715 2.57828 123.799 84.8844 5.38839 1.56159 123.32 26.8615 2.99751 2.46736 122.619 121.924 16.4704 84.1359 1.59767
internal_count=15226 8087 6032 5174 858 5069 7139 594 4992 2055 104 77 4973 542 4958 223 105 4735 6545 182 49 4710 1951 183 52 4695 4677 589 6525 98
is_linear=0
shrinkage=0.05


Tree=178
num_leaves=31
num_cat=0
split_feature=4 13 10 7 11 24 10 9 11 8 14 30 29 6 27 30 6 7 3 14 6 2 1 0 8 7 11 0 25 9
split_gain=30.9529 17.3654 20.685 9.76406 5.217 3.43008 2.84436 2.79637 2.44609 2.23664 2.04073 1.99843 1.83943 1.51173 1.20167 2.21637 3.68849 2.16185 2.14713 1.34495 0.8805 2.39085 1.07748 0.842023 0.840868 1.06307 0.575517 0.570063 0.565712 0.543222
threshold=0.50300881266593944 0.66457995772361766 0.40137711167335516 0.31251774728298193 -0.59378764033317555 0.18666049838066104 0.30951426923274999 0.53893038630485546 -0.031122125685214993 0.76579961180686962 -0.58346134424209584 0.18791685253381732 -1.0960766077041624 0.70377770066261303 0.24494961649179461 0.22225040942430499 0.71922203898429882 0.29576836526393896 0.51134401559829723 -0.31283400952816004 0.82679662108421337 -0.12440372630953787 0.48649403452873236 0.2401416897773743 0.37627583742141729 0.57448866963386547 0.48354518413543707 0.58477845788002025 0.88119658827781688 0.80333301424980175
decision_type=8 10 8 2 10 10 10 10 10 2 8 8 10 2 10 8 2 2 10 8 2 10 10 10 2 2 10 8 8 10
left_child=10 2 4 11 6 13 -2 -4 -9 14 12 -3 -1 24 15 18 17 -17 -6 -18 22 -22 -16 -12 25 -5 -7 -10 -14 -25
right_child=1 3 7 5 9 26 -8 8 27 -11 23 -13 28 -15 20 16 19 -19 -20 -21 21 -23 -24 29 -26 -27 -28 -29 -30 -31
leaf_value=-0.029823462328890826 -0.034496745411103022 0.019670453410913391 -0.033414149207176259 0.028922613686053464 -0.03943454147825691 0.033798975593847341 0.034370861842866939 0.039416879393420257 -0.033679730433196296 -0.039737072268621332 0.021658145813873084 -0.033423446907881967 0.044712457473082563 -0.033914152656233675 -0.036429859737009213 -0.028685243052693894 0.023205498439061278 0.035752564921197418 0.033607354687797436 -0.035224032352137218 0.034462937321411119 -0.037936951855590623 0.032449210653106055 -0.033145761018056739 -0.03163994769299884 -0.033659433840670681 -0.01705292122065134 0.035512536774204434 -0.0052766434482592441 -0.0079858686906436726
leaf_weight=2.5122019033879042 5.4746038168668738 1.8706184942275284 19.442076212726537 3.5322519093751925 1.0542668774724031 10.698095254600045 2.0648024939000607 2.8289396874606609 2.596949633210897 1.2395549593493331 0.73274707980453868 33.722735245712101 1.8809973485767844 3.8348485846072435 0.57148097082972427 1.5503994375467289 1.2235457785427568 8.1115935482084733 22.036516588181257 5.0489384979009619 3.4880875367671251 1.6941238790750492 87.49760729726404 60.461267203092575 1.1209671534597871 0.83994522411376227 0.58692120667547065 0.33621788769960392 0.80953313596546639 2.2242848137393585
leaf_count=154 328 38 1488 92 7 340 59 43 177 13 22 2714 47 240 6 42 33 236 792 137 114 14 3170 4690 37 63 16 4 20 90
internal_value=0.000196642 0.00925201 0.0173743 -0.014774 0.0248293 0.0126106 -0.0156361 -0.0243474 0.00624483 0.0271143 -0.0291604 -0.0306331 0.000943704 -0.00982343 0.0277407 0.020374 0.00603005 0.0254126 0.0302724 -0.0238264 0.0308237 0.0107946 0.0320023 -0.0316301 0.00699461 0.0168999 0.0311542 -0.0257485 0.0296716 -0.032253
internal_weight=291.087 222.466 166.26 56.2064 141.056 20.613 7.53941 25.2042 5.76211 133.516 68.621 35.5934 5.20273 9.32801 132.277 39.0253 15.9345 9.66199 23.0908 6.27248 93.2513 5.18221 88.0691 63.4183 5.49316 4.3722 11.285 2.93317 2.69053 62.6856
internal_count=15226 10203 6663 3540 4951 788 387 1712 224 4564 5023 2752 221 432 4551 1247 448 278 799 170 3304 128 3176 4802 192 155 356 181 67 4780
is_linear=0
shrinkage=0.05


Tree=179
num_leaves=31
num_cat=0
split_feature=10 4 16 9 2 29 1 10 11 17 2 15 24 2 1 1 2 9 6 32 10 12 4 0 0 20 5 35 33 32
split_gain=51.1012 37.1891 5.02413 4.94908 6.13645 2.22676 2.01987 2.39689 2.10218 1.98808 1.64577 1.36137 2.43131 1.18953 0.971423 0.963014 0.626541 1.1706 0.495582 0.48248 0.361089 1.3405 0.344057 0.324497 0.20709 0.207629 0.144371 0.0582003 0.0377882 0.0441554
threshold=0.37169821560382849 0.45912387967109686 0.53944781422615062 0.55661028623580944 -0.1451584920287132 -1.1768970489501951 0.57510215044021618 0.40957197546958929 -1.0000000180025095e-35 -0.96092015504837025 0.1320496276021004 0.22420193254947665 0.28440190851688391 -0.19397600740194318 0.45785793662071234 0.4507568776607514 0.21611873805522921 0.62369909882545482 0.2187352925539017 -0.45340591669082636 0.45343953371047979 0.20807485282421115 0.46163727343082434 0.75428903102874767 0.72704827785491954 0.11322189867496492 -0.19255612790584561 -0.044443584978580468 0.20722077041864398 -0.35549013316631312
decision_type=8 10 8 10 10 8 8 8 10 10 8 8 8 10 10 10 8 8 2 8 10 10 8 10 10 10 10 10 8 8
left_child=1 10 3 14 -5 9 26 8 -8 -4 13 12 -7 -1 -3 -13 18 -18 -9 -10 21 -20 -16 -17 25 -15 -2 28 -6 -30
right_child=6 2 5 4 27 11 7 16 19 -11 -12 15 -14 24 22 23 17 -19 20 -21 -22 -23 -24 -25 -26 -27 -28 -29 29 -31
leaf_value=-0.033765319238991946 0.0040762168455510794 0.035622872645268998 -0.031105033165108716 -0.034482243625291328 0.034760372641191993 0.035228443239044532 -0.034357643777382874 -0.0013661648816301233 -0.013400347961208266 0.040223087346070392 -0.034496968281530219 0.033972937835527815 -0.033736345922622805 0.033967930677235851 -0.083279557219418876 -0.033563489397487149 0.031030603709051557 -0.04669581030114564 -0.034646527655737475 0.035047058691228421 0.033999214935695736 0.034348203345773536 -0.033500201770374084 1.4586080386725509e-05 0.011104400922077472 0.0017597261368042353 0.033960718864033429 0.023500634450918739 0.036076427134671789 0.047427783870797782
leaf_weight=0.68431155197322269 0.4065001979470243 0.50741338543594139 1.8563985135406258 4.524313203059136 5.2901716195046893 2.0689974091947079 3.5842674896121025 1.3001513499766577 0.67672517523169518 2.0620182976126671 0.96980602853000064 0.53368582017719646 3.3427405320107937 33.314015179872513 0.36007738113403043 112.96045968215913 1.1807629466056888 0.82137605361640442 0.9495643712580234 2.1358446776866944 15.004095502197741 2.7223607487976551 9.6415386581793427 0.72412708587944408 1.0662703085690726 0.50800499692559142 69.501343090087175 0.82280090823769469 1.794338012114167 1.6394446920603507
leaf_count=42 9 10 103 238 138 16 183 37 21 24 42 20 223 1312 1 8384 38 11 17 49 577 93 644 19 33 8 2861 31 32 10
internal_value=9.38163e-05 -0.0154075 -0.0265519 -0.00590723 0.0134819 -0.0306592 0.0292203 0.0179694 -0.00896697 0.00643051 0.0297676 -0.031874 -0.00736996 0.0315197 -0.0318683 -0.033035 0.0258093 -0.000856601 0.028482 0.0233903 0.0305599 0.0165061 -0.0352924 -0.0333496 0.0328002 0.0334842 0.0337869 0.0362126 0.0374116 0.0414961
internal_weight=282.954 184.671 148.129 24.5801 14.0711 123.548 98.283 28.3751 6.39684 3.91842 36.5424 119.63 5.41174 35.5726 10.509 114.218 21.9783 2.00214 19.9762 2.81257 18.676 3.67193 10.0016 113.685 34.8883 33.822 69.9078 9.54676 8.72395 3.43378
internal_count=15226 11330 9893 1104 449 8789 3896 1026 253 127 1437 8662 239 1395 655 8423 773 49 724 70 687 110 645 8403 1353 1320 2870 211 180 42
is_linear=0
shrinkage=0.05


Tree=180
num_leaves=31
num_cat=0
split_feature=16 10 30 13 13 1 12 23 27 2 4 5 3 25 6 10 4 2 1 6 3 33 1 33 13 9 7 23 26 13
split_gain=53.3202 28.5397 14.8151 1.85805 1.79412 1.56709 1.46098 1.18778 1.01864 0.948971 0.744689 0.681706 0.523857 0.500236 0.461036 0.432508 1.29479 0.534315 0.330905 0.151803 0.926016 0.0916625 0.0728025 0.0710481 0.0415369 0.0327128 0.380797 0.0254089 0.157118 0.0155394
threshold=0.63233521580696117 0.32502411305904394 0.18791685253381732 0.79504406452178966 0.61125853657722484 0.6761603355407716 0.28327733278274542 -0.42341248691081995 0.59126904606819164 0.36603349447250372 0.40409830212593084 0.23995012044906619 0.27539768815040594 0.76708784699440014 0.32654269039630895 0.26279318332672125 0.44826354086399084 0.28652486205101019 0.64010941982269298 0.75256043672561657 0.4234860241413117 0.1297177076339722 0.42191734910011297 0.85039725899696361 0.78849801421165477 0.74969550967216503 0.29253675043582922 -0.17363756150007245 0.42697925865650183 0.59369555115699779
decision_type=8 8 8 10 8 10 8 8 10 10 10 8 10 8 2 10 10 10 10 2 8 8 10 10 10 10 2 8 8 8
left_child=15 2 8 19 11 -5 14 9 -2 -8 -9 29 -12 -14 -6 16 17 -1 21 24 -21 -15 -23 25 -3 27 -27 28 -24 -4
right_child=1 3 4 5 6 -7 7 10 -10 -11 12 -13 13 18 -16 -17 -18 -19 -20 20 -22 22 23 -25 -26 26 -28 -29 -30 -31
leaf_value=-0.033654559089444223 -0.03355446450298305 -0.033757999783375146 -0.033841355309441462 0.034403632800755611 0.01972352498324564 -0.033798243848604657 -0.033954908721408016 -0.019093314653855605 0.018098226489057623 0.034149897362858485 0.00017394212929335948 0.026861830816505079 -0.022829997302222949 0.011298607613251388 -0.035189748670065434 -0.033710201156931172 0.022719052446960212 0.040103400139113322 -0.006603013947069393 0.036912417651514665 -0.033836441783144718 0.015871255347024878 -0.0012062336405654667 0.016146632793674714 -0.019480219518103917 0.033882389293780298 -0.0092385711345650042 0.033989268137992204 0.033879571117827814 -0.021578052730135053
leaf_weight=6.2244664514437309 10.48928773216903 23.615830493159603 1.2792778210714446 2.0705505367368455 0.59656247496605175 1.4197806874290106 1.2242161361500623 0.69797299336641927 1.0500469896942366 0.87856272049248207 1.2251228764653195 0.73233353253454003 0.39934186823665996 0.46727381087840036 1.0638459445908663 78.374593972694129 1.3722485722973941 0.25562230311334122 0.5192320216447105 0.55476745218038503 2.7811307543888688 0.58356528170406718 0.3696470782160759 0.58182274363934894 0.52062213141471048 6.0890193860977879 0.55898500140756358 107.19466000050306 2.3326201215386395 0.32368175312876712
leaf_count=527 780 1844 76 56 7 98 68 20 31 29 30 19 22 14 41 6497 31 2 18 5 205 14 20 21 34 258 13 4389 100 15
internal_value=-0.000575131 0.0156994 0.0253912 -0.0277025 0.0303155 0.00666079 0.0311281 0.0317564 -0.0288542 -0.00550002 0.0324037 -0.0131055 0.0327024 0.0330371 -0.0154601 -0.0325893 -0.0214018 -0.030745 0.033225 -0.0320683 -0.0220707 0.0334 0.0334877 0.0335755 -0.03345 0.0336625 0.0302566 0.0338686 0.0290801 -0.0313651
internal_weight=255.847 169.62 138.657 30.9627 127.118 3.49033 124.782 123.122 11.5393 2.10278 121.019 2.33529 120.321 119.096 1.66041 86.2269 7.85234 6.48009 118.697 27.4724 3.3359 118.178 117.71 117.127 24.1365 116.545 6.648 109.897 2.70227 1.60296
internal_count=15284 8227 5985 2242 5174 154 5064 5016 811 97 4919 110 4899 4869 48 7057 560 529 4847 2088 210 4829 4815 4801 1878 4780 271 4509 120 91
is_linear=0
shrinkage=0.05


Tree=181
num_leaves=31
num_cat=0
split_feature=4 13 10 10 10 9 20 4 30 11 10 22 29 14 11 10 6 7 5 25 0 27 13 11 15 6 32 16 8 6
split_gain=29.6911 15.5521 19.2977 8.28141 6.43097 3.24481 3.05064 2.65284 2.64496 2.45598 2.19562 2.17903 1.57457 1.24446 1.19465 1.88851 1.17375 3.27553 1.00447 2.64809 0.77341 0.702499 1.3917 2.38031 0.907745 0.684718 0.647333 0.612277 0.4246 0.405216
threshold=0.5072980821132661 0.68301752209663402 0.39640861749649053 0.33405528962612158 0.28357239067554479 0.47280906140804296 -0.58620506525039662 0.45912387967109686 0.21738685667514804 -0.035506220534443848 0.37975467741489416 0.80999043583869945 -0.14865995943546292 0.4805308878421784 -0.59378764033317555 0.30951426923274999 0.82478412985801708 0.3064503967761994 0.17350886762142184 0.76708784699440014 0.2401416897773743 0.17399007827043536 0.47632229328155523 -0.044149620458483689 0.20413611829280856 0.83567142486572277 -0.20635622739791867 0.58246397972106945 0.019920771010220054 0.70582246780395519
decision_type=8 10 8 10 10 10 8 10 8 10 8 8 8 10 10 10 2 2 10 8 10 10 10 10 8 2 10 8 2 2
left_child=6 2 4 12 8 -4 7 -1 -2 28 29 -10 -3 -12 15 -6 21 -18 20 -20 -8 22 23 -16 -24 -21 -25 -9 -7 -5
right_child=1 3 5 10 14 9 18 27 11 -11 13 -13 -14 -15 16 -17 17 -19 19 25 -22 -23 24 26 -26 -27 -28 -29 -30 -31
leaf_value=-0.033816321033077745 0.03169329074718525 0.028300844273892872 -0.033762339529801587 0.034012694327794649 -0.033553021019192546 0.022373803360951405 0.016077538320197392 0.038894955125513712 0.035439158424432481 -0.028019088648970771 -0.031467382204022031 -0.03183047392785545 -0.033439261724687599 0.03539483877059553 0.035010932506818318 0.034352280392935759 0.033996254806487332 -0.035298499796737791 0.034185803295816657 -0.033670975602160078 -0.033349084816434012 0.032846156074565501 -0.017888036729490894 -0.032580815023065444 0.03313809476670157 0.031157233170926831 0.023127685814837717 -0.011863902402701552 0.058566727799456708 -0.006741666289049035
leaf_weight=2.6799788288772106 3.0233839824795705 1.071483959443867 18.409714430570606 8.1281117666512674 1.9615510599687684 2.4744478464126591 0.80269664339721103 3.4123289147391915 1.4114223578944773 2.7835692074149838 2.7997689126059426 8.1848098766058683 28.517238185741011 0.9261234588921069 3.3535165023058653 2.1419339589774609 4.9884202256798735 2.5912352278828621 2.1186905782669756 6.5446883030235776 56.526887754909694 84.433434518054128 0.91720372997224064 3.0759344212710862 17.531140958890322 0.43433961831033219 0.62791497819125908 0.71934995613992203 1.2049572765827177 0.65940942242741662
leaf_count=209 96 30 1457 302 63 56 26 95 41 190 142 498 2429 16 106 63 192 39 26 503 4640 3266 12 72 646 12 21 14 5 17
internal_value=0.00031888 0.0102406 0.017391 -0.0167825 0.0248862 -0.023062 -0.02694 0.004927 -0.0090879 0.00741766 0.0173168 -0.0219364 -0.0312035 -0.0148478 0.0284114 0.00189214 0.0293374 0.0103067 -0.0302077 -0.0147734 -0.032657 0.0306494 0.0233774 0.00449396 0.0306012 -0.0296364 -0.0231365 0.0300575 0.0342265 0.0309545
internal_weight=274.456 201.217 159.115 42.1021 134.242 24.8727 73.239 6.81166 12.6196 6.46297 12.5134 9.59623 29.5887 3.72589 121.622 4.10349 117.519 7.57966 66.4273 9.09772 57.3296 109.939 25.5057 7.05737 18.4483 6.97903 3.70385 4.13168 3.67941 8.78752
internal_count=15284 9759 6823 2936 5115 1708 5525 318 635 251 477 539 2459 158 4480 126 4354 231 5207 541 4666 4123 857 199 658 515 93 109 61 319
is_linear=0
shrinkage=0.05


Tree=182
num_leaves=31
num_cat=0
split_feature=10 4 6 2 2 8 1 10 11 12 11 24 2 23 1 21 14 11 9 9 18 15 12 10 17 9 2 29 21 6
split_gain=48.1335 35.49 3.34184 4.4843 2.30863 2.48397 1.85803 2.29894 2.02669 1.7897 1.69821 1.33948 1.11373 0.817696 0.808173 0.780934 0.8686 0.660632 2.87922 0.574626 0.556816 0.536668 2.13155 0.485132 0.182688 0.257323 0.140173 0.071686 0.0530526 0.292761
threshold=0.37169821560382849 0.47519899904727941 0.8088805377483369 -0.1451584920287132 0.1320496276021004 -0.24416866898536679 0.57510215044021618 0.40957197546958929 -1.0000000180025095e-35 0.66589677333831798 0.81779608130455028 0.14732921868562701 -0.038399212062358849 0.31350132822990423 0.46464058756828314 0.2104272395372391 -0.31504787504672999 -0.35460107028484339 0.47280906140804296 0.71544480323791515 0.43810243904590612 0.26174925267696386 0.29081995785236364 0.27341262996196752 0.20312341302633288 0.8113229274749757 0.191375806927681 -1.4035562276840208 0.22627132385969165 0.79676085710525524
decision_type=8 10 2 10 10 2 8 8 10 10 10 8 10 10 10 8 10 8 10 10 10 8 8 8 10 10 8 8 8 2
left_child=1 4 10 -4 5 23 26 8 -8 13 11 -3 -12 -7 -13 16 -16 18 -9 -5 -10 22 -17 -1 25 -19 -2 -23 29 -29
right_child=6 2 3 19 -6 9 7 17 20 -11 12 14 -14 -15 15 21 -18 24 -20 -21 -22 27 -24 -25 -26 -27 -28 28 -30 -31
leaf_value=-0.034216867980248325 0.033918484143328896 0.022397361551733344 -0.033847880382246467 -0.00062260718664895547 -0.034128080960847719 0.033526590667077305 -0.034289002911390067 0.034207933188568018 0.034881214892909955 -0.054558560933621485 -0.033620655112813411 0.036296494417336671 0.041253583870612287 -0.034060595061203708 -0.03078351902699384 0.021454982357924094 0.025141470436349591 0.033229684993225379 -0.051806310142650518 0.037363961093892908 -0.018526402368295437 -0.017753829928372458 -0.033766574641461225 0.026054010208397638 0.0012096594194903306 0.00062867624793835853 0.0041661704123676924 -0.033640307455174913 -0.033691912881059695 0.021269435321004383
leaf_weight=1.8174378937110298 65.612389693036675 1.1642293445765997 5.5733558321371675 1.2773703057318906 1.548372815363108 35.542190425097942 3.4220236204564571 3.432915085926652 2.1891190744936497 0.59772280137985845 0.78200707212090526 0.43799390643834968 1.3610819727182377 0.45321696437895198 1.547278272919357 2.2562229651957768 1.2594453180208791 15.046790912747385 1.357694925740361 4.5124979969114065 0.62803956307470787 0.72408486716449261 7.7504203207790852 0.4090142250061034 0.49975512735545713 0.63064934592694122 0.39828356914222141 1.5745746446773399 102.81948725599796 0.2869922425597905
leaf_count=101 2884 17 375 36 87 1479 187 123 55 14 62 4 16 20 86 32 29 604 21 61 19 19 539 9 12 23 9 124 8230 7
internal_value=0.000223395 -0.0153314 -0.0277676 -0.0018337 0.0257429 0.0281309 0.0292071 0.0182116 -0.00843283 0.0312507 -0.0301839 -0.0309729 0.0139322 0.0326756 -0.0314966 -0.0317477 -0.00568861 0.0261399 0.00983085 0.0289833 0.0229749 -0.0323815 -0.0213156 -0.0231447 0.0309696 0.0319183 0.033739 -0.033432 -0.0335405 -0.025175
internal_weight=266.913 173.695 133.327 11.3632 40.368 38.8196 93.2177 27.207 6.23918 36.5931 121.964 119.821 2.14309 35.9954 118.656 118.219 2.80672 20.9678 4.79061 5.78987 2.81716 115.412 10.0066 2.22645 16.1772 15.6774 66.0107 105.405 104.681 1.86157
internal_count=15284 11347 9637 472 1710 1623 3937 1044 261 1513 9165 9087 78 1499 9070 9066 115 783 144 97 74 8951 571 110 639 627 2893 8380 8361 131
is_linear=0
shrinkage=0.05


Tree=183
num_leaves=31
num_cat=0
split_feature=16 10 30 13 16 10 4 10 18 10 4 15 23 12 2 2 25 0 1 2 33 10 16 6 3 26 1 0 16 10
split_gain=48.9472 26.5574 13.4705 1.71628 1.5748 1.53504 1.26568 1.09349 1.04509 0.882134 2.13965 0.847399 0.763831 0.729931 0.72324 0.501592 0.491753 0.484643 0.229907 0.209377 0.169551 0.109101 0.499169 0.0892815 0.627662 0.0636488 0.0539488 0.047444 0.0386307 0.117907
threshold=0.64119571447372448 0.32502411305904394 0.18791685253381732 0.64096337556839 0.79254809021949779 0.35196548700332647 0.39936998486518865 0.27292819321155554 0.34419739246368414 0.26221844553947454 0.44826354086399084 0.24944260716438296 -0.42341248691081995 0.28327733278274542 0.42121572792530065 0.28652486205101019 0.76708784699440014 0.75428903102874767 0.64010941982269298 -0.080321267247199998 0.52312815189361583 0.31650613248348242 0.76657557487487804 0.75256043672561657 0.42555403709411627 0.55362361669540416 0.41032566130161291 0.60885143280029308 0.63233521580696117 0.3057681024074555
decision_type=8 8 8 8 10 10 10 10 10 10 10 8 8 8 10 10 8 10 10 10 10 10 8 2 8 8 10 10 10 10
left_child=9 2 8 7 23 -6 -5 19 20 10 15 -8 14 -14 -13 -1 -15 28 21 -4 -2 26 -23 -3 -25 -12 -18 -24 -11 -30
right_child=1 4 3 6 5 -7 11 -9 -10 17 25 12 13 16 -16 -17 18 -19 -20 -21 -22 22 27 24 -26 -27 -28 -29 29 -31
leaf_value=-0.033655557978404811 -0.033787617577003909 -0.033733324557185973 0.03459799424278398 -0.034218319348075232 0.034324171429044169 -0.033979782748507638 -0.03002884298456936 -0.033822395662346121 0.031775451514859533 -0.033707690470248255 0.016674947775563085 -0.033891244601234508 -0.015212959133003273 -0.022537274251883829 0.034097479787203393 0.039636823517634159 0.01257442912259878 0.0061149192198726018 -0.0026068451970010982 -0.00097210906137247814 0.0057715769923258045 -0.026813018310889437 0.019978407564303545 0.029797391786258565 -0.033803183696729903 0.034869654632099081 0.033646806533040384 0.034074598466832723 -0.0024409535144412978 -0.033862887939433005
leaf_weight=5.8467992004007083 9.6107243634760327 21.440215244889266 1.1996563561260698 0.73029270302504201 1.8556549139320844 1.4774939976632593 0.5512355417013205 1.6464781658723948 0.671761594712735 72.726688145659864 0.76125050522387028 0.84661119710653998 0.79265473037958167 0.39804801158606906 0.727086516097188 0.24314678460359562 0.30460413172840972 0.77853688690811296 0.44806932099163432 0.63148470968007986 0.27871524542570192 0.41376433335244567 0.75316821131855283 0.45227166917174999 2.7264209259301424 1.3040646333247425 106.4226338211447 2.8774178829044104 0.40239820070564647 1.156826061196625
leaf_count=520 762 1784 36 28 54 86 6 107 16 6436 17 49 26 23 26 2 6 22 15 19 9 18 32 9 212 32 4653 112 16 94
internal_value=-0.000423567 0.0159864 0.0255398 0.0303527 -0.0282071 0.00404689 0.0313968 -0.00425464 -0.0285734 -0.0314327 -0.0158148 0.0318152 0.0321143 0.0325985 -0.0024788 -0.0307293 0.0329381 -0.0331294 0.0331366 0.0223313 -0.0326727 0.0332812 0.0252203 -0.0325739 -0.0247539 0.0281633 0.0335867 0.0311503 -0.0335407 -0.0257536
internal_weight=240.476 157.256 129.304 118.743 27.9521 3.33315 115.266 3.47762 10.5612 83.2197 8.15526 114.535 113.984 112.41 1.5737 6.08995 111.618 75.0644 111.22 1.83114 9.88944 110.772 4.04435 24.6189 3.17869 2.06532 106.727 3.63059 74.2859 1.55922
internal_count=15227 8088 5943 5156 2145 140 4994 162 787 7139 571 4966 4960 4885 75 522 4859 6568 4836 55 771 4821 162 2005 221 49 4659 144 6546 110
is_linear=0
shrinkage=0.05


Tree=184
num_leaves=31
num_cat=0
split_feature=4 13 31 7 11 1 7 24 8 16 7 26 1 18 0 6 16 7 5 16 0 34 6 2 4 0 28 3 6 13
split_gain=27.1262 14.7817 9.74616 8.317 4.41304 3.55381 2.66267 2.62078 2.42947 2.01876 1.83822 1.71898 1.97695 1.565 1.38593 1.30945 1.27675 1.10405 1.07289 1.01479 0.813247 0.785686 1.89516 1.71873 1.0357 0.695192 0.693918 1.09611 3.8906 1.41664
threshold=0.50300881266593944 0.67246571183204662 0.40071755647659307 0.3150466531515122 -0.55704998970031727 0.48274658620357519 0.40497589111328131 0.18666049838066104 0.76579961180686962 0.65355831384658825 0.27442862093448644 -0.60168141126632679 0.45785793662071234 0.3962597399950028 0.73183855414390575 0.70377770066261303 0.66429194808006298 0.3064503967761994 -0.22638686001300809 0.55859529972076427 0.42650514841079717 0.75714543461799633 0.80477467179298412 -0.1451584920287132 0.64464965462684642 0.2401416897773743 0.88487616181373607 0.50165191292762767 0.69899210333824169 0.53334099054336559
decision_type=8 10 8 2 10 8 2 10 2 8 2 8 10 8 8 2 8 2 10 8 10 8 2 10 10 10 8 10 2 8
left_child=11 2 -2 16 9 -6 8 15 10 -4 13 12 -1 -7 21 -5 -3 -11 -8 -15 -19 22 24 -24 -12 -13 -23 28 29 -28
right_child=1 3 4 7 5 6 18 -9 -10 17 14 25 -14 19 -16 -17 -18 20 -20 -21 -22 26 23 -25 -26 -27 27 -29 -30 -31
leaf_value=-0.033710959376895826 -0.033569667468402897 0.032020106247149994 0.034196723850334496 0.0081248496832494726 -0.034140443296298194 0.032648231907040651 0.034718912448944407 0.030346210285415939 -0.037836877461839481 -0.032121312871227832 0.0327946792094276 0.014383492165994459 0.027700694409229426 0.036520381553560119 -0.015055851012528427 -0.033890588729900563 -0.03305728962800427 0.028789524813255141 -0.020707469431642721 -0.034266275310160133 -0.034360366794793873 0.033120599515439386 0.034771238084464508 -0.040515511271612681 -0.031298429255359667 -0.032016380614683607 -0.021695535066903106 0.031610421384956885 -0.02778544554059427 0.033599601161797353
leaf_weight=2.4930625231936574 8.9856718713417632 0.77396901603788137 2.0210675569251162 4.5204073935747173 2.6988251442089668 2.0786341950297347 1.0834741210564969 9.332146327942608 1.5017659598961461 6.3297459520399553 8.686585389077667 0.81925050728022952 2.7627487303689122 0.61226446926593781 1.8816380314528931 3.1443517301231623 28.749974071048204 1.5635941075161102 4.4966387664899221 2.9255579067394142 0.75647338479757298 59.90197406802325 1.1377186551690104 2.2717751655727634 0.67962244991213161 55.136592782102525 1.2829034710302956 23.969398125074804 4.0503467842936507 11.927270603366196
leaf_count=214 861 12 64 175 197 71 34 341 39 378 355 27 71 11 41 214 2625 50 299 158 44 2502 34 35 47 4743 87 939 113 446
internal_value=0.000310432 0.00932934 0.0169284 -0.0153104 0.0201271 0.0226423 0.023835 0.0125528 0.0253686 -0.0107942 0.0261505 -0.0287691 -0.00142955 -0.00178477 0.0275055 -0.00911135 -0.0313513 -0.0213065 -0.00994549 -0.0220158 0.00819908 0.0282086 0.0165252 -0.015393 0.028144 -0.031337 0.0296845 0.0246923 0.0150852 0.0282296
internal_weight=258.575 197.364 150.843 46.5208 141.857 131.186 128.488 16.9969 122.907 10.6709 121.406 61.2117 5.25581 5.61646 115.789 7.66476 29.5239 8.64981 5.58011 3.53782 2.32007 113.908 12.7757 3.40949 9.36621 55.9558 101.132 41.2299 17.2605 13.2102
internal_count=15227 10172 6805 3367 5944 5408 5211 730 4878 536 4839 5055 285 240 4599 389 2637 472 333 169 94 4558 471 69 402 4770 4087 1585 646 533
is_linear=0
shrinkage=0.05


Tree=185
num_leaves=31
num_cat=0
split_feature=10 34 1 2 2 7 12 3 11 1 11 9 8 2 35 6 2 34 11 3 31 9 25 5 16 5 7 29 2 0
split_gain=44.1441 21.3999 8.11368 6.93767 2.8638 2.8508 1.93622 6.15751 1.61759 1.51888 1.81144 4.88233 1.3971 1.07149 0.91014 0.707947 1.37622 0.603317 0.472327 0.369981 0.357674 0.864169 0.338965 0.315665 0.241097 0.21005 0.184707 0.176281 0.11914 0.104407
threshold=0.37975467741489416 0.79882878065109264 0.4472425132989884 0.12630295753479007 -0.1709204167127609 0.38946869969367987 0.29585236310958868 0.49433684349060064 0.81779608130455028 0.58201491832733165 0.030651496723294262 0.46428979933261877 -0.22542591392993924 -0.038399212062358849 0.27997159957885748 0.81101468205451976 -0.11195379123091696 0.81053349375724804 -0.17824857681989667 0.33300288021564489 0.9191037416458131 0.6410479247570039 0.82101050019264232 -0.21408470720052716 0.43874701857566839 -0.19255612790584561 0.32883311808109289 -1.605890095233917 -0.15655481815338132 0.62358945608139049
decision_type=8 8 10 10 10 2 8 8 10 8 8 10 2 10 10 2 10 10 8 10 10 10 8 10 8 8 2 8 10 8
left_child=1 3 12 4 26 6 7 -4 15 25 11 17 -3 -10 20 24 -17 -11 -14 -13 28 -22 -18 -21 -8 -2 -1 -26 -6 -12
right_child=9 2 5 -5 14 -7 8 -9 13 10 29 19 18 -15 -16 16 22 -19 -20 23 21 -23 -24 -25 27 -27 -28 -29 -30 -31
leaf_value=-0.034129333256899173 -0.00066912472280641368 -0.032592324069778092 0.036919643127749653 -0.033284078353415125 0.012176407641481816 0.030462537598007634 -0.0735715331478837 -0.033687324849591985 -0.033625178428336948 0.033936194438914567 0.034008311511304498 0.0090241906372486649 -0.018802183237224806 0.041008149819596079 -0.033671483317152473 -0.032646166813317154 0.037575496551929245 -0.029993681041198619 0.032851909352003029 -0.081629378549649079 -0.033790771963829618 0.034389163398885002 -0.0061507772427532789 -0.035114806639262669 0.0045840754591385041 0.033881270381684335 0.0045062662644421705 -0.033346433858479019 0.03392632962032581 0.014466402327708842
leaf_weight=1.8749723955988877 0.44311250373721123 1.0238873651251195 4.4601089069619784 5.6453549694269887 0.64456868823618307 2.0458575189113608 0.37169688940048484 10.035662296228111 0.77644191030412946 6.9095407165586931 10.844147764146328 0.43189048673957575 0.47195698693394661 1.2634592577815045 0.53846338950097461 3.6888463981449604 1.1148631572723375 0.38986693508923043 7.1054464634507877 0.40335663594305504 0.69089296925812904 1.4199281502515075 0.73567440733313572 3.8102180138230324 0.30730944871902466 60.710842896252871 0.37047216948121775 94.691886692307889 27.160857455804948 0.72947617992758829
leaf_count=105 13 20 103 386 26 69 1 784 63 281 448 8 22 15 38 272 29 30 279 3 41 49 17 146 2 2850 18 7992 1107 10
internal_value=8.59692e-05 -0.0148667 -0.0246761 0.0179016 0.0267383 -0.0280523 -0.0290716 -0.0119627 -0.0314806 0.029478 0.0186794 0.00502028 0.0222272 0.0126007 0.0307562 -0.0323717 -0.0149945 0.0305217 0.0296346 -0.03505 0.0319158 0.0120732 0.0201923 -0.0395675 -0.033381 0.0336309 -0.0277549 -0.0332237 0.0334221 0.0327766
internal_weight=251.111 166.439 128.093 38.3455 32.7002 119.492 117.446 14.4958 102.95 84.6725 23.5185 11.9449 8.60129 2.0399 30.4547 100.91 5.53938 7.29941 7.5774 4.64547 29.9162 2.11082 1.85054 4.21357 95.3709 61.154 2.24544 94.9992 27.8054 11.5736
internal_count=15227 11438 9668 1770 1384 9347 9278 887 8391 3789 926 468 321 78 1261 8313 318 311 301 157 1223 90 46 149 7995 2863 123 7994 1133 458
is_linear=0
shrinkage=0.05


Tree=186
num_leaves=31
num_cat=0
split_feature=13 2 10 28 7 20 30 3 23 8 10 11 27 12 14 9 10 29 2 9 7 9 8 33 9 22 11 18 23 18
split_gain=44.7445 13.9896 10.9246 4.49084 4.44142 4.04916 3.07054 1.27975 1.29307 1.05302 1.19325 1.04991 0.980774 0.807243 0.663493 0.574444 0.550696 1.7134 0.424523 0.420722 0.901311 0.474446 0.339216 0.32292 0.166274 0.161366 0.137223 0.0896316 0.0751705 0.0708135
threshold=0.6440052092075349 0.32005520164966589 0.32994285225868231 0.96538221836090099 0.31109739840030676 0.19584813714027408 0.18791685253381732 0.28223353624343878 -0.39578923583030695 0.5465783178806306 0.35196548700332647 -0.60970196127891529 0.59126904606819164 0.28327733278274542 -1.0000000180025095e-35 0.26301448047161108 0.27077309787273413 0.054120251908898361 0.30117020010948187 0.69437015056610119 0.27882134914398199 0.25159016251564031 -0.40639564394950861 0.1274780407547951 0.79951810836792003 0.7854546606540681 -0.64170768857002247 0.31746309995651251 0.55801770091056835 0.2570719718933106
decision_type=10 10 10 8 2 8 8 10 8 2 8 10 10 10 10 10 10 10 10 8 2 10 2 8 10 8 8 8 10 8
left_child=1 3 6 16 5 22 12 -8 14 10 19 -3 27 -10 -9 -4 17 -1 -6 21 -21 -7 -5 -15 25 -25 -23 -2 -19 -27
right_child=2 11 15 4 18 9 7 8 13 -11 -12 -13 -14 23 -16 -17 -18 28 -20 20 -22 26 -24 24 -26 29 -28 -29 -30 -31
leaf_value=-0.033159727857409664 -0.033890348023277804 0.033853749819742866 0.0062643668089723313 0.011897640910991034 -0.033663199534754877 -0.0052310250002990015 -0.04201660182463534 -0.033948201499624749 -0.010606313468193275 -0.033815021341407646 -0.033717844585519331 -0.027357557195096822 0.034485431814288238 -0.0065813638409983168 0.0339883508719072 -0.033638245166725693 -0.033681109019890888 0.034571633023096231 0.029592498072199221 0.035783059369494635 -0.03397098425036485 0.016212977043258386 -0.033861881608107561 0.0039940543193950342 0.0023484646794625806 0.018129267960281647 0.034452494104777971 -0.001635738386400109 0.012534547425064217 0.033832458530398637
leaf_weight=4.9724204428493968 2.4458578843623417 11.636253667995332 1.021092307753859 0.43654230795800675 13.875057742930945 0.91702198982238492 0.59173373319208522 1.1182471709325907 1.067790645174681 0.9162900513038047 0.91206744313240129 0.74540676642209192 0.72527783550322045 0.50864439085126156 0.52960100397467602 7.7303896863013506 72.125141311902553 0.99105735495686509 0.27041100710630495 1.0005556996911771 0.86213505081832398 1.1664726054295895 5.6048052096739411 0.4597562812268724 0.42956871725618739 0.72417714074254236 8.8915041256695968 0.23618485406041223 0.63486158102750778 83.188261384144425
leaf_count=456 182 547 39 18 1234 24 17 64 29 57 70 38 16 15 20 675 6897 25 3 30 23 26 435 9 11 21 241 13 15 4008
internal_value=-0.000431303 -0.020299 0.0244008 -0.0258008 -0.0108583 0.00389388 0.0294775 0.0312684 0.0317611 0.0180845 0.0215431 0.0301687 -0.0171002 0.0325981 -0.0121141 -0.0289825 -0.0324162 -0.0185901 -0.032454 0.0254691 0.00349783 0.0291981 -0.0305553 0.0331389 0.0333771 0.0335351 0.0323372 -0.03105 0.025967 0.0336969
internal_weight=226.735 125.958 100.777 113.576 34.8529 20.7074 92.0251 88.6178 88.026 14.666 13.7498 12.3817 3.40732 86.3782 1.64785 8.75148 78.7235 6.59834 14.1455 12.8377 1.86269 10.975 6.04135 85.3104 84.8018 84.3722 10.058 2.68204 1.62592 83.9124
internal_count=15258 10139 5119 9554 2161 924 4405 4194 4177 471 414 585 211 4093 84 714 7393 496 1237 344 53 291 453 4064 4049 4038 267 195 40 4029
is_linear=0
shrinkage=0.05


Tree=187
num_leaves=31
num_cat=0
split_feature=4 13 10 10 10 10 23 35 14 13 11 10 23 14 10 8 30 34 20 6 30 11 22 0 16 14 22 2 19 25
split_gain=25.7127 14.3398 16.8144 7.47064 5.19022 1.94505 1.89408 1.82374 1.80612 1.53537 1.52092 1.72836 1.51098 1.17389 1.08002 0.983839 0.910523 0.8432 2.18767 2.58531 4.04048 0.830434 0.78166 0.730594 0.693576 0.640601 0.619477 0.615048 2.02217 0.611905
threshold=0.50300881266593944 0.67246571183204662 0.39640861749649053 0.32801096141338354 0.27867548167705541 0.37975467741489416 -0.32143673300743097 0.33380375802516943 -0.56357410550117482 0.63671869039535534 -0.59378764033317555 0.30951426923274999 -1.0634413957595823 0.4805308878421784 0.47211059927940374 0.34473238885402685 0.17924896627664569 0.79882878065109264 -0.23710929602384564 0.68645793199539196 0.20326542854309085 0.38476030528545385 0.79773828387260448 0.2401416897773743 0.79254809021949779 -0.34262961149215693 0.91668736934661876 -0.1784875616431236 0.75125274062156688 0.88119658827781688
decision_type=8 10 8 10 10 8 8 8 8 8 10 10 10 10 8 2 8 10 10 2 8 10 8 10 10 8 10 10 8 8
left_child=8 2 4 6 9 24 -3 -4 12 -2 11 -6 -1 -7 -9 -16 -8 18 19 21 -21 26 -11 -10 -5 -22 -12 28 -25 -14
right_child=1 3 7 5 10 13 16 14 23 22 17 -13 29 -15 15 -17 -18 -19 -20 20 25 -23 -24 27 -26 -27 -28 -29 -30 -31
leaf_value=-0.030956901805670369 0.023616637311958847 0.027504351061297345 -0.032979420646675771 0.032944568693153535 -0.03325811247446276 -0.029022800830191355 0.013231845998759116 0.021860222421020616 0.017852521823768435 0.039355230007330745 0.036316192442147836 0.034218339568991417 0.042338068581679482 0.035029254535895095 -0.023961567639902429 0.047939955320987326 -0.033582705506828799 0.03273286141918251 0.033705841073867919 0.029469873192401266 -0.00028084512616571519 -0.020928163051558868 -0.033665642614571431 0.036284108331498144 -0.011859099688538058 -0.037538530305198721 -0.016782910865896349 -0.033675048540249011 -0.032499041262871141 -0.011586359811779627
leaf_weight=1.9983945880085228 1.8852529674768437 1.4101413218304513 14.409765834920107 8.3714272473007387 2.1408158708363767 2.9793980568647398 1.0788541492074748 2.7947781914845118 0.75343457888811727 0.39417777396738518 9.9770772717893106 1.7046840917319057 1.8444729484617712 0.94132371805608261 4.6854285337030896 0.52952820062637318 27.871610757894818 58.266747187823057 26.404571178369224 5.1952167088165861 1.481582351028919 0.75380337703973133 5.2178585333749652 1.3864180557429779 0.96317046135664064 5.2133036078885198 0.58127803914249021 46.742244487628341 4.6605585822835565 0.73600528016686428
leaf_count=151 47 48 1315 336 92 169 17 90 24 5 356 57 51 20 313 15 2731 2596 1154 191 31 21 441 13 36 99 11 4401 401 26
internal_value=0.000556243 0.00965945 0.0173791 -0.0154088 0.0248499 0.0159086 -0.0290819 -0.0223473 -0.0284586 -0.0154224 0.0275525 -0.00334626 0.00168157 -0.0136446 -0.00321985 -0.0166607 -0.0318381 0.028654 0.0238631 0.0126619 -0.00361759 0.0297731 -0.0285368 -0.0310361 0.0283216 -0.0292934 0.0333929 -0.0317339 -0.0167288 0.0269577
internal_weight=243.373 185.252 141.636 43.6159 119.216 13.2553 30.3606 22.4195 58.1215 7.49729 111.719 3.8455 4.57887 3.92072 8.00973 5.21496 28.9505 107.874 49.6068 23.2023 11.8901 11.3122 5.61204 53.5427 9.3346 6.69489 10.5584 52.7892 6.04698 2.58048
internal_count=15258 10191 6834 3357 5101 561 2796 1733 5067 493 4608 149 228 189 418 328 2748 4459 1863 709 321 388 446 4839 372 130 367 4815 414 77
is_linear=0
shrinkage=0.05


Tree=188
num_leaves=31
num_cat=0
split_feature=10 4 6 2 8 2 12 1 14 10 9 29 15 12 20 6 9 17 1 21 14 4 8 19 7 2 20 16 6 2
split_gain=42.3343 30.5665 3.23399 4.53031 2.49219 2.08529 1.50955 1.39726 1.7507 2.91505 1.87667 1.15963 1.28179 3.1569 1.01522 0.914347 0.883579 0.853637 0.736038 0.654845 0.583159 0.386651 0.382097 0.603652 0.11695 0.0910995 0.0814549 0.0527778 0.0340842 0.146454
threshold=0.37975467741489416 0.47519899904727941 0.80477467179298412 -0.1451584920287132 -0.2493372708559036 0.15910609066486361 0.6840423345565797 0.57817342877388012 0.19693709909915927 0.45343953371047979 0.69855341315269481 -1.4035562276840208 0.26174925267696386 0.29585236310958868 0.2369065806269646 0.15400277823209765 0.69437015056610119 -0.9080313742160796 0.46464058756828314 0.15305256843566897 -0.29218366742134089 0.41803564131259924 -0.21085171401500699 0.80298614501953136 0.3412527740001679 0.19690540432929995 0.14849356561899188 0.39518612623214727 0.80151784420013439 -0.12142672762274741
decision_type=8 10 2 10 2 10 10 8 8 8 10 8 8 8 10 2 10 8 10 8 10 10 2 8 2 10 10 10 2 10
left_child=1 4 11 -4 21 6 14 25 -9 24 15 17 13 20 22 -11 -5 -3 -14 -20 -13 -1 23 -6 -10 -2 -24 -18 -21 -30
right_child=7 2 3 16 5 -7 -8 8 9 10 -12 12 18 -15 -16 -17 27 -19 19 28 -22 -23 26 -25 -26 -27 -28 -29 29 -31
leaf_value=0.016466454874318727 0.033846035265023881 -0.030587608037924364 -0.033796106583879722 -0.0099042221050728348 0.033963508368827777 -0.034063833231175997 -0.051527907060507243 0.033659563159237564 -0.007712950780367947 -0.03420143713527151 -0.050297058282978029 -0.0036333137262203573 0.035369096948482288 -0.033667293887329627 -0.034244385352147272 0.034237853624357169 0.048295742102202492 0.035980498406705981 0.022979887398832041 -0.033654568381611287 0.039931052218270917 -0.036119657996602765 0.033810935064133428 -0.027100702728761167 -0.035785283922645648 0.0093763179359373106 0.012423953199608021 0.035544122604160067 -0.036000760271287 0.0029426993617985256
leaf_weight=0.42953785508871023 56.631423562765121 0.83945238124579191 5.8365602483972907 1.1879845475777964 0.98922560736536502 1.3316454906016577 0.56223595328628917 10.732865395024417 0.42157394066453102 0.52414281666278828 0.81535307876765717 1.1691790530458095 0.39256146363913913 7.0123532619327307 0.58423899579793115 7.0817085485905409 1.049529582262039 1.1297056172043083 0.51517931092530389 92.722150485962629 2.2397704795002955 1.8772676549851892 30.696564249694354 0.68494984507560741 3.0930923772975802 0.38293492794036765 0.45175484754145045 3.577084681019187 0.86934399697929621 0.33423939999192842
leaf_count=8 2839 30 441 34 38 84 13 460 22 16 13 27 7 550 26 299 4 16 14 8417 26 104 1475 7 140 9 8 70 49 12
internal_value=-0.00015914 -0.0152654 -0.0276949 -0.00267672 0.0240233 0.0273136 0.0297198 0.0295068 0.0190064 0.00583011 0.0217933 -0.0304134 -0.0311246 -0.0144798 0.0310872 0.0295215 0.0285602 0.0076025 -0.0329537 -0.0332377 0.0249896 -0.0263279 0.03225 0.00898051 -0.0324181 0.0336817 0.0335008 0.0384368 -0.0335461 -0.025186
internal_weight=236.166 156.483 118.875 11.6512 37.6074 35.3006 33.969 79.6831 22.6687 11.9359 8.4212 107.224 105.255 10.4213 33.4067 7.60585 5.8146 1.96916 94.8335 94.4409 3.40895 2.30681 32.8225 1.67418 3.51467 57.0144 31.1483 4.62661 93.9257 1.20358
internal_count=15258 11460 9697 549 1763 1651 1567 3798 950 490 328 9148 9102 603 1554 315 108 46 8499 8492 53 112 1528 45 162 2848 1483 74 8478 61
is_linear=0
shrinkage=0.05


Tree=189
num_leaves=31
num_cat=0
split_feature=16 7 13 16 4 12 4 8 15 16 4 4 30 4 0 2 7 28 4 9 16 4 7 0 2 15 18 17 17 30
split_gain=42.8663 20.7658 10.9262 3.57389 2.7276 1.66937 1.30261 1.17137 1.15375 0.666015 0.856311 1.00921 0.622698 0.574139 0.478396 0.376187 0.343156 1.31618 0.487656 0.228921 0.214701 0.163128 0.0704475 0.360059 0.046561 0.113239 0.045694 0.0413467 0.0264525 0.0244975
threshold=0.63600969314575206 0.31460300087928778 0.63234102725982677 0.76181045174598705 0.65043067932128917 0.26609988510608679 0.65043067932128917 -0.48427090048789972 0.21821725368499759 0.60595834255218517 0.48655979335308081 0.45126831531524664 0.1385820880532265 0.41408814489841467 0.75428903102874767 0.31002169847488409 0.29719771444797521 0.94670432806015026 0.55002111196517955 0.70440965890884411 0.75106713175773632 0.56940436363220226 0.23034653067588809 0.6421189308166505 0.31002169847488409 0.70550751686096203 0.6777864694595338 -0.0027232136344537135 0.017885213717818264 0.16463773697614673
decision_type=8 2 8 10 10 8 8 2 8 10 10 10 8 10 10 10 2 8 10 8 8 10 2 10 10 10 10 10 8 8
left_child=9 2 7 15 26 -4 8 19 -7 14 11 -11 -10 -14 24 -3 22 21 -19 -2 -20 -18 23 -15 -1 -26 -5 -9 -13 -24
right_child=1 3 5 4 -6 6 -8 27 12 10 -12 28 13 16 -16 -17 17 18 20 -21 -22 -23 29 -25 25 -27 -28 -29 -30 -31
leaf_value=-0.033687229159585635 0.033745315973225887 -0.033550862287889373 -0.033987547614059699 0.034066242433284481 -0.03374804973235427 -0.050027272391190383 -0.033798578553846735 -0.033729300546796022 -0.026958111369737039 -0.033947377703771972 -0.033624957103007856 0.02397478621092447 -0.014271879227850918 0.034138860209483583 0.0077297207445256033 0.018418793548357435 0.0015761307265415841 -0.0096285145866859267 -0.00087448812628020871 -0.0097699272698930466 0.033830277772314003 -0.035206205352859767 0.023429111011640254 -0.015514404021079673 0.0059727568459570762 -0.033693992611090844 0.017825554350477096 -0.012498597960812222 0.037377107326384551 0.033792287616259978
leaf_weight=65.037280494347215 0.83061857335269329 20.957171256653972 1.0024724612012521 3.9247472807764998 2.4239220572635531 0.43365451321005943 0.77313237451016803 7.8841986041516057 0.45032408554106951 0.93831037078052704 2.7768995766527951 0.61947845201939322 0.66673526912927528 2.0126268584281202 0.70998198911547561 0.35409610345959563 0.46299558971076915 0.73083037510514337 0.46392943710088763 0.47510942164808523 11.311322137713429 0.86382429394870996 0.57426128070801863 0.44601615518331517 0.25497220549732347 0.61124628502875566 0.48682373948395241 0.23619526997208495 0.90753360465168953 81.935551902279258
leaf_count=6612 22 1967 65 154 195 4 54 711 22 66 272 27 27 84 20 11 28 20 25 37 505 34 14 26 12 49 32 20 17 4094
internal_value=-0.000361454 0.0157802 0.0254633 -0.022597 0.00886208 0.0302173 0.0308538 -0.0260439 0.0313519 -0.0317437 -0.0145842 0.00686306 0.031705 0.0319706 -0.0330941 -0.0326874 0.0322827 0.0249796 0.0300032 0.0179116 0.032463 -0.022371 0.0334716 0.0251314 -0.0335339 -0.022018 0.0322741 -0.0331118 0.0319401 0.0337202
internal_weight=211.556 139.701 111.554 28.1468 6.83549 102.128 101.125 9.42612 100.352 71.8557 5.24222 2.46532 99.9184 99.4681 66.6135 21.3113 98.8014 13.8329 12.5061 1.30573 11.7753 1.32682 84.9685 2.45864 65.9035 0.866218 4.41157 8.12039 1.52701 82.5098
internal_count=15226 8151 5792 2359 381 5002 4937 790 4883 7075 382 110 4879 4857 6693 1978 4830 612 550 59 530 62 4218 110 6673 61 186 731 44 4108
is_linear=0
shrinkage=0.05


Tree=190
num_leaves=31
num_cat=0
split_feature=4 13 10 7 10 9 24 2 16 16 14 6 13 29 27 30 6 10 14 8 0 7 8 9 32 6 2 16 4 8
split_gain=24.757 13.0463 15.963 7.59042 3.95965 2.86878 2.17892 1.99163 1.58029 1.35858 1.29784 1.27733 1.24879 1.15477 1.09173 2.39617 2.10078 1.79231 1.15049 0.958384 0.719435 0.68343 0.761032 0.681347 0.916597 0.659077 2.72186 0.637191 0.451573 0.403348
threshold=0.50300881266593944 0.66926905512809765 0.39640861749649053 0.3150466531515122 0.27502827346324926 0.51976066827774059 0.18666049838066104 -0.077950708568096147 0.75416088104248058 0.66429194808006298 -0.69258391857147206 0.70213967561721813 0.5851026475429536 -1.2227749228477476 0.20541096478700641 0.20326542854309085 0.57780325412750255 0.29468216001987463 -0.27688279747962946 0.66556361317634594 0.2401416897773743 0.49995398521423345 0.37627583742141729 0.80333301424980175 -0.0081900972872972471 0.80477467179298412 -0.12722302228212354 0.64623767137527477 0.59525963664054882 -0.64597627520561207
decision_type=8 10 8 2 10 10 10 8 10 8 8 2 8 10 10 8 2 10 8 2 10 2 2 10 10 2 8 8 8 2
left_child=10 2 4 9 12 -4 11 29 14 -3 13 21 -2 -1 15 -6 17 -17 -18 25 -12 22 -5 -22 -25 -16 -27 -8 -10 -7
right_child=1 3 5 6 8 7 27 -9 28 -11 20 -13 -14 -15 19 16 18 -19 -20 -21 23 -23 -24 24 -26 26 -28 -29 -30 -31
leaf_value=-0.031058146044722179 0.031785814481628254 0.030163656065168687 -0.033708811377355985 0.032410559048366018 0.032599663284733203 0.034569501732273682 -0.022305975749673343 0.036130667899560313 -0.036054420688164876 -0.032759710468046814 0.017951370323591922 -0.033815882766698994 -0.031714969366051164 0.034107368027837814 0.033220903488180117 -0.030857594178945846 0.024736529000634153 0.034925978673848349 -0.03127697842298055 -0.022642591354025767 -0.032910465369715355 -0.033758328972488226 -0.02941519725746777 -0.033694782374805249 0.03321707265372361 0.034014531821016353 -0.032149639978410145 0.033862620922047858 0.01345659179531113 -0.032168247073159871
leaf_weight=1.2518552895635369 0.9659313727170219 0.88722826074809014 15.450854348018767 2.5751807317137718 15.053131463006137 0.25308291986584697 0.53898986056446851 2.9656835831701747 1.2242535995319472 25.888781684450805 0.73998159728944202 2.7682296019047499 3.9012431791052222 1.4877663664519785 66.476974280551076 1.2891796063631789 1.1547875385731456 5.2603595862165093 4.446748529560864 0.82545548118650813 48.40579551551491 0.71058671176433552 0.61699781846255053 1.1381553867831828 0.93004263751208682 6.6627891398966312 2.0273601580411178 7.9878826383501291 0.73824940994381916 2.1473724106326699
leaf_count=104 23 18 1491 86 705 5 15 57 33 2656 23 219 359 54 3154 27 41 178 131 17 4799 59 29 85 9 300 21 328 17 183
internal_value=0.000368543 0.00959939 0.0173803 -0.0146559 0.0249768 -0.0227702 0.0135666 0.0087258 0.0270175 -0.0306747 -0.0291985 -0.00783757 -0.0191127 0.00433034 0.0278627 0.0192674 0.00275093 0.0219775 -0.0197295 0.0309397 -0.0309921 0.0105888 0.0204606 -0.0317097 -0.00360536 0.0315281 0.0185788 0.0303122 -0.0174295 -0.025132
internal_weight=226.771 172.817 130.843 41.9739 110.026 20.817 15.1979 5.36614 105.159 26.776 53.9536 6.67099 4.86717 2.73962 103.197 27.2042 12.1511 6.54954 5.60154 75.9926 51.214 3.90277 3.19218 50.474 2.0682 75.1671 8.69015 8.52687 1.9625 2.40046
internal_count=15226 10152 6742 3410 5006 1736 736 245 4624 2674 5074 393 382 158 4574 1082 377 205 172 3492 4916 174 115 4893 94 3475 321 343 50 188
is_linear=0
shrinkage=0.05


Tree=191
num_leaves=31
num_cat=0
split_feature=10 4 6 2 8 2 24 1 14 9 3 9 29 23 21 17 1 4 15 12 8 19 26 5 10 10 16 10 5 10
split_gain=39.3321 30.2498 3.41017 4.2584 2.46677 1.71098 1.125 1.09256 1.43553 2.52938 1.9063 1.02488 1.00505 0.987081 0.710202 0.681472 0.675706 0.497077 0.438254 1.65686 0.421047 0.950501 0.330917 0.226432 0.199267 0.100971 0.0448741 0.0235164 0.0164236 0.0136458
threshold=0.38288959860801702 0.47519899904727941 0.80477467179298412 -0.1451584920287132 -0.33437740802764887 0.15910609066486361 0.14732921868562701 0.58486720919609081 0.19693709909915927 0.47280906140804296 0.33300288021564489 0.6756117343902589 -1.4035562276840208 0.33492904901504522 0.1987651810050011 -0.9080313742160796 0.46464058756828314 0.52697229385375988 0.26174925267696386 0.29081995785236364 -0.21085171401500699 0.83927625417709362 0.21650771796703341 -0.22096871584653852 0.48672021925449377 0.46362939476966863 0.39518612623214727 0.37975467741489416 -0.18759165704250333 0.27916608750820165
decision_type=8 10 2 10 2 10 8 8 8 10 10 10 8 10 8 8 10 10 8 8 2 8 10 10 10 8 10 10 8 10
left_child=1 4 6 -4 29 13 -3 28 -9 25 24 -5 15 20 17 -8 -16 -14 19 -18 21 -6 -22 -12 -11 -10 -13 -20 -2 -1
right_child=7 2 3 11 5 -7 12 8 9 10 23 26 14 -15 16 -17 18 -19 27 -21 22 -23 -24 -25 -26 -27 -28 -29 -30 -31
leaf_value=-0.033781247878286541 0.023663694354864935 0.022811122254326823 -0.03374982190977005 -0.019880603764562774 0.034024171963170875 -0.033807296424100269 -0.029858105644939938 0.033985093934221451 0.0065436500271983389 -0.00024436792792142356 -0.075090816197446994 0.047241148266467532 0.024215100869090369 -0.034067490900015006 0.035237353338694828 0.033452939859594209 0.02055613820372424 -0.033893005291951238 -0.033657124784657169 -0.03364307570766855 0.033705095616874847 -0.035637233843713423 -0.011995044961775676 -0.0348749478915805 0.035016283209783249 0.033918350473998889 0.035384897373040597 -0.022260064014936451 0.033800591609703466 -0.045485677162598659
leaf_weight=1.2421277472749341 0.40263266395777464 0.97702145576477228 5.2437095735222101 0.91415585950016787 1.4399992730468505 1.0730536794289935 0.73877316061407328 9.5472597293555719 0.36233850289136338 0.59072942286729802 0.39627424813807044 1.0109025985002515 0.95297548547387012 0.58382252231240173 0.36877292953431506 1.0008716033771632 1.8203263413161055 0.59959898237138987 87.445216068532318 6.2564745051786304 29.400324972346432 0.7419912964105605 0.40152699779719014 2.9980859467759728 1.2454029750078914 4.7885653376579285 3.7906232234090567 0.45496655069291492 52.624190190806985 0.31146656442433585
leaf_count=99 16 15 427 28 55 81 28 438 16 22 2 4 25 32 7 16 29 35 8457 526 1508 5 8 128 44 230 80 34 2829 2
internal_value=-3.2345e-05 -0.0149471 -0.0276959 -0.00121003 0.0254695 0.0283142 -0.0305808 0.0299726 0.0199916 0.00712251 -0.0173692 0.0286428 -0.0311044 0.030361 -0.0317738 0.0065667 -0.0323144 0.00177395 -0.032574 -0.0214278 0.0315371 0.0103356 0.0330894 -0.0395699 0.0236721 0.0319927 0.0378811 -0.0335981 0.0337236 -0.0361278
internal_weight=219.724 146.769 111.574 10.9594 35.1943 33.6407 100.615 72.9555 19.9287 10.3814 5.23049 5.71568 99.638 32.5677 97.8983 1.73964 96.3458 1.55257 95.977 8.0768 31.9838 2.18199 29.8019 3.39436 1.83613 5.1509 4.80153 87.9002 53.0268 1.55359
internal_count=15226 11501 9711 539 1790 1689 9172 3725 880 442 196 112 9157 1608 9113 44 9053 60 9046 555 1576 60 1516 130 66 246 84 8491 2845 101
is_linear=0
shrinkage=0.05


Tree=192
num_leaves=31
num_cat=0
split_feature=16 10 30 4 16 10 4 10 13 15 10 2 12 14 0 2 25 15 1 2 6 9 10 28 1 8 8 25 10 16
split_gain=39.3019 20.8613 11.0354 1.52567 1.37676 1.34707 2.47422 1.26813 1.10469 0.872635 0.812979 0.80911 0.63611 0.561675 0.452314 0.44084 0.303546 0.274215 0.234209 0.17918 0.15068 0.781515 0.140714 0.573324 0.133298 0.0705506 0.0676169 0.0599789 0.0544546 0.339057
threshold=0.64623767137527477 0.32502411305904394 0.18791685253381732 0.40409830212593084 0.79254809021949779 0.26279318332672125 0.44826354086399084 0.35196548700332647 0.63234102725982677 0.24016918987035754 0.27292819321155554 -0.35181166231632227 0.25254487991333013 -0.62060213088989247 0.75428903102874767 0.28652486205101019 0.78670608997344982 0.60087808966636669 0.64010941982269298 -0.073543418198823915 0.75256043672561657 0.53379085659980785 0.31587351858615881 0.95944204926490795 0.41441555321216589 -1.1054221987724302 0.019920771010220054 0.80060407519340526 0.27134813368320471 0.61346331238746654
decision_type=8 8 8 10 10 10 10 10 8 8 10 8 8 8 10 10 8 10 10 8 2 10 10 8 10 2 2 10 10 10
left_child=5 2 11 -4 20 6 15 -6 10 -10 -5 -2 -11 19 25 -1 -15 -13 22 -14 -3 -22 24 -24 -18 -7 -25 -8 29 -27
right_child=1 4 3 8 7 14 27 -9 9 12 -12 17 13 16 -16 -17 18 -19 -20 -21 21 -23 23 26 -26 28 -28 -29 -30 -31
leaf_value=-0.033601459139003594 0.034404834630169932 -0.033675868435997208 -0.034080349465223092 0.029125187103880082 0.034182045150150636 0.017517438571996304 0.035887939142491762 -0.033865340534444531 -0.043692472374809325 -0.033744554774776309 -0.033705571882932293 -0.033714333545598295 0.01758833765983869 -0.0084579155034626222 0.0069502165221661701 0.038848253498141555 -0.0013981678759548354 0.022592008166266886 -0.0044498260839695054 -0.033620517604960064 0.035948798989783003 -0.0337252568029031 -0.029169877936561894 0.033899178295957712 0.033465174377282463 -0.034366396108322692 0.012085708067059268 0.018609669670154903 -0.033589779698574601 0.031289671812128092
leaf_weight=4.8121506161987773 0.48286599293351173 17.263040183112032 0.91216963063925405 0.94299930520355646 1.6210668347775929 0.068213749676941826 1.7362069431692364 1.1852803267538545 0.38236352428794274 0.36651222687214613 1.1339237000793216 7.9985343217849696 0.29290612600743771 0.44810602255165477 0.70578830223530431 0.21954467892646778 0.27503306232392688 0.22223827987909306 0.42018483020365138 0.40983126498758793 0.49284814670681898 2.1947819916531444 0.45570719707757179 2.6366511173546319 87.764130028896034 1.2227730518206943 0.41058086603879917 0.70671943854540575 60.505333203822374 0.23431687615811814
leaf_count=517 12 1743 41 32 55 4 44 86 2 23 89 765 13 29 22 2 10 7 17 34 6 207 19 129 4628 113 18 26 6508 10
internal_value=-0.000385662 0.016071 0.025432 0.0302785 -0.0273489 -0.0304604 -0.0103959 0.00544176 0.0308904 0.0316885 -0.0051781 -0.0284975 0.0319968 0.0322556 -0.0328509 -0.0304403 0.0325942 -0.0321922 0.0327943 -0.0122763 -0.0319613 -0.0209487 0.0329652 0.0231376 0.0333563 -0.0333038 0.0309601 0.0308895 -0.0333598 -0.0238081
internal_weight=198.523 128.312 105.555 96.8511 22.757 70.211 7.47462 2.80635 95.9389 93.862 2.07692 8.70364 93.4796 93.1131 62.7364 5.0317 92.4104 8.22077 91.9623 0.702737 19.9507 2.68763 91.5421 3.50294 88.0392 62.0306 3.04723 2.44293 61.9624 1.45709
internal_count=15211 7965 5868 5084 2097 7246 589 141 5043 4922 121 784 4920 4897 6657 519 4850 772 4821 47 1956 213 4804 166 4638 6635 147 70 6631 123
is_linear=0
shrinkage=0.05


Tree=193
num_leaves=31
num_cat=0
split_feature=4 13 10 20 11 4 8 10 31 20 1 1 10 14 3 30 14 15 16 4 3 9 0 9 4 30 13 25 5 10
split_gain=23.2916 12.2351 15.0746 6.39159 3.74752 2.60342 1.93856 1.65844 1.37021 1.34497 1.45769 1.17193 1.05825 1.04077 0.83171 2.05013 3.14528 2.2038 1.83706 2.31869 1.02008 0.892398 0.739167 0.713103 0.841379 0.64303 0.628957 0.300018 0.148805 0.134079
threshold=0.50357815623283397 0.66926905512809765 0.45343953371047979 -0.15558105707168576 -0.62615704536437977 0.64464965462684642 0.76579961180686962 0.31587351858615881 0.97454831004142772 -0.67390260100364674 0.47944684326648718 0.47676739096641546 0.37975467741489416 0.31389924883842474 0.37393786013126379 0.22225040942430499 -0.38827204704284662 0.63165220618247997 0.75106713175773632 0.58859300613403331 0.44398991763591772 0.663621485233307 0.20543968677520755 0.80333301424980175 0.49359235167503362 0.17924896627664569 0.57237857580184948 0.69336757063865673 0.05655652470886708 0.48672021925449377
decision_type=8 10 8 8 10 10 2 10 8 8 10 8 10 10 10 8 10 8 8 10 10 10 10 10 10 8 10 10 10 10
left_child=9 2 4 8 7 25 11 -2 -3 10 -1 -6 -7 -14 28 20 18 27 -17 21 -16 -20 29 -11 -25 -5 -19 -18 -13 -4
right_child=1 3 22 5 6 12 -8 -9 -10 23 -12 14 13 -15 15 16 17 26 19 -21 -22 -23 -24 24 -26 -27 -28 -29 -30 -31
leaf_value=-0.033689264802894921 -0.034052573905941089 -0.033799302396046518 0.021974871944077615 0.021892905981733792 -0.034884140658739855 0.033928148720711898 -0.038310056993729434 0.033440362195900526 0.030727011671438244 -0.032923918167402942 0.030389865637830239 0.033745979009722593 -0.034012015827423303 0.026412315620691709 -0.020430195073202456 0.033002666058525636 0.0098124437273130593 -0.011668756429476373 -0.032382933148111574 0.032686226214242192 0.033651038636714439 0.015823772233569337 -0.033112137143566443 -0.033665467893149739 0.034418248361160149 -0.03350957205341383 0.03414386261469559 -0.036690755071909192 0.003271427904448529 -0.0095501258511626087
leaf_weight=1.6804915312677624 3.9161061756312838 0.9252738803625089 0.6505880057811726 0.53497319202870397 0.77746331784874101 2.0979862827807656 1.1754698399454344 1.1857642717659471 7.4232412334531546 45.760363577865064 1.8808129969984291 31.870214659720659 1.9655814236029985 1.1179818604141472 0.89514657109976425 17.299768811091784 0.37547475565223987 1.1128309946507218 3.4061054680496436 4.0587552199140191 33.622882273048162 1.3368161115795372 13.871803279966114 0.94561758078634628 0.87244557775557041 24.934779587201778 2.2926875706762075 4.5469713620841503 0.40567303355783124 0.70036697667092085
leaf_count=167 328 68 14 11 36 91 38 41 322 4812 64 1623 149 26 16 825 19 35 134 150 1639 35 1472 76 8 2720 92 152 22 26
internal_value=-5.63062e-05 0.00920516 0.0169149 -0.0152094 0.0234648 -0.0257733 0.0255333 -0.018366 0.0235755 -0.0294854 0.000152509 0.026269 0.00653393 -0.0121045 0.0267387 0.0236378 0.0150048 -0.0117498 0.0235411 0.00494442 0.0322486 -0.0187956 -0.0296738 -0.0317038 -0.0009937 -0.0323459 0.0191735 -0.0331436 0.0333629 0.00563157
internal_weight=213.64 162.501 123.501 38.9998 108.278 30.6513 103.176 5.10187 8.34852 51.1397 3.5613 102.001 5.18155 3.08356 101.223 68.9474 34.4294 8.32796 26.1014 8.80168 34.518 4.74292 15.2228 47.5784 1.81806 25.4698 3.40552 4.92245 32.2759 1.35095
internal_count=15211 10084 6697 3387 5185 2997 4816 369 390 5127 231 4778 266 175 4742 3097 1442 298 1144 319 1655 169 1512 4896 84 2731 127 171 1645 40
is_linear=0
shrinkage=0.05


Tree=194
num_leaves=31
num_cat=0
split_feature=10 4 16 9 2 8 29 17 32 10 8 24 2 7 9 6 9 34 5 23 4 3 2 11 20 11 21 24 35 7
split_gain=36.8103 26.4375 3.80655 3.11593 4.55588 1.65212 1.49697 1.56215 1.20292 2.17078 2.15852 1.17767 1.09518 0.762692 0.639329 0.538104 0.424388 0.396367 0.356753 0.347623 0.269698 0.241396 0.738356 0.235347 0.207357 0.159808 0.0876222 0.321662 0.0495054 0.0267578
threshold=0.37169821560382849 0.46163727343082434 0.53944781422615062 0.55661028623580944 -0.1451584920287132 -0.33437740802764887 -1.1768970489501951 -0.96092015504837025 -0.73424363136291493 0.45343953371047979 0.17601273953914645 0.18666049838066104 0.191375806927681 0.31884554028511053 0.27297973632812506 0.16012427210807803 0.72897034883499157 0.72935432195663463 0.18770803511142733 1.0000000180025095e-35 0.5025085210800172 0.73429867625236522 -0.070974677801132188 0.10690714791417123 0.14849356561899188 -0.21779847145080564 0.2104272395372391 0.2302019149065018 -0.072119064629077897 0.30354416370391851
decision_type=8 10 8 10 10 2 8 10 10 8 2 8 10 2 10 2 10 8 10 8 10 10 10 10 10 8 8 8 10 2
left_child=1 5 3 20 -5 -1 7 -4 9 10 14 13 18 -8 -2 -11 -17 19 24 -13 -3 26 -23 -16 -7 -12 27 -19 29 -6
right_child=8 2 6 4 28 12 11 -9 -10 15 25 17 -14 -15 23 16 -18 21 -20 -21 -22 22 -24 -25 -26 -27 -28 -29 -30 -31
leaf_value=-0.037553985149035039 0.033817897977523978 0.0013546958237838815 -0.033957695284352933 -0.034330639619296804 0.04645038146676099 0.033640583154375452 -0.0314046366952822 0.039878563756904128 0.033694261645906769 -0.012751897583892459 0.003887928933202413 0.030843810642853159 -0.034185790646138255 0.033542753009816205 -0.034791749132803244 0.033755962304269506 -0.014800087384963712 0.024031896511147972 -0.015714611908892798 -0.033625043001119695 -0.033632792765960234 -0.03355432722651884 0.041510951732931047 -0.0015004400414338486 -0.0013191195497467816 0.034315258155431204 -0.033456747729061258 -0.033671458934978235 0.023271182447123104 0.035867964389180815
leaf_weight=0.91495915129781025 0.43691796809435146 0.60201685968786733 1.3565427819266918 3.4967693043872714 0.66871003247797478 25.335974857211124 0.75496004801243533 1.5179019039496777 48.370209891349077 0.69153545796871441 0.51204139646142721 0.46080416534096025 0.63353070244192977 1.1265373891219495 3.5208426397293806 15.190843917429444 0.46374202892184335 0.31072865426540264 0.38051319122314353 0.38279880490154028 6.4739005789160728 1.277502382174134 0.44055965542793174 0.62512527778744686 0.43137634918093581 2.7444767225533728 80.813374537508935 1.0841834684833882 0.73382150009274294 5.5967590073123574
leaf_count=49 22 24 108 243 9 1353 52 23 2760 20 25 14 40 12 182 783 17 6 8 32 607 134 2 23 10 106 8283 82 35 147
internal_value=0.000427258 -0.015029 -0.0262897 -0.0050127 0.0122748 0.0285146 -0.0304659 0.00503286 0.0291418 0.0200372 -0.00159328 -0.0316434 0.0307718 0.0074823 -0.0237096 0.0304109 0.0323176 -0.0325118 0.0323456 0.00159 -0.0306561 -0.0328546 -0.0143055 -0.0297721 0.0330553 0.029531 -0.0332423 -0.0208175 0.0355583 0.0369974
internal_weight=207.35 134.794 107.098 17.572 10.4961 27.6964 89.5259 2.87444 72.5557 24.1855 7.8394 86.6514 26.7814 1.8815 4.58289 16.3461 15.6546 84.77 26.1479 0.843603 7.07592 83.9263 1.71806 4.14597 25.7674 3.25652 82.2083 1.39491 6.99929 6.26547
internal_count=15211 11273 9813 1065 434 1460 8748 131 3938 1178 358 8617 1411 64 227 820 800 8553 1371 46 631 8507 136 205 1363 131 8371 88 191 156
is_linear=0
shrinkage=0.05


Tree=195
num_leaves=31
num_cat=0
split_feature=16 10 30 12 16 10 20 4 1 2 25 15 13 13 10 6 10 11 10 35 4 3 6 6 3 22 16 27 3 3
split_gain=37.7095 20.8964 10.5813 1.39542 1.30748 1.21488 1.19679 1.05421 0.842005 0.769351 0.740147 0.573975 0.400249 0.280949 0.596835 1.15278 0.274868 0.248165 0.220396 0.724018 0.400556 0.188222 0.59292 0.143825 0.673797 0.0764436 0.047542 0.0355626 0.0168089 0.0107602
threshold=0.62033009529113781 0.32502411305904394 0.18791685253381732 0.29585236310958868 0.79254809021949779 0.35196548700332647 -0.38633741438388819 0.39936998486518865 0.52011108398437511 -0.2339307367801666 0.76708784699440014 -1.0000000180025095e-35 0.66360008716583263 0.6440052092075349 0.29645329713821417 0.49877552688121801 0.29812473058700567 0.65664985775947582 0.26279318332672125 -0.079758368432521806 0.40839375555515295 0.62441498041152965 0.49877552688121801 0.75256043672561657 0.42555403709411627 0.78002732992172252 0.6633335053920747 0.59578630328178417 0.47651383280754095 0.23422964662313464
decision_type=8 8 8 8 10 10 8 10 10 10 8 10 10 10 10 2 10 10 10 8 10 8 2 2 8 8 10 10 8 10
left_child=18 2 8 11 23 -6 9 -8 12 -5 16 -4 -2 14 17 26 -9 21 19 -1 -21 27 -23 -3 -25 -15 -16 -12 -17 -20
right_child=1 4 3 6 5 -7 7 10 -10 -11 13 -13 -14 25 15 28 -18 -19 29 20 -22 22 -24 24 -26 -27 -28 -29 -30 -31
leaf_value=-0.033620615872433333 -0.02908136911490505 -0.033638037895979772 -0.032844917805192088 0.035225197305903899 0.034125857574220632 -0.033817428482249022 -0.034049719539168383 0.024175750532684979 -0.033692344458006562 -0.033780042289789057 0.034117685982994347 0.034335697255224222 0.034346748682059662 0.0035418356173475651 -0.036522922126682053 0.034180349734523524 -0.033660270644736506 -0.0015590499968326302 -0.041545942955158184 -0.033533288942173271 0.026240258370410954 0.033675473787995507 -0.027691459091156268 0.031299005028841129 -0.033674073359618924 0.033777111895803541 -0.014494762024111658 0.019033144810013246 0.024435961588118227 -0.033629923068507227
leaf_weight=4.089706105645746 0.37589632393792072 17.974013855215169 1.2430244553834198 0.61577295698225487 1.536146076396107 1.1508383024483917 0.61398369446396728 0.31641776952892442 7.6556984120979905 1.1740746092982588 14.558849886991091 0.42721172794699835 0.73512557707726955 0.20969143509864707 0.90359729574993186 1.3179014623165126 0.58568063657730818 0.57728196121752162 0.43265846883878012 0.39736860012635478 0.95114611741155386 1.4907179800793522 0.53482805006206025 0.49671933427452986 2.0288623888045549 68.493022199720144 0.33602879475802183 0.40149907395243722 0.66630783118307602 55.097930542659014
leaf_count=465 43 1960 70 12 55 88 30 7 768 88 691 13 19 3 39 44 51 26 17 46 29 59 10 10 208 4034 24 11 21 6306
internal_value=-0.000452737 0.0151238 0.0247579 0.0296344 -0.0277695 0.00502568 0.0304497 0.031246 -0.0277893 -0.0100397 0.0316896 -0.0156615 0.0128869 0.0321438 0.0270506 0.00727566 -0.0133739 0.0306805 -0.0327508 -0.0231446 0.00862671 0.0317762 0.0174721 -0.0320681 -0.0208955 0.0336848 -0.0305517 0.0337129 0.0309081 -0.0336916
internal_weight=187.388 126.419 103.233 94.4659 23.1866 2.68698 92.7957 91.0058 8.76672 1.78985 90.3918 1.67024 1.11102 89.4897 20.787 3.22384 0.902098 17.5632 60.9688 5.43822 1.34851 16.9859 2.02555 20.4996 2.52558 68.7027 1.23963 14.9603 1.98421 55.5306
internal_count=15247 8384 6063 5233 2321 143 5150 5050 830 100 5020 83 62 4962 925 128 58 797 6863 540 75 771 69 2178 218 4037 63 702 65 6323
is_linear=0
shrinkage=0.05


Tree=196
num_leaves=31
num_cat=0
split_feature=4 13 10 7 11 24 10 8 30 14 29 2 10 6 2 14 12 8 6 10 13 0 10 17 7 8 16 2 19 16
split_gain=20.2123 11.1605 13.5879 6.91323 3.09851 2.48108 2.4252 1.7155 1.64832 1.6462 1.29625 1.03122 1.11435 1.01996 4.46798 2.96484 1.67578 1.02086 1.00337 0.670896 0.70109 0.632386 0.551708 1.05548 0.549096 0.691367 0.526856 0.468917 1.63486 0.423391
threshold=0.50300881266593944 0.66002097725868236 0.40597115457057958 0.31251774728298193 -0.55704998970031727 0.18666049838066104 0.30951426923274999 0.76579961180686962 0.18791685253381732 -0.58346134424209584 -1.2227749228477476 0.21323052048683169 0.7887023687362672 0.74540376663208019 -0.14055479317903516 -0.54471194744110096 0.081134758889675154 -0.66987633705139149 0.70377770066261303 0.39640861749649053 0.59887161850929271 0.2401416897773743 0.45343953371047979 0.040484415367245681 0.49995398521423345 0.37627583742141729 0.56264504790306102 -0.1784875616431236 0.67327943444252025 0.64623767137527477
decision_type=8 10 8 2 10 10 10 2 8 8 10 8 8 2 10 8 10 2 2 10 8 10 10 8 2 2 8 10 8 8
left_child=9 2 4 8 6 18 -2 13 -3 10 -1 22 -13 17 16 -16 -15 -6 24 -19 -21 -11 23 -4 25 -5 -12 28 -23 -7
right_child=1 3 11 5 7 29 -8 -9 -10 21 26 12 -14 14 15 -17 -18 19 -20 20 -22 27 -24 -25 -26 -27 -28 -29 -30 -31
leaf_value=-0.031700992551953293 -0.030846582411822698 0.0204239005897109 -0.033550562599041212 0.027062183023898387 -0.02640776933290136 -0.0083550538878701085 0.034196877944785861 -0.038940384494546593 -0.033129150750656193 0.012996470851531428 0.041291538411420865 0.052848049632539321 -0.035607557225188401 -0.034182565029819652 0.034076674612015308 -0.035992573903755536 0.03360077071546725 0.032494183084820626 -0.033782872882388536 -0.034926433544233977 0.029508383912884073 0.040370031258721774 -0.032296402676104376 0.035468147530474115 -0.033692415785743855 -0.029963824957412656 -0.013716285067006588 -0.033612837252471765 -0.031446318005918787 0.034013326021119221
leaf_weight=1.5804004892706873 4.3345058001577845 1.5304152555763737 1.3757624062709499 2.5033021289855242 0.76840560976415773 0.63743729516863645 2.1409820485860109 0.99191635474562545 23.504512910265476 0.80492203962057729 1.699064092710614 0.84610126446932787 0.61474333796650182 0.95317552704364672 2.1633586138486862 4.9963889289647332 21.01762642338872 58.386867679655552 2.6587679209187627 0.76351868640631315 0.94422671571373951 0.98551186174154182 13.106872865930198 0.92729300819337401 0.7095819218084215 0.67476551700383414 0.58522721845656667 38.371225480455905 4.0453319177031517 7.8662017546594143
leaf_count=139 317 44 148 91 37 19 90 13 2739 29 59 15 35 42 101 104 1092 3040 236 19 26 8 1471 19 69 37 23 4411 408 366
internal_value=0.000131797 0.00894584 0.0169051 -0.0137558 0.0240767 0.0130251 -0.00934135 0.026455 -0.0298554 -0.0281808 0.00311268 -0.0245245 0.0156247 0.0271758 0.0194817 -0.0148208 0.0306601 0.0308584 -0.0101127 0.0315907 0.000700116 -0.0309166 -0.0283306 -0.00576115 0.00607533 0.0149545 0.0271987 -0.031731 -0.0173779 0.0308374
internal_weight=202.488 154.417 114.332 40.085 97.461 15.0501 6.47549 90.9855 25.0349 48.0717 3.86469 16.8708 1.46084 89.9936 29.1305 7.15975 21.9708 60.863 6.54642 60.0946 1.70775 44.207 15.4099 2.30306 3.88765 3.17807 2.28429 43.4021 5.03084 8.50364
internal_count=15247 10170 6569 3601 4881 818 407 4474 2783 5077 221 1688 50 4461 1339 205 1134 3122 433 3085 45 4856 1638 167 197 128 82 4827 416 385
is_linear=0
shrinkage=0.05


Tree=197
num_leaves=31
num_cat=0
split_feature=10 4 34 2 15 12 2 26 2 1 11 9 11 10 22 6 2 1 2 26 11 2 17 1 15 21 7 10 20 2
split_gain=33.8139 24.8574 3.85705 2.03672 1.97583 3.21416 1.78311 1.73401 1.43813 1.33008 1.4234 2.80036 1.15696 0.725452 0.506293 0.483857 1.17954 0.484274 0.459299 0.437003 0.364179 0.657646 0.29235 0.236294 0.220929 0.557802 0.203397 0.172505 0.169034 0.101921
threshold=0.37538909912109381 0.45912387967109686 0.75714543461799633 0.12403450533747674 0.24519171565771106 0.29585236310958868 -0.1451584920287132 -1.4881933331489561 -0.19397600740194318 0.57718634605407726 -0.20324586331844327 0.43277314305305487 -0.26362131536006922 0.42965696752071386 0.80533063411712658 0.81297564506530773 -0.12440372630953787 0.4507568776607514 -0.1709204167127609 -0.44378744065761561 0.81779608130455028 -1.0000000180025095e-35 -0.065871495753526674 0.57718634605407726 0.26174925267696386 0.11744949594140054 0.45959760248661047 0.19448296725749972 0.20926228165626529 0.19690540432929995
decision_type=8 10 8 10 8 10 10 8 10 8 8 10 10 10 10 2 10 10 10 8 10 10 8 10 8 10 2 10 10 10
left_child=1 8 3 6 5 22 -3 -6 -1 29 11 13 -10 -11 23 17 -17 -9 -13 -8 24 -22 -4 -12 25 -19 -20 -26 -14 -2
right_child=9 2 4 -5 7 -7 19 15 12 10 14 18 28 -15 -16 16 -18 20 26 -21 21 -23 -24 -25 27 -27 -28 -29 -30 -31
leaf_value=-0.036190578743116951 0.033761203424199381 -0.034106073427018935 0.037317485527307723 -0.033630315625894761 0.02473954181199358 -0.033665635193847895 -0.012173503960183643 0.034420188184713672 -0.034252884630049642 -0.033580264876073233 -0.00781592798565507 0.03352558967087816 0.033597737430282396 0.034071754855390608 -0.0097350257284162557 -0.033632679526557629 0.024073925566426933 0.025208679842795612 -0.034946309943485819 0.034059088277064539 -0.033548553729142117 0.052538312001722959 0.001891220920716854 0.03281294903005301 -0.064502095704598889 -0.032190301852027342 -0.073310173071235149 -0.033611572968111632 -0.0003240213257328442 0.0055159453776140984
leaf_weight=0.81457220204174774 47.381779368035495 1.3482487341389058 2.8610000628978014 2.6253761267289519 1.3738943245261905 4.3909987304359674 0.5653022238984704 0.26750489510595699 0.65513716731221094 0.44154486246407021 0.37010370288044292 0.22774401679635081 24.013293874450028 3.8643029937520623 0.79868197627365667 2.7480961317196488 1.306536829099058 0.56264413148165093 2.5275609260424976 5.3333107298240048 0.61236095614731312 0.3478817343711843 0.73119672015309545 10.825031798332928 0.45464880112558503 1.7086194846779106 0.40019689872860897 76.164410538971424 0.37294944748282333 0.32155093923210998
leaf_count=47 2876 90 54 269 31 413 33 10 39 42 10 2 1372 185 24 267 21 14 143 178 66 1 30 580 11 150 2 8273 6 8
internal_value=0.000296056 -0.0146577 -0.0256221 0.00410143 -0.0287595 -0.00497014 0.0177708 -0.0309795 0.0291906 0.0290771 0.0180588 0.000911928 0.0313174 0.0271344 0.0287259 -0.031889 -0.0150377 -0.0327418 -0.0348699 0.0296283 -0.0329668 -0.00236055 0.0301064 0.0314698 -0.0333393 -0.0179713 -0.0401903 -0.0337949 0.033079 0.0335708
internal_weight=196.416 129.258 103.402 9.87224 93.5298 7.9832 7.24686 85.5466 25.856 67.1585 19.4552 7.46135 25.0414 4.30585 11.9938 84.1727 4.05463 80.1181 3.1555 5.89861 79.8506 0.960243 3.5922 11.1951 78.8903 2.27126 2.92776 76.6191 24.3862 47.7033
internal_count=15247 11375 9911 570 9341 497 301 8844 1464 3872 988 374 1417 227 614 8813 288 8525 147 211 8515 67 84 590 8448 164 145 8284 1378 2884
is_linear=0
shrinkage=0.05


Tree=198
num_leaves=31
num_cat=0
split_feature=16 7 13 16 4 12 7 1 15 4 8 7 35 7 25 2 5 7 9 16 6 23 1 7 25 1 1 27 30 5
split_gain=35.0985 16.8149 8.28792 4.20516 2.68348 1.11732 1.42816 1.04681 0.975703 0.981855 0.561478 0.387106 0.92925 0.679026 0.369343 0.34613 0.179944 0.153328 1.24859 0.176881 0.150629 0.0985104 0.0979562 0.0823617 0.181137 0.0566194 0.0196584 0.0145911 0.0131019 0.00871774
threshold=0.63233521580696117 0.30922719836235052 0.61125853657722484 0.75686123967170726 0.64464965462684642 0.33281601965427404 0.27668875455856329 0.41032566130161291 0.21821725368499759 0.66311755776405346 -0.48427090048789972 0.26591162383556372 -0.16394895315170285 0.24728139489889148 0.76708784699440014 0.31002169847488409 0.27094581723213201 0.29576836526393896 0.70168870687484752 0.73150852322578441 0.34378096461296087 -0.67850965261459339 0.56476747989654552 0.31109739840030676 0.97181674838066112 0.54774448275566112 0.41808208823204046 0.71197137236595165 0.16192629188299182 -0.091455686837434755
decision_type=8 2 8 10 10 8 2 10 8 10 2 2 8 2 8 10 10 2 10 8 2 8 10 2 8 10 10 8 8 10
left_child=11 2 10 15 22 6 20 29 -9 14 16 12 -1 27 -10 23 -2 21 19 -19 -4 -16 -5 24 -3 -21 -23 -14 -28 -7
right_child=1 3 5 4 -6 7 -8 8 9 -11 -12 -13 13 -15 17 -17 -18 18 -20 25 -22 26 -24 -25 -26 -27 28 -29 -30 -31
leaf_value=-0.033343027880374437 -0.01327780626032748 -0.033928686381968651 0.034034814722035352 0.0069780330990071755 -0.03370156949756458 -0.022155788972372248 -0.034035046000123845 -0.051392811440381381 -0.022141749309570701 -0.03368650640302185 -0.033658934958996793 -0.033599668205696806 -0.018700244765016433 0.02919924221855541 0.010034653287308928 0.011658883705077399 0.034905223916881084 -0.0017441712532203361 -0.036540794554477729 0.0164509373189171 -0.00038568987669747133 0.023811304394583257 0.033930312308160952 -0.033524815547756 0.014304021595431586 0.033748899159141386 0.023904723071678638 -0.035018090592467188 0.033728337631772208 -0.033738246767835323
leaf_weight=4.5086092231795192 0.37523686420172442 0.58285511052236927 1.9084451831877247 0.36233578203245898 2.2103053028695285 0.25278589874505997 1.5345445270650087 0.3534722113981853 0.30986507888883252 0.56715485872700711 5.8577814679592839 52.41557894134894 0.18210833799093895 1.2941662240773437 0.44634795561432838 0.44802604615688224 0.40068070776760578 0.38362737931310875 0.72082195803523141 0.49847788829356332 0.38135835248976935 0.50873031467199226 4.8436107160523534 18.165832915809005 0.29225875111296773 9.2768950350582582 0.34117232589051605 0.55298916110768925 65.912756963633001 0.45464901300147076
leaf_count=533 30 47 91 32 208 11 79 2 23 49 644 6417 20 39 22 16 12 29 7 20 14 10 244 2050 12 518 11 41 4016 34
internal_value=-0.00069159 0.0151163 0.0254352 -0.0195871 0.0124568 0.0296914 0.00328898 0.0309532 0.0314932 0.0318642 -0.0283647 -0.0321687 -0.0206967 0.007401 0.0323384 -0.0317809 0.0116037 0.0325546 0.027048 0.0315598 0.0283022 0.0334461 0.0320544 -0.0328031 -0.0178206 0.0328668 0.0336026 -0.0309756 0.0336778 -0.0295995
internal_weight=176.343 117.39 90.4848 26.9052 7.41625 83.8511 3.82435 80.0268 79.3193 78.9658 6.6337 58.9535 6.53787 2.02926 78.3987 19.489 0.775918 78.0888 10.8798 10.159 2.2898 67.209 5.20595 19.0409 0.875114 9.77537 66.7627 0.735097 66.2539 0.707435
internal_count=15281 8231 5622 2609 484 4936 184 4752 4707 4705 686 7050 633 100 4656 2125 42 4633 574 567 105 4059 276 2109 59 538 4037 61 4027 45
is_linear=0
shrinkage=0.05


Tree=199
num_leaves=31
num_cat=0
split_feature=4 13 10 7 11 24 8 10 14 11 7 30 30 2 9 20 14 16 1 16 15 7 9 32 0 32 10 10 16 16
split_gain=19.8578 10.7879 12.3423 5.94069 3.18147 2.22433 1.99394 1.82517 1.69756 1.32213 1.18065 1.10126 0.98588 0.972006 1.01214 0.910463 0.889348 0.829437 1.20768 0.78825 0.761122 1.48155 0.636532 0.712443 0.61397 1.26365 0.567892 0.486553 0.481891 0.403754
threshold=0.50300881266593944 0.66926905512809765 0.45343953371047979 0.31251774728298193 -0.59378764033317555 0.18666049838066104 0.76579961180686962 0.31587351858615881 -0.56357410550117482 0.49575787782669073 0.27442862093448644 0.26535658538341528 0.18791685253381732 0.21611873805522921 0.69855341315269481 -0.427682414650917 0.5140109956264497 0.45876780152320867 0.55557522177696239 0.55859529972076427 0.20413611829280856 0.32177837193012243 0.80333301424980175 -0.0081900972872972471 0.70635175704956066 -0.40832984447479242 0.39640861749649053 0.27341262996196752 0.64623767137527477 0.75416088104248058
decision_type=8 10 8 2 10 10 2 10 8 8 2 8 8 8 10 8 10 8 10 8 8 2 10 10 10 8 10 10 8 10
left_child=8 2 4 12 7 15 10 -2 9 -1 11 -6 -3 -4 -15 -5 -17 18 26 -13 21 -19 -10 -24 27 -26 -12 -22 -7 -29
right_child=1 3 13 5 6 28 -8 -9 22 -11 17 19 -14 14 -16 16 -18 20 -20 -21 24 -23 23 -25 25 -27 -28 29 -30 -31
leaf_value=0.034572117894330553 -0.033022557376632393 0.013586467776194079 -0.031821175830450937 0.033787965119901772 0.034005468514369336 -0.018169588712936634 -0.037361727908712825 0.034066459364916729 -0.032943857210316632 -0.025547407275363521 0.031224151841269934 0.03570462538351122 -0.033262237963390853 -0.029649127429202123 0.058893370139769689 -0.026837155482675637 0.034793047824989515 0.033960860878501073 -0.026720770191122897 -0.034221216338599744 -0.014043426903189316 -0.036994442182874204 -0.033643571836406927 0.03183067299168884 0.033527911678443899 -0.025039462450099012 -0.034539638513225356 0.031356114602923854 0.03372860589414424 -6.2703251075261099e-05
leaf_weight=1.7907550502568481 3.7793370285071424 1.1869836673140541 12.403240669518707 0.97465089522302151 1.4730785060673941 0.47899564728140831 1.2524472568184126 1.3853952540084717 39.445743388962001 1.8689096509478988 3.2330099139362622 0.50271207559853814 20.823329532984644 0.65837642643600591 0.6331535167992115 4.5287914169020933 0.67225302569568146 1.7398892007768161 1.6873572338372467 2.0323344711214304 0.60660120937973161 1.2746234051883218 0.84257106436416507 0.81966072693467029 2.2967555485665798 1.5375302592292421 0.36536943539977063 73.421190015040338 6.7563750203698874 1.0369746610522259
leaf_count=59 353 27 1477 51 68 15 41 59 4761 167 164 12 2651 38 8 365 15 90 48 132 47 14 75 9 122 30 26 4013 331 13
internal_value=0.000388209 0.00928122 0.0169285 -0.0147522 0.0231642 0.0114802 0.0252975 -0.0150265 -0.0287616 0.00387041 0.0261579 -0.000376008 -0.0307358 -0.0275227 0.0137575 -0.0105605 -0.0188712 0.0273775 0.00818065 -0.0203546 0.0286163 0.0039589 -0.0316666 -0.00135766 0.0295584 0.0100427 0.0245467 0.0305552 0.0302928 0.0309185
internal_weight=191.508 146.741 111.319 35.4214 97.6246 13.4111 92.4599 5.16473 44.7676 3.65966 91.2074 4.00813 22.0103 13.6948 1.29153 6.1757 5.20104 87.1993 5.28574 2.53505 81.9136 3.01451 41.108 1.66223 78.8991 3.83429 3.59838 75.0648 7.23537 74.4582
internal_count=15281 10210 6755 3455 5232 777 4820 412 5071 226 4779 212 2678 1523 46 431 380 4567 238 144 4329 104 4845 84 4225 152 190 4073 346 4026
is_linear=0
shrinkage=0.05


Tree=200
num_leaves=31
num_cat=0
split_feature=10 4 34 21 15 24 2 11 2 1 14 10 9 1 2 17 6 1 6 3 7 15 14 26 16 31 17 2 7 7
split_gain=31.1686 23.2132 3.67815 2.10641 1.88864 2.41723 1.67282 1.63863 1.37956 1.34958 1.49922 2.57636 1.44962 1.14899 0.994544 0.818123 0.538777 0.450297 0.328277 0.833651 0.408963 0.337237 0.937589 0.325613 0.174207 0.143769 0.116976 0.105325 0.092007 0.0799381
threshold=0.37538909912109381 0.45912387967109686 0.78035432100296032 0.51799133419990551 0.22420193254947665 0.30992595851421362 -0.1451584920287132 0.81779608130455028 -0.19397600740194318 0.57510215044021618 0.19693709909915927 0.45343953371047979 0.69855341315269481 0.48649403452873236 0.15312387049198153 1.0000000180025095e-35 0.16012427210807803 0.4507568776607514 0.81297564506530773 0.66205048561096203 0.36550682783126837 0.26174925267696386 -0.29501125216484064 -1.4881933331489561 0.43874701857566839 0.84443685412406932 0.12578655779361728 0.20262755453586581 0.33688920736312872 0.31757740676403051
decision_type=8 10 8 8 8 8 10 10 10 8 8 8 10 10 8 8 2 10 2 10 2 8 10 8 8 10 10 8 2 2
left_child=1 8 3 6 5 29 -3 17 -1 27 25 28 16 -5 26 -9 -13 -6 21 20 -20 22 -19 -23 -25 -11 -10 -2 -12 -4
right_child=9 2 4 13 7 -7 -8 15 14 10 11 12 -14 -15 -16 -17 -18 18 19 -21 -22 23 -24 24 -26 -27 -28 -29 -30 -31
leaf_value=-0.035997606066043776 0.033732218149647518 -0.03404465171354619 0.019065067634372452 0.033366562348203198 0.03440471186665732 -0.033705225870872282 0.034384229863755611 0.03934066411569518 0.033768935726063654 0.033930097165934356 -0.0096320153785684516 -0.01542243209220873 -0.050389825199516416 -0.033109076497109306 -0.034111334243117165 -0.033543435955625034 0.034027005947195398 -0.033661719378806264 -0.032489727350710138 0.038118841357013281 0.035320768749757391 0.010179438225012199 0.019179145318388425 -0.067731243486086154 -0.033557779667921971 0.0013713351893556199 0.012052844350598816 0.0039214737121876907 -0.035134872305862659 0.037912877724363817
leaf_weight=0.78126503480598586 43.945258452557027 1.0918767680414019 0.78587224707007619 0.77421882469207126 0.25648590549826522 2.7397930268198252 4.9063428724184606 1.233531002886592 22.200580959208313 8.5023538097739184 0.4032805906608713 0.61062218341976482 0.63013457413762797 4.0522218178957701 0.56292226864025252 0.55974506866186868 5.6264782221987844 2.9906942173838615 2.9920987589284778 0.57027921173721541 0.24019584245979775 0.42457461543381214 1.1670836573466683 0.37490734457969699 70.728371424134821 0.35313561558723527 0.63793798442929883 0.29830852709710498 2.8741551283746958 1.9797939034178851
leaf_count=49 2854 74 39 37 10 272 148 22 1352 463 13 18 11 415 38 63 312 277 284 5 4 8 38 1 8222 17 25 7 174 29
internal_value=0.000256954 -0.0145047 -0.025344 0.00214288 -0.0287622 -0.000418303 0.0219279 -0.030676 0.029362 0.0287448 0.0175991 0.00447674 0.021884 -0.0224456 0.0315441 0.016591 0.0291858 -0.0317389 -0.0319524 -0.0176171 -0.0274506 -0.0326726 -0.0188293 -0.0334773 -0.033738 0.0326317 0.0331624 0.0335312 -0.0319968 0.0325572
internal_weight=185.295 122.051 97.8681 10.8247 87.0434 5.50546 5.99822 81.538 24.1827 63.2437 19.0002 10.1447 6.86723 4.82644 23.4014 1.79328 6.2371 79.7447 79.4882 3.80257 3.23229 75.6856 4.15778 71.5279 71.1033 8.85549 22.8385 44.2436 3.27744 2.76567
internal_count=15281 11412 9948 674 9274 340 222 8934 1464 3869 1008 528 341 452 1415 85 330 8849 8839 293 288 8546 315 8231 8223 480 1377 2861 187 68
is_linear=0
shrinkage=0.05


Tree=201
num_leaves=31
num_cat=0
split_feature=13 10 22 12 7 6 9 4 15 23 33 7 10 35 5 6 30 10 10 6 3 33 7 4 12 9 7 27 11 1
split_gain=32.2583 19.1899 4.34272 1.85848 1.49647 1.18001 1.23245 0.943753 0.872651 0.807662 0.845307 0.797284 0.707841 1.27072 0.611544 0.556031 0.503711 0.404587 0.265144 0.585859 0.385917 0.231746 0.490331 0.151157 0.148486 0.615686 0.99465 0.210985 0.126346 0.0742208
threshold=0.63234102725982677 0.32502411305904394 0.80158472061157238 0.28564789891242987 0.27072356641292578 0.73691895604133617 0.52826452255249035 0.41408814489841467 0.21821725368499759 -0.42341248691081995 0.84344628453254711 0.23888121545314792 0.26680791378021246 -0.16792152076959607 -0.26642239093780512 0.31307451426982885 0.1385820880532265 0.27502827346324926 0.31706482172012335 0.5388338863849641 0.50529518723487865 0.38661952316761022 0.3160842657089234 0.44826354086399084 0.30267681181430822 0.70168870687484752 0.29576836526393896 0.55467909574508678 -0.18247191607952115 0.61744746565818798
decision_type=8 8 8 8 2 2 10 10 8 8 10 2 10 8 10 2 8 8 10 2 10 8 2 10 10 8 2 10 10 10
left_child=12 2 4 15 11 21 -7 28 -9 14 16 -2 13 -1 -10 -4 -11 -12 24 -20 -21 22 -3 -15 25 27 -27 29 -5 -18
right_child=1 5 3 7 -6 6 -8 8 9 10 17 -13 -14 23 -16 -17 18 -19 19 20 -22 -23 -24 -25 -26 26 -28 -29 -30 -31
leaf_value=-0.033533979455095397 -0.032615620281437392 0.03419800930243598 0.034867228261292474 0.0057888669878916853 -0.033815021836101369 0.034444047777131941 -0.033730733765070596 -0.050406081892301641 0.033836298057048568 -0.026265642193377917 0.033680560437344721 0.03269558462324583 -0.033485156985347569 0.0021008283732570367 -0.033617624565852371 -0.034456837702311428 0.033480603596678656 -0.033593826449513767 -0.034254094600371023 0.033846672244431726 -0.024539610596091471 -0.033614251837074192 -0.033510947382334025 0.033017838836146195 0.033670866973513597 0.032462624280665563 -0.045020716245129128 -0.0025220975180719248 -0.033832515211283345 0.011004939339562982
leaf_weight=2.774731629062444 0.62777952291071359 0.40128089487552709 0.35818960331380445 0.29781569680199027 3.9062109817750752 1.4552217628806823 1.2175962734036145 0.33597543835640076 0.55280507076531649 0.37379859900102153 0.32001155707985041 1.8277311981655655 50.782717823050916 0.63108416739851136 0.85679468140006043 1.5028095515444873 12.695527338422828 0.7409341773018242 0.46339088212698643 2.3142776759341364 0.32245020009577263 17.372824248392142 0.80134409898892045 1.0583392647095022 58.251912000589073 0.98083336278796263 0.71692715026438236 0.43611854407936412 0.62026069965213437 0.37826047930866558
leaf_count=366 61 15 7 9 396 50 120 1 29 24 21 86 6638 39 79 103 667 81 25 133 15 2122 105 39 3874 41 14 31 46 21
internal_value=-0.000628889 0.0150119 0.0252168 0.0282856 -0.0145881 -0.0276753 0.00338718 0.0294253 0.0300057 0.0303459 0.0310238 0.015998 -0.0318071 -0.0127186 -0.00716411 -0.0211139 0.0316351 -0.0133019 0.0319178 0.0175944 0.0267065 -0.0321449 -0.0109184 0.0214688 0.0325223 0.0281227 -0.000256897 0.0316891 -0.0209797 0.0328303
internal_weight=165.376 110.129 88.8808 82.5191 6.36172 21.2483 2.67282 80.6581 79.74 79.404 77.9944 2.45551 55.2469 4.46416 1.4096 1.861 76.9335 1.06095 76.5597 3.10012 2.63673 18.5754 1.20262 1.68942 73.4596 15.2077 1.69776 13.5099 0.918076 13.0738
internal_count=15258 8176 5764 5221 543 2412 170 5111 5056 5055 4947 147 7082 444 108 110 4845 102 4821 173 148 2242 120 78 4648 774 55 719 55 688
is_linear=0
shrinkage=0.05


Tree=202
num_leaves=31
num_cat=0
split_feature=4 13 10 7 10 20 8 16 16 2 19 14 29 10 1 14 27 30 6 3 10 10 22 7 0 14 17 6 2 2
split_gain=18.5488 10.1035 11.347 5.43947 3.23071 1.68765 1.52684 1.22615 1.10643 1.08808 1.05194 0.992333 0.913413 0.909801 0.89977 0.882525 0.828118 1.23289 2.26607 1.184 1.12877 0.98195 0.734768 0.684156 0.682731 0.658846 0.634853 0.611361 2.06035 0.549702
threshold=0.50300881266593944 0.67246571183204662 0.45343953371047979 0.31946767866611486 0.27867548167705541 0.044136613607406623 0.76579961180686962 0.75416088104248058 0.66730108857154857 0.21323052048683169 0.80540862679481517 -0.69258391857147206 -1.2227749228477476 0.7887023687362672 0.47455196082592016 0.019327004440128807 0.23545731604099276 0.19755434244871142 0.71690052747726452 0.51134401559829723 0.29468216001987463 0.40137711167335516 0.7988296151161195 0.29253675043582922 0.2401416897773743 -0.27688279747962946 -0.087627548724412904 0.80477467179298412 -0.12440372630953787 -0.1784875616431236
decision_type=8 10 8 2 10 8 2 10 8 8 8 8 10 8 8 10 10 8 2 10 10 10 8 2 10 8 8 2 10 10
left_child=11 2 4 8 10 -5 7 14 -3 -4 -2 12 -1 -11 -6 -7 17 19 20 -16 -19 27 -12 -22 -13 -20 -23 -18 -29 -26
right_child=1 3 9 5 6 15 -8 -9 -10 13 22 24 -14 -15 16 -17 21 18 25 -21 23 26 -24 -25 29 -27 -28 28 -30 -31
leaf_value=-0.030580269382906495 0.028709432364385258 0.026868285926272634 -0.032090445965279282 0.030069319254817546 -0.034674458413725712 -0.025154237202670956 -0.037654105175268446 -0.018988198214698049 -0.032953874479291795 0.046962618685760828 0.037271287797623558 0.017620281745454942 0.033946915857213308 -0.03539995485938973 -0.037515881001910022 0.019013189886163233 0.033323805947051893 -0.015392132392032229 0.019907435452978257 0.033782329462678194 -0.021821119455491242 -0.033759515920066228 -0.032067071237954665 0.035140114879212737 -0.015726086188995243 -0.033112918289755121 0.03856886477682922 0.033860924298026132 -0.030757438315612839 -0.033518052237363698
leaf_weight=1.0206019156612458 1.1325707412324835 0.80441891634836971 11.545760478824375 6.2261413279920799 0.59237389313056965 3.123987624887377 0.95407295878976484 1.4920826107263554 19.744370865635577 0.85120530892163393 0.42298815585672844 0.72792685590684314 1.1854386208578942 0.55320514598861348 0.61047847289591928 1.7728312453255055 50.655093631707132 1.6145902043208495 0.71981812734156847 12.608429900370536 0.57120859343558539 0.95839578052982688 3.9496176489628851 6.8347720606252551 4.9749874593690029 3.1498391334898765 0.44390769861638435 4.6965016052126884 1.6730228438973416 34.082629243843257
leaf_count=98 49 20 1468 353 33 268 38 50 2663 16 8 26 55 35 7 64 3073 55 31 757 19 94 431 289 420 92 5 276 17 4448
internal_value=0.000542794 0.00941382 0.016816 -0.015367 0.0229171 0.0127971 0.0252526 0.0259455 -0.030612 -0.0270357 -0.014236 -0.0285477 0.00409408 0.0145195 0.0267331 -0.00916398 0.0271634 0.0197604 0.00875761 0.0304896 0.0224884 0.0304715 -0.0253596 0.0307468 -0.0303576 -0.0232503 -0.0108635 0.031488 0.0168882 -0.0312518
internal_weight=179.693 137.702 106.03 31.6717 93.0798 11.123 87.5746 86.6205 20.5488 12.9502 5.50518 41.9916 2.20604 1.40441 85.1284 4.89682 84.5361 26.1091 12.8902 13.2189 9.02057 58.4269 4.37261 7.40598 39.7855 3.86966 1.4023 57.0246 6.36952 39.0576
internal_count=15258 10211 6843 3368 5324 685 4836 4798 2683 1519 488 5047 153 51 4748 332 4715 1250 486 764 363 3465 439 308 4894 123 99 3366 293 4868
is_linear=0
shrinkage=0.05


Tree=203
num_leaves=31
num_cat=0
split_feature=10 4 6 2 2 11 11 24 20 15 1 14 10 4 2 16 1 21 4 10 6 17 4 15 12 26 2 3 6 16
split_gain=29.4297 22.6008 2.50148 3.36522 1.72748 1.58315 1.42192 1.26015 1.07189 1.00176 0.972176 1.21655 1.89328 1.02039 0.661609 0.660149 0.589183 0.549209 0.446326 0.41451 0.490104 0.297395 0.493788 0.227183 1.11348 0.358685 0.176954 0.0373091 0.0263849 0.0221408
threshold=0.38288959860801702 0.47519899904727941 0.80477467179298412 -0.14055479317903516 -0.19397600740194318 -0.32932558655738825 0.81779608130455028 0.19750226289033893 0.21519411355257037 0.22420193254947665 0.58633795380592357 0.19084033370018008 0.45343953371047979 0.61068904399871837 -0.038399212062358849 0.53113242983818065 0.46464058756828314 0.1987651810050011 0.52697229385375988 0.50306022167205822 0.46676801145076757 0.10603213310241701 0.40839375555515295 0.26174925267696386 0.29081995785236364 -1.4881933331489561 0.20262755453586581 0.65312176942825328 0.8029293715953828 0.39518612623214727
decision_type=8 10 2 10 10 8 10 8 10 8 8 8 8 8 10 10 10 8 10 8 2 10 10 8 8 8 10 10 2 10
left_child=1 4 6 -4 -1 -6 7 9 21 -3 26 -12 27 -14 -8 29 -9 18 -18 20 -15 -7 -23 24 -19 -25 -2 -13 -27 -5
right_child=10 2 3 15 5 8 14 16 -10 -11 11 12 13 19 -16 -17 17 23 -20 -21 -22 22 -24 25 -26 28 -28 -29 -30 -31
leaf_value=-0.03507666193742693 0.033678089144807903 0.038196637355739346 -0.033669609215832938 0.044160787028646342 -0.033933287660092404 0.033496889844362665 -0.033513194305503896 0.034751032858101237 -0.034264100477836942 -0.033698883521633298 0.033843820105376649 -0.034271868873283866 -0.052095525718635086 -0.026660917689039994 0.039449190305371556 -0.010894674382566484 0.027368512761497984 0.018587115930936239 -0.033791860828382321 0.034147388324428582 0.033808961671239639 0.033831965392211595 -0.030283802820911962 0.011576185569306043 -0.033645591152792621 -0.033590696115369488 -0.0022753656904436312 -0.018571902983104346 -0.023224540262217007 0.035130753980389978
leaf_weight=1.1293297680094863 41.081936398521066 1.180000802502039 4.234653411898762 0.89305183291435097 0.98951286682859063 23.090346106328081 0.43643492413684715 0.33400030434131522 0.62197247892618079 0.82203730894252691 7.266058022156356 1.967838808894155 0.44416630640626031 0.69869930669665314 1.0784794436767686 0.87827128171920765 0.70391088537871727 1.2694412060081974 0.51767726149410009 4.3195457775145769 0.64386431127786636 0.76072619576007017 0.49615401960909367 0.44431442767381668 5.1992190182209015 66.924272117204964 0.34510567039251228 0.46849493496119965 0.61952823866158624 2.8297244990244508
leaf_count=95 2845 12 435 4 82 1508 55 9 38 67 430 110 5 28 18 31 22 24 37 246 33 40 8 9 538 8402 12 13 28 74
internal_value=3.7447e-05 -0.0144958 -0.0267441 -0.00150519 0.0254601 0.0280937 -0.0295482 -0.0304798 0.0305518 0.00867632 0.0293531 0.0188043 0.00601224 0.0208806 0.0184293 0.0280979 -0.0315111 -0.0318036 0.00145034 0.0266052 0.00233912 0.0322076 0.00852224 -0.0323491 -0.0233952 -0.0332011 0.0333786 -0.0312528 -0.0334956 0.037297
internal_weight=172.689 115.453 88.365 8.8357 27.088 25.9587 79.5293 78.0144 24.9692 2.00204 57.2357 15.8087 8.54261 6.10628 1.51491 4.60105 76.0124 75.6784 1.22159 5.66211 1.34256 24.3472 1.25688 74.4568 6.46866 67.9881 41.427 2.43633 67.5438 3.72278
internal_count=15258 11536 9765 544 1771 1676 9221 9148 1594 79 3722 865 435 312 73 109 9069 9060 59 307 61 1556 48 9001 562 8439 2857 123 8430 78
is_linear=0
shrinkage=0.05


Tree=204
num_leaves=31
num_cat=0
split_feature=13 10 22 12 7 4 10 13 6 6 7 10 32 12 30 33 4 23 8 28 12 8 10 15 12 3 11 11 10 5
split_gain=30.2431 18.1883 4.37233 1.61121 1.30547 1.24375 1.07752 1.58526 0.823405 0.815581 0.757697 0.696348 1.22732 0.58431 0.551663 0.308849 0.650429 0.477147 0.213015 0.186901 0.179233 0.178997 0.129706 0.200631 0.0983725 0.466759 0.68579 0.080361 0.0592698 0.0388553
threshold=0.63234102725982677 0.32801096141338354 0.80158472061157238 0.26609988510608679 0.27072356641292578 0.41408814489841467 0.31272865831851965 0.73802882432937633 0.74877873063087474 0.69899210333824169 0.23888121545314792 0.26680791378021246 -0.33835585415363306 0.43596041202545172 0.1385820880532265 0.82207176089286815 0.54822459816932689 -0.48498241603374476 -0.29160115122795099 0.8007553517818452 0.55043077468872081 0.29064773023128515 0.32994285225868231 0.42903982102870947 0.30267681181430822 0.61350852251052868 -0.044149620458483689 0.61504599452018749 0.29857754707336431 0.32716438174247747
decision_type=8 8 8 8 2 10 10 10 2 2 2 10 8 8 8 10 8 8 2 8 10 2 8 8 10 8 10 10 10 10
left_child=11 2 4 -4 10 -5 14 9 22 -8 -2 12 -1 -10 -7 17 -17 -16 -11 -19 -6 -14 23 -3 25 27 -27 28 -21 -13
right_child=1 8 3 5 20 6 7 -9 13 18 -12 29 21 -15 15 16 -18 19 -20 24 -22 -23 -24 -25 -26 26 -28 -29 -30 -31
leaf_value=-0.033564408126682571 -0.032473839366346499 0.029160031634105993 -0.033691065425633729 -0.030618769370283402 -0.034729572715132315 -0.02689457366600161 -0.036763410146610206 0.033678058266278531 -0.033869141656332633 0.032875827504022258 0.031910990865880673 -0.033548133062462723 0.0312775364124004 0.03015654022039457 -0.018270948341460938 0.032924005211770406 -0.032212782151042119 -0.0016680056702452432 -0.0084458494819354916 0.034158876653404439 0.012643739856942254 -0.0052367557463071455 -0.033544130630230588 -0.033515170710932456 0.033644311398865138 -0.034612614354841122 0.028695498584390178 0.0091332976341092654 0.020328800204513789 -0.0074664625107503883
leaf_weight=2.6707406085915864 0.62354238517582361 0.21267550811172142 1.0450977487489588 0.87074516946449776 3.8300502728670835 0.40535166766494724 1.8571259099990123 3.4008308006450534 0.57605094276368507 0.72844989551231265 1.7103254655376074 47.349264719523489 1.2033606823533762 0.93432976305484772 0.46650067297741771 1.1155934706330286 0.58382293116301309 0.39861345896497269 0.5453942399471996 11.030220882967107 0.21064075175672758 0.46544711524620641 16.657949207350612 0.31952296756207943 53.725394984707236 0.67538780486211192 1.1667767539620404 0.35768607910722572 0.83320092083886343 0.1432289881631722
leaf_count=370 66 6 102 61 423 25 123 232 48 25 90 6609 47 30 39 67 57 30 24 629 7 32 2196 41 3790 7 45 15 37 7
internal_value=-0.000502362 0.0150129 0.0247741 0.0279802 -0.0150635 0.0288048 0.0294743 0.0100434 -0.0296579 -0.0156284 0.0147092 -0.0317176 -0.0125453 0.0057375 0.031268 0.0316031 0.0105467 0.0321243 0.015184 0.0324691 -0.03226 0.0210933 -0.0327678 -0.0084691 0.0326698 0.028947 0.00548502 0.0324835 0.0331876 -0.0334695
internal_weight=156.113 104.281 85.5808 79.2062 6.37456 78.1611 77.2904 6.5318 18.7005 3.13097 2.33387 51.832 4.33955 1.51038 70.7585 70.3532 1.69942 68.6538 1.27384 68.1873 4.04069 1.66881 17.1901 0.532198 67.7887 14.0633 1.84216 12.2211 11.8634 47.4925
internal_count=15280 8215 5894 5308 586 5206 5145 404 2321 172 156 7065 449 78 4741 4716 124 4592 49 4553 430 79 2243 47 4523 733 52 681 666 6616
is_linear=0
shrinkage=0.05


Tree=205
num_leaves=31
num_cat=0
split_feature=4 13 10 7 10 9 24 14 8 2 23 17 30 6 10 3 14 13 30 6 22 0 3 35 9 14 8 10 8 15
split_gain=16.4854 9.0996 10.5748 5.21323 2.7279 2.0198 1.90102 1.59473 1.20777 1.18869 1.11813 0.981483 1.87037 3.55714 2.37345 1.69405 1.12184 0.944073 0.906184 0.7922 0.664111 0.656209 0.525683 0.520285 0.453244 0.655103 0.408402 0.532012 0.406999 0.312324
threshold=0.50300881266593944 0.66926905512809765 0.40137711167335516 0.31251774728298193 0.27802504599094396 0.47280906140804296 0.18666049838066104 -0.56357410550117482 0.66556361317634594 -0.086521185934543596 -1.0634413957595823 -0.27622385323047632 0.22736501693725589 0.68645793199539196 0.29468216001987463 0.47510491311550146 -0.36611038446426386 0.63671869039535534 0.18791685253381732 0.70377770066261303 0.7988296151161195 0.2401416897773743 0.62222626805305492 -0.26964807510375971 0.80333301424980175 -0.18039845675230023 0.40972368419170385 0.50306022167205822 0.33287940919399267 0.55284607410430919
decision_type=8 10 8 2 10 10 10 8 2 8 10 8 8 2 10 10 8 8 8 2 8 10 10 8 10 8 2 8 2 10
left_child=7 2 4 18 17 -4 19 10 11 -7 -1 -6 15 14 22 -13 -15 -2 -3 26 -19 -9 -14 -16 -23 -26 27 -5 -8 -12
right_child=1 3 5 6 8 9 28 21 -10 -11 29 12 13 16 23 -17 -18 20 -20 -21 -22 24 -24 -25 25 -27 -28 -29 -30 -31
leaf_value=-0.027708177805445877 0.022823696168195077 0.013532473803883227 -0.033542791116469739 0.024333528824233001 0.033013105128384228 -0.025362555574522397 0.033002862018651151 0.016061645436495079 -0.029154176482147506 0.029965778204921002 0.018573965892644956 -0.037738133535000939 -0.034451516260962073 0.025017913376290841 -0.027357814763755151 0.033583226014300104 -0.03220448363026391 0.037284678169160104 -0.033222961948985399 -0.033678484353794134 -0.033579513348418341 -0.032723316754432158 0.017884592753019339 0.033621197201640557 0.034751194050978887 -0.033623620271716101 -0.034222325654759966 -0.034289957412367879 -0.022291835118512467 0.064821258760200715
leaf_weight=1.4552761605009439 1.351393450051545 1.099016889929773 10.866239740047602 2.1413603369146577 32.164257856085896 1.6174494191072879 6.0835702773183584 0.73755647987127204 0.99392703082412381 2.4279866693541399 1.4223738438449798 0.86296155769378557 1.8743186295032495 1.0390919893980024 0.3596890876069665 23.648895130492747 4.8747793594375244 0.36875120922923121 18.164626903366301 2.1686016786843538 3.1971242823638022 34.515191222075373 0.64488250110298384 12.723650201223787 0.61874617263674736 0.80748511711135396 0.53466570749878872 0.47237945022061456 0.3520445069298147 0.49111853819340456
leaf_count=148 46 28 1486 103 2099 174 344 27 25 49 72 8 69 56 8 1520 124 7 2626 239 386 4737 8 709 7 79 31 48 13 4
internal_value=0.000449617 0.0090885 0.0164914 -0.0145442 0.0233717 -0.0223147 0.0116998 -0.0276001 0.0256157 0.00784436 0.00532271 0.0263119 0.0216291 0.0108713 0.0233875 0.0310723 -0.0221503 -0.0127643 -0.0305555 -0.0104239 -0.0262514 -0.0306239 -0.0210542 0.0319448 -0.0315819 -0.00396037 0.00559378 0.0137385 0.0299781 0.0304438
internal_weight=170.079 130.032 99.0154 31.0163 84.1037 14.9117 11.7526 40.0477 79.1865 4.04544 3.36877 78.1925 46.0283 21.5164 15.6025 24.5119 5.91387 4.91727 19.2636 5.31701 3.56588 36.679 2.5192 13.0833 35.9414 1.42623 3.14841 2.61374 6.43561 1.91349
internal_count=15280 10206 6774 3432 5065 1709 778 5074 4626 223 224 4601 2502 974 794 1528 180 439 2654 421 393 4850 77 717 4823 86 182 151 357 76
is_linear=0
shrinkage=0.05


Tree=206
num_leaves=31
num_cat=0
split_feature=10 34 1 2 15 0 2 7 1 14 9 3 11 9 2 2 10 23 6 2 2 9 15 10 6 31 29 2 0 7
split_gain=27.5367 13.1743 5.18664 4.62026 2.02748 3.34209 1.88514 1.28473 1.23549 1.33093 2.10001 1.40292 1.23447 1.05884 0.810501 0.687614 0.673193 0.541783 0.471917 0.810839 0.348536 0.250241 0.237464 0.139967 0.138896 0.133982 0.125189 0.11994 0.110693 0.109469
threshold=0.37538909912109381 0.79882878065109264 0.45403732359409338 0.12881386280059817 0.26174925267696386 0.5600390136241914 -0.1709204167127609 0.38117469847202307 0.57510215044021618 0.19693709909915927 0.43277314305305487 0.32681462168693548 0.81779608130455028 0.52826452255249035 -0.19397600740194318 -0.038399212062358849 0.3904950767755509 0.34777535498142248 0.81101468205451976 -0.11195379123091696 0.1192084662616253 0.67897671461105358 0.21131415665149691 0.19448296725749972 0.66059163212776195 0.85297799110412609 -1.4035562276840208 -0.15655481815338132 0.60789948701858532 0.32883311808109289
decision_type=8 8 10 10 8 10 10 2 8 8 10 10 10 10 10 10 8 10 2 10 10 10 8 10 2 10 8 10 8 2
left_child=1 3 14 6 5 13 29 12 -2 25 16 24 18 -4 -3 -14 -11 22 23 -20 -16 -21 -8 -6 -12 -10 -25 -24 -13 -1
right_child=8 2 4 -5 7 -7 17 -9 9 10 11 28 15 -15 20 -17 -18 -19 19 21 -22 -23 27 26 -26 -27 -28 -29 -30 -31
leaf_value=-0.033851857040650482 0.033472665767947191 -0.036496885666520644 -0.033556435869624042 -0.034086792331240581 -0.061115005657758098 -0.033660812196822459 -0.011796790251572129 0.02922090426628611 0.033847882856999204 -0.033540827076959594 0.00073024866313777079 -0.034546813702998669 -0.033510732101483059 0.036735190055598853 0.032385720592349558 0.039583897291366792 0.03393768793962066 -0.033758759650020224 -0.03291613291149309 -0.0072947708679585973 -0.020978174982493557 0.037184206339131845 0.0079095274093106266 -0.0079922414136062211 0.034784187145445282 0.0004852610790431085 -0.033395367777815148 0.033008218466881512 -0.062563737261361899 0.0046554042426595801
leaf_weight=1.2524545006454051 38.807721286080778 0.52421117946505535 0.62692863820120681 3.7112577832303932 0.45215520821511646 4.9657034957781434 0.30950651969760246 0.88545733597129483 7.429138065315783 0.40523467259481716 0.45585919450968482 2.7612463310360913 0.4891388863325119 3.6838165214285254 4.6446147328242651 0.94017872400581726 4.2048662342131138 0.32197026675566931 2.1900154324248438 0.57418740261345991 0.32755894446745504 0.70384328532963991 0.4886652808636559 0.48884605802595615 0.87257558945566416 0.31363531667739142 61.436492612585425 18.354870499111712 0.40415057912468899 0.21646169293671835
leaf_count=112 2847 25 68 387 11 533 23 50 465 46 23 159 64 113 273 13 262 30 252 28 33 16 32 17 41 16 8174 1147 3 17
internal_value=1.19753e-05 -0.0147579 -0.0242977 0.0173315 -0.027629 -0.00569845 0.0264428 -0.0306137 0.0285643 0.0172575 0.00429691 -0.0200258 -0.0314012 0.0265124 0.0226359 0.0145696 0.0280062 0.0305626 -0.0323991 -0.0144472 0.0288702 0.0172009 0.0316438 -0.0333972 0.0230984 0.0324965 -0.0331948 0.0323573 -0.0381239 -0.0281774
internal_weight=163.243 107.588 82.9331 24.6552 77.4368 9.27645 20.9439 68.1603 55.6544 16.8467 9.10393 4.49383 67.2749 4.31075 5.49638 1.42932 4.6101 19.475 65.8455 3.46805 4.97217 1.27803 19.153 62.3775 1.32843 7.74277 61.9253 18.8435 3.1654 1.46892
internal_count=15280 11418 9670 1748 9339 714 1361 8625 3862 1015 534 226 8575 181 331 77 308 1232 8498 296 306 44 1202 8202 64 481 8191 1179 162 129
is_linear=0
shrinkage=0.05


Tree=207
num_leaves=31
num_cat=0
split_feature=16 10 30 7 16 11 7 4 16 10 0 0 10 4 7 2 26 19 15 1 1 6 9 6 4 23 3 3 4 1
split_gain=28.2648 15.5966 8.24345 1.10523 3.22299 1.30932 0.7699 0.735503 0.538576 0.770944 0.527361 0.517246 0.505413 1.10372 0.362254 0.300172 0.27751 0.25701 0.17709 0.111233 0.0434224 0.0417091 0.349863 0.0298213 0.0266915 0.0158884 0.00996793 0.00824606 0.00407471 0.0132295
threshold=0.63233521580696117 0.32801096141338354 0.18791685253381732 0.29576836526393896 0.73150852322578441 -0.54615885019302357 0.26553532481193548 0.39936998486518865 0.79254809021949779 0.3546652644872666 0.75428903102874767 0.64752903580665599 0.26221844553947454 0.44826354086399084 0.30166706442832952 0.28652486205101019 -0.6225694715976714 0.75884515047073375 0.60087808966636669 0.41441555321216589 0.53407734632492077 0.75256043672561657 0.53379085659980785 0.71336951851844799 0.63261190056800853 -0.64672735333442677 0.36115907132625585 0.23422964662313464 0.41803564131259924 0.43167984485626226
decision_type=8 8 8 2 10 10 2 10 10 10 10 10 10 10 2 10 8 8 10 10 10 2 10 2 10 8 10 10 10 10
left_child=10 2 6 7 5 26 -2 -4 21 -10 12 20 13 15 -13 -1 -9 -18 -8 -19 -7 -3 -23 -22 25 -21 -5 -14 -27 -30
right_child=1 8 3 4 -6 11 18 16 9 -11 -12 14 27 -15 -16 -17 17 19 -20 24 23 22 -24 -25 -26 28 -28 -29 29 -31
leaf_value=-0.033503590039115565 0.026275934407252573 -0.033520515371921092 -0.033774738251885511 0.025693237482564742 0.033854564629637929 -0.044990013381525168 -0.033629781047252581 -0.013482475678317779 0.034065680204627739 -0.033749071565601502 0.012589038513673512 0.030566406310341878 -0.040951967254172786 0.025219454332846725 -0.031661047950426284 0.037735979596976853 -0.0070392648949921038 0.0047384905913928216 0.020934862774954349 0.021720382161434404 -0.034036786381076357 0.035166383877466137 -0.03365506155479242 -0.015318912786973124 0.01925626770427576 0.04014611418216734 0.035434166767037728 -0.033571022421297572 0.024099276805586878 0.03361951085759516
leaf_weight=3.4008804005570705 0.61283058952540148 12.890809786505999 0.41870500892400642 0.38351261382922508 10.334038794972001 0.91697605233639423 6.3431969126686454 0.32300423178821802 0.77261698711663374 0.91593483136966825 0.67384114768355985 0.58480724319815625 0.38174882251769204 1.1903121033683417 0.38974630134180188 0.15458686649799336 0.3981624566949894 0.33953485265374084 0.15227012149989594 0.28361249156296253 2.1850221808999781 0.21043380722403426 1.5081685963086782 0.23574962932616461 0.32966100843623181 0.23561837710440059 0.83322003670036793 43.26716895122081 0.36732279695570369 55.582140237558633
leaf_count=519 22 1834 27 19 714 23 823 19 30 87 23 36 17 33 26 1 28 10 7 15 155 3 189 19 26 2 26 6418 17 4095
internal_value=-0.000385663 0.0151846 0.024139 0.0290704 0.0173693 -0.0134424 -0.0272963 0.0322554 -0.029455 -0.00271962 -0.0313391 -0.0263668 -0.0319507 -0.0164545 0.00568022 -0.0304062 0.0327333 0.0329927 -0.0323506 0.0332717 -0.0357239 -0.032545 -0.0252282 -0.0322139 0.0334422 0.0335251 0.0323638 -0.0336356 0.0335846 0.033557
internal_weight=146.616 97.5471 81.2491 74.1408 15.8631 5.52903 7.1083 58.2778 16.298 1.68855 49.0685 4.3123 48.3947 4.74578 0.974554 3.55547 57.8591 57.5361 6.49547 57.1379 3.33775 14.6094 1.7186 2.42077 56.7984 56.4687 1.21673 43.6489 56.1851 55.9495
internal_count=15263 8252 6109 5257 1018 304 852 4239 2143 117 7011 259 6988 553 62 520 4212 4193 830 4165 197 2026 192 174 4155 4129 45 6435 4114 4112
is_linear=0
shrinkage=0.05


Tree=208
num_leaves=31
num_cat=0
split_feature=4 13 10 7 11 24 10 35 11 20 1 16 17 12 15 18 7 6 16 0 2 10 22 6 0 2 3 7 16 7
split_gain=15.2542 8.95105 9.99865 4.90833 3.04649 1.7755 1.62237 1.40404 1.11463 1.06792 1.38775 0.970826 0.846819 1.59518 1.1329 0.860411 1.67265 0.876404 0.868919 0.833305 1.03175 0.783406 0.716075 0.715468 0.67064 0.618574 0.5415 0.476333 0.41516 0.396181
threshold=0.50127717852592479 0.66926905512809765 0.39640861749649053 0.31460300087928778 -0.59378764033317555 0.18666049838066104 0.30951426923274999 0.34000620245933538 0.81779608130455028 -0.58620506525039662 0.45785793662071234 0.66429194808006298 -0.23963176459074018 0.46794866025447851 0.20413611829280856 0.37008914351463323 0.2929025143384934 0.75002288818359386 0.65503436326980602 0.50557330250740062 -0.13577233999967572 0.45343953371047979 0.92907238006591808 0.70377770066261303 0.2401416897773743 0.21323052048683169 0.4896084070205689 0.25929506123065954 0.64623767137527477 0.49995398521423345
decision_type=8 10 8 2 10 10 10 8 10 8 10 8 8 10 8 8 2 2 8 10 10 8 10 2 10 8 10 2 8 2
left_child=9 2 4 11 6 23 -2 -4 12 10 -1 -3 27 14 -14 26 18 22 -17 -15 -21 -9 -18 29 -11 -23 -16 -6 -7 -5
right_child=1 3 7 5 8 28 -8 21 -10 24 -12 -13 13 19 15 16 17 -19 -20 20 -22 25 -24 -25 -26 -27 -28 -29 -30 -31
leaf_value=-0.03357584363642066 -0.033054896669132812 0.027508257223492802 -0.032612304781880742 0.01344741409838153 -0.023758926916593884 -0.020544913130555422 0.033931326836471869 0.026745443115902903 -0.035178554642748799 0.017749666594293664 0.034701575077233517 -0.032552623510798129 -0.024695743059734255 0.03363281133958719 -0.034572979931674394 0.035503741732423107 0.035188225847762607 -0.023506792555143249 -0.031891943739164069 0.031072036651994935 -0.037277038388735757 -0.027031615601885092 -0.023676247026915211 -0.033698843404001665 -0.03169700782082923 0.015255153227631961 0.032932340773737183 0.033534419339403952 0.033560028399031896 -0.033632543725197327
leaf_weight=1.486411815043539 3.4496466480195513 0.698538160882892 9.4192139725200814 2.4857627013698207 0.367018803954127 0.37860847264528275 1.224830796010792 1.7433030596002925 0.73418458830565114 0.70052401814609666 1.4904437670484183 18.273416650481526 1.1036613313481256 0.91265109460800831 0.30078447237611072 0.60688728746025955 7.6112643396481836 0.80442534852773029 2.2563009792938833 0.72650793706998262 2.3005313933826983 2.6956678964197636 0.55426797177642573 1.9739035572856662 32.478059774730355 1.2733128187246623 24.071568354964256 31.407368496526033 5.5803983183577657 0.54478229535743583
leaf_count=209 375 20 1332 115 6 13 63 73 14 25 53 2765 21 69 4 31 442 28 149 53 86 304 6 220 4612 47 1567 2164 331 66
internal_value=0.000484987 0.00884737 0.0164614 -0.0149504 0.0236407 0.011683 -0.0155028 -0.0207515 0.0261215 -0.028079 0.000609104 -0.0303412 0.0267378 0.0220121 0.0252073 0.0267285 0.0156664 0.0262871 -0.0176066 -0.00824631 -0.0208728 -0.00119361 0.0311926 -0.0102736 -0.030653 -0.0134653 0.0320992 0.0328726 0.0301224 0.00498414
internal_weight=159.654 123.499 93.5634 29.9354 78.4319 10.9635 4.67448 15.1315 73.7574 36.1554 2.97686 18.972 73.0232 41.2489 37.3092 36.2055 11.8331 8.96996 2.86319 3.93969 3.02704 5.71228 8.16553 5.00445 33.1786 3.96898 24.3724 31.7744 5.95901 3.03054
internal_count=15263 10364 6834 3530 5078 745 438 1756 4640 4899 262 2785 4626 2456 2248 2227 656 476 180 208 139 424 448 401 4637 351 1571 2170 344 181
is_linear=0
shrinkage=0.05


Tree=209
num_leaves=31
num_cat=0
split_feature=10 4 6 2 8 1 15 12 26 14 10 9 11 2 16 1 2 6 31 21 2 20 2 10 21 34 16 0 23 17
split_gain=25.9994 18.0984 2.7431 3.1645 1.43214 1.3494 1.34412 2.53496 1.54388 1.24994 2.22762 1.29728 1.07951 0.906694 0.897696 0.891518 0.742573 0.657135 0.555057 0.453432 0.295539 0.220005 0.126917 0.114187 0.0261403 0.135179 0.0178677 0.0159642 0.0147951 0.0130818
threshold=0.37169821560382849 0.45912387967109686 0.80477467179298412 -0.1451584920287132 -0.33437740802764887 0.57510215044021618 0.26174925267696386 0.29585236310958868 -1.2702180743217466 0.19693709909915927 0.45343953371047979 0.69855341315269481 0.61504599452018749 0.21323052048683169 0.54170507192611705 0.4507568776607514 -0.11541698500514029 0.15400277823209765 1.1424946188926699 0.18672361969947818 -0.18811552226543424 0.12007461115717889 0.20993983000516894 0.19448296725749972 0.22627132385969165 0.77477005124092113 0.39518612623214727 0.75428903102874767 -0.044158371165394776 0.12578655779361728
decision_type=8 10 2 10 2 8 8 8 8 8 8 10 10 10 10 10 10 2 10 8 10 10 8 10 8 8 10 10 8 10
left_child=1 4 6 -4 27 22 7 16 12 18 28 17 -8 20 26 -10 -3 -12 -7 -17 -6 29 -2 -21 25 -25 -5 -1 -11 -22
right_child=5 2 3 14 13 9 8 -9 15 10 11 -13 -14 -15 -16 19 -18 -19 -20 23 21 -23 -24 24 -26 -27 -28 -29 -30 -31
leaf_value=-0.033749215209815567 0.033674601954349521 -0.020562362474406161 -0.033639328644817251 0.042881850624577424 -0.018178819649838366 0.033836372380453304 -0.03365536906182319 -0.033179277860394478 0.033949006991197149 -0.020496219786178493 -0.034064170524978649 -0.044550064044766767 0.035350754114403908 -0.03411594828343336 -0.029109577994965288 0.012345010824352461 0.037310108345633954 0.034003035557906368 -0.033866425252730328 -0.059426918643943685 0.033673231001773364 -0.011929051996729343 -0.0041420413425486708 0.015914086979879036 -0.033616892514287004 -0.033508665978664857 0.034665270757286697 -0.048448040499212704 -0.034925055549995115 0.024765950103665644
leaf_weight=0.43334469338879245 36.682702096179128 0.70994882285594973 3.66969188535586 0.82386174798011591 0.28879487328231945 7.2287702756002545 0.93149733683094416 4.5801091613247991 0.49745690077543159 0.19087004754692316 0.38271774910390455 0.67756163422018278 1.4473842270672319 0.53319873427972098 0.60008855536580075 0.54030351527035136 2.5280273919925111 4.8235225966200233 0.31596888601779927 0.42702152207493682 17.700080249458559 0.27089600637555022 0.22321790643036266 0.16484494600444921 59.385301523841918 0.86098068905994296 3.360396851785481 0.32197141647338867 2.567484087776394 0.42203793488442798
leaf_count=46 2872 31 431 4 7 477 103 553 29 20 15 13 28 38 27 32 57 314 17 10 1317 10 5 5 8359 115 127 1 182 18
internal_value=-0.000135985 -0.0150884 -0.025655 0.00128974 0.0275196 0.0281668 -0.0288156 -0.00924037 -0.0311973 0.0161306 0.00314857 0.0205296 0.00833006 0.0301743 0.028081 -0.032717 0.0246212 0.0289993 0.031001 -0.0332573 0.0320092 0.0327972 0.0334459 -0.0336623 -0.0334802 -0.0255667 0.0362831 -0.0400149 -0.0339266 0.0334658
internal_weight=153.59 100.497 80.5269 8.45404 19.9703 53.0928 72.0729 7.81809 64.2548 16.1869 8.64216 5.8838 2.37888 19.215 4.78435 61.8759 3.23798 5.20624 7.54474 61.3785 18.6818 18.393 36.9059 60.8381 60.4111 1.02583 4.18426 0.755316 2.75835 18.1221
internal_count=15263 11348 9911 589 1437 3915 9322 641 8681 1038 544 342 131 1390 158 8550 88 329 494 8521 1352 1345 2877 8489 8479 120 131 47 202 1335
is_linear=0
shrinkage=0.05


Tree=210
num_leaves=31
num_cat=0
split_feature=16 10 30 13 12 13 1 23 15 7 0 1 2 5 6 25 15 7 3 16 10 35 4 6 3 1 3 13 4 13
split_gain=26.1682 15.0762 7.57359 1.09054 0.868512 0.85361 0.804097 0.799495 0.756271 0.700082 0.579099 0.553439 0.507834 0.479651 0.272666 0.260641 0.219595 0.18496 1.06731 0.66882 0.183814 0.561114 0.296063 0.0708576 0.44697 0.0532181 0.0326139 0.0177866 0.0139195 0.0107869
threshold=0.62033009529113781 0.32502411305904394 0.18791685253381732 0.61637628078460704 0.28327733278274542 0.79504406452178966 0.6761603355407716 -0.44837617874145502 0.21821725368499759 0.26187233626842504 0.75428903102874767 0.40012000501155859 0.36603349447250372 0.23995012044906619 0.32654269039630895 0.76708784699440014 0.59851956367492687 0.29540728032588964 0.61826372146606456 0.67546117305755626 0.26279318332672125 -0.079758368432521806 0.40409830212593084 0.75256043672561657 0.42555403709411627 0.63609361648559581 0.3071578741073609 0.60568922758102428 0.63261190056800853 0.78849801421165477
decision_type=8 8 8 8 8 10 10 8 8 2 10 10 10 8 2 8 10 2 10 8 10 8 8 2 8 10 10 8 10 10
left_child=10 2 9 13 14 23 -7 12 -9 -2 20 -10 -6 27 -5 -13 -11 28 19 -19 21 -1 -23 29 -25 26 -21 -4 -17 -3
right_child=1 5 3 4 7 6 -8 8 11 16 -12 15 -14 -15 -16 17 -18 18 -20 25 -22 22 -24 24 -26 -27 -28 -29 -30 -31
leaf_value=-0.033545772372082727 0.03221230744347027 -0.033575231861242123 -0.033642616511904193 0.019178662071136082 -0.033684012617282336 0.033819140553935027 -0.033596629302498481 -0.046851153663972016 -0.033719745643732479 -0.033611557064665357 0.016761089764078637 -0.019320782486903922 0.03372529710239535 0.028492836453512041 -0.034562487030146929 0.03357998197795535 0.027397289801632974 -0.031349840829358711 -0.033544575226788297 0.018247522005711052 -0.03362847679351421 -0.033474952587858722 0.02601594438489821 0.035132825869453481 -0.033617372880931216 0.012335162741756375 0.03368944170381509 -0.017083018166240155 0.0226702200972764 -0.023587347743353127
leaf_weight=2.9200660805217922 0.45533062051981676 12.998030974064022 0.89140452863648412 0.36464882455766312 0.78158263349905588 1.0115852253511537 0.78596825804561365 0.30791872739791892 0.32176063396036525 5.8842190667055547 0.60178927704691787 0.24628694355487724 0.43484326079487801 0.50067214621230949 0.66913089901208878 51.875875235535204 0.15128726139664639 0.4240727517753814 0.69348253076896149 0.35330900736152848 40.319535053800792 0.2908704709261648 0.74421940371394169 0.28091569058596966 1.4922972191125154 0.31460831779986698 10.619275343604384 0.19821359310299169 0.29402630077674885 0.27606797311455089
leaf_count=468 15 1912 96 7 78 53 99 1 22 811 21 22 27 22 42 4048 7 33 14 18 6324 47 27 5 207 11 762 17 23 35
internal_value=-0.000620098 0.0145623 0.0240727 0.0289106 0.0298719 -0.0282232 0.00434205 0.0305772 0.0313236 -0.027572 -0.0319573 0.0316931 -0.00958679 -0.0120165 -0.0156062 0.0320178 -0.0320823 0.0322136 0.0267259 0.0302948 -0.0326194 -0.0223332 0.00929842 -0.0321135 -0.0227258 0.0326109 0.0331922 -0.0306302 0.0335185 -0.0333675
internal_weight=137.503 92.6268 75.7819 69.2911 67.7008 16.8449 1.79755 66.667 65.4506 6.49084 44.8765 65.1427 1.21643 1.59029 1.03378 64.8209 6.03551 64.5746 12.4047 11.7113 44.2747 3.95516 1.03509 15.0473 1.77321 11.2872 10.9726 1.08962 52.1699 13.2741
internal_count=15274 8387 6076 5243 5108 2311 152 5059 4954 833 6887 4953 105 135 49 4931 818 4909 838 824 6866 542 74 2159 212 791 780 113 4071 1947
is_linear=0
shrinkage=0.05


Tree=211
num_leaves=31
num_cat=0
split_feature=4 13 10 7 10 9 30 24 20 4 2 22 34 20 6 14 8 7 16 6 0 9 32 6 8 7 16 8 7 1
split_gain=14.0907 7.87104 9.25213 4.73858 3.29124 2.38787 1.67076 1.59678 1.37667 1.43325 1.36699 1.14602 0.797394 1.8354 1.49185 2.44676 1.10583 0.940415 0.72828 0.683577 0.664888 0.583294 0.646684 0.585794 0.395664 0.566876 0.385213 0.28298 0.262202 0.241163
threshold=0.50300881266593944 0.67534381151199352 0.39640861749649053 0.3150466531515122 0.28357239067554479 0.47280906140804296 0.21738685667514804 0.18666049838066104 -0.58620506525039662 0.45912387967109686 -0.086521185934543596 0.80999043583869945 0.79882878065109264 -0.24362047761678693 0.54572162032127391 -0.27688279747962946 0.35429017245769506 0.33688920736312872 0.55655801296234142 0.70377770066261303 0.2401416897773743 0.80333301424980175 -0.0081900972872972471 0.84952053427696239 0.37627583742141729 0.57448866963386547 0.64623767137527477 0.72665178775787365 0.38946869969367987 0.60354706645011913
decision_type=8 10 8 2 10 10 8 10 8 10 8 8 10 10 2 8 2 2 8 2 10 10 10 2 2 2 8 2 2 10
left_child=8 2 4 -3 6 -4 -2 19 9 -1 -7 -8 13 14 16 17 -6 -16 -18 24 -10 23 -23 -22 25 -5 -9 28 -14 -12
right_child=1 3 5 7 12 10 11 26 20 -11 29 -13 27 -15 15 -17 18 -19 -20 -21 21 22 -24 -25 -26 -27 -28 -29 -30 -31
leaf_value=-0.033611790358760385 0.032923766631790106 -0.032418344838945963 -0.033581846808004745 0.030950322802568677 0.034910183072556181 -0.02853295141847504 0.031932025969526677 -0.02273889391335069 0.019326647320874499 0.032608649710054324 0.0096979694317064855 -0.031535072066066226 0.032812098275046324 0.033299776788565327 0.032707257589983704 -0.030888021023993375 0.033632854079498668 -0.03560866233334397 -0.030335901524214087 -0.033681026613808715 -0.033373380552538766 -0.033578560986062565 0.033678717022517894 0.033396468972280373 -0.030471231999705917 -0.033507242768035635 0.033353633311013924 -0.018219924690098043 -0.015895678427484138 0.040990836268741955
leaf_weight=1.4508947995491328 1.8396148830652226 15.743216420058163 10.225379400886593 1.5493062473833545 6.2923197327181715 1.4569244468584654 0.8367032567039131 0.3256240077316761 0.66577971447259088 1.8705444820225237 0.90263174381107036 4.744685735553503 33.830753565765917 15.822680809535084 3.4816292757168412 4.425666116178034 0.68222286924719788 0.5889671267941593 1.2792786522768436 1.8501201472245155 29.882030754350133 0.71489705285057425 0.71469871513545402 0.33214278798550267 0.57083734497427929 0.43739770352840412 5.0989301791414618 0.27818571031093497 0.27857432700693507 1.9367430051788685
leaf_count=211 103 2567 1519 73 317 183 46 11 23 74 17 540 2540 1125 216 142 52 11 46 217 4655 83 8 7 30 62 332 8 7 49
internal_value=0.000487477 0.0090339 0.0160659 -0.01541 0.0231929 -0.0204394 -0.00840039 0.0118235 -0.0269712 0.00368176 0.01084 -0.0220208 0.0266943 0.0210881 0.0095525 -0.00515496 0.024692 0.0228228 -0.00808716 -0.01053 -0.0301224 -0.0311628 4.54125e-05 -0.0326394 0.00621746 0.0167592 0.0299865 0.0320047 0.0324143 0.0310429
internal_weight=150.109 114.478 88.903 25.5754 74.3813 14.5217 7.421 9.83222 35.631 3.32144 4.2963 5.58139 66.9603 32.5728 16.7501 8.49626 8.25382 4.0706 1.9615 4.40766 32.3095 31.6438 1.4296 30.2142 2.55754 1.9867 5.42455 34.3875 34.1093 2.83937
internal_count=15274 10213 6921 3292 5153 1768 689 725 5061 285 249 586 4464 1909 784 369 415 227 98 382 4776 4753 91 4662 165 135 343 2555 2547 66
is_linear=0
shrinkage=0.05


Tree=212
num_leaves=31
num_cat=0
split_feature=10 4 6 2 8 1 26 0 3 14 9 3 5 11 10 9 8 31 1 2 34 6 20 2 1 10 1 9 0 17
split_gain=24.2637 16.9101 2.74905 3.15358 1.43995 1.27268 1.25848 1.99541 3.49818 1.23002 1.83603 1.23696 0.769884 0.76155 0.571973 0.562852 0.531586 0.486819 0.481531 0.309983 0.24518 0.209459 0.176434 0.130869 0.104044 0.0884131 0.0194521 0.0140907 0.0122495 0.0108808
threshold=0.37169821560382849 0.45912387967109686 0.80477467179298412 -0.1451584920287132 -0.32539874315261835 0.57718634605407726 -0.12823295593261716 0.58477845788002025 0.38952542841434484 0.19693709909915927 0.46428979933261877 0.32681462168693548 0.14006254822015765 -0.26362131536006922 0.3904950767755509 0.67293593287467968 0.72665178775787365 1.0635544657707217 0.4507568776607514 -0.1911029517650604 0.55089810490608226 0.64944744110107433 0.21519411355257037 0.20993983000516894 0.46151088178157812 0.57083657383918773 0.53480717539787304 0.38940389454364782 0.63769140839576732 0.072137426584959044
decision_type=8 10 2 10 2 8 8 10 10 8 10 10 10 10 8 10 2 10 10 8 8 2 10 8 8 8 10 10 10 8
left_child=1 4 6 -4 28 23 7 8 -3 17 14 21 26 -6 -11 -5 20 -7 -8 -15 -9 -12 -21 -2 -22 -13 27 -10 -1 -17
right_child=5 2 3 15 13 9 18 16 12 10 11 25 -14 19 -16 29 -18 -19 -20 22 24 -23 -24 -25 -26 -27 -28 -29 -30 -31
leaf_value=-0.033895193856483513 0.03365260881228993 -0.033324627568705162 -0.03363745325436112 -0.015727852621213827 -0.033954950486078737 0.033814470970067734 0.033632929112684333 0.024884374137952192 0.023332592103537921 -0.033511480826752059 -0.011691685085866075 -0.034444653854679527 -0.033485925894667472 -0.022509170081866314 0.033815836306670566 0.034665195420812804 0.034955024151613522 -0.030864209392082582 -0.03362989903894073 0.033653880832226049 -0.060470560776637684 0.03467017356691196 -0.0069218142251119986 -0.004429728216931975 -0.03355678590313798 -0.060535474457102792 0.038594222107799725 0.034042109377706659 -0.046643401960598366 0.040718048813355112
leaf_weight=0.42521018953994172 34.794984504580498 4.2936547137796897 3.4948091823607683 0.60132524650543739 0.44604312302544968 6.892028568312524 0.26761630177497764 0.17693265248089773 0.38988455850630988 0.3470079279504702 0.33530165441334225 2.5942509723827247 0.4447961077094077 0.25509860459715128 3.4688525423407555 3.0120024401694536 0.29042366147041399 0.30374945327639569 46.375526668969542 16.981255454942591 0.37106287479400357 0.89100406225770712 0.27220595814287563 0.2270673681050529 11.133490161504596 0.37115317583084095 2.4183057262562215 1.4471660694107411 0.33839521883055568 0.98536680079996619
leaf_count=40 2909 635 430 35 37 479 21 6 18 46 17 166 69 5 250 115 7 18 6954 1340 1 48 5 5 1501 1 31 72 4 9
internal_value=8.35882e-05 -0.0148521 -0.0253738 0.00216468 0.0277012 0.0281616 -0.0286704 -0.0184956 -0.000698772 0.0160816 0.00259984 -0.0202435 0.0291054 0.0305612 0.0276932 0.0293728 -0.0318653 0.0310842 -0.033244 0.0322048 -0.0335265 0.0219937 0.0330137 0.0334057 -0.0344249 -0.0377102 0.0356478 0.0317692 -0.0395446 0.0361572
internal_weight=144.646 94.4206 75.7024 8.0935 18.7182 50.2254 67.6089 20.9657 8.99381 15.2033 8.00757 4.19171 4.70015 17.9546 3.81586 4.59869 11.9719 7.19578 46.6431 17.5086 11.6815 1.22631 17.2535 35.0221 11.5046 2.9654 4.25536 1.83705 0.763605 3.99737
internal_count=15274 11335 9904 589 1431 3939 9315 2340 825 1025 528 232 190 1387 296 159 1515 497 6975 1350 1508 65 1345 2914 1502 167 121 90 44 124
is_linear=0
shrinkage=0.05


Tree=213
num_leaves=31
num_cat=0
split_feature=13 5 10 28 7 20 30 1 21 3 20 1 9 7 9 4 8 10 29 22 11 15 8 1 10 24 11 14 6 11
split_gain=24.0753 7.7896 6.01199 2.60662 2.68624 2.12342 1.89051 1.33255 1.17158 0.829734 0.816822 0.733071 0.470118 0.853251 0.381318 0.330631 0.305567 0.266117 0.83956 0.250668 0.205377 0.192221 0.180896 0.203425 0.269016 0.107205 0.107015 0.0982756 0.0856231 0.0527805
threshold=0.6440052092075349 -0.29785381257534022 0.32994285225868231 0.96254611015319835 0.31109739840030676 0.19584813714027408 0.22225040942430499 0.52186408638954174 0.69649645686149608 0.27539768815040594 -0.38633741438388819 0.41441555321216589 0.69437015056610119 0.28214292228221899 0.26301448047161108 0.59117543697357189 -0.426943689584732 0.27134813368320471 0.09120663627982141 0.77696552872657787 -0.32178191840648646 0.34376697242259985 -0.016551570966839787 0.54054498672485363 0.27554699778556829 0.20728256553411487 0.50180184841156017 -0.60371661186218251 0.5590558946132661 -0.19100450724363324
decision_type=10 8 10 8 2 8 8 10 10 10 8 10 8 2 10 10 2 10 10 8 8 10 2 10 10 8 10 10 2 8
left_child=1 8 6 17 5 16 7 -2 -1 -8 26 20 15 -14 21 22 -5 18 -3 -12 -7 -4 -13 24 29 -21 -11 -27 -17 -24
right_child=2 3 14 4 -6 11 9 -9 -10 10 19 12 13 -15 -16 28 -18 -19 -20 25 -22 -23 23 -25 -26 27 -28 -29 -30 -31
leaf_value=0.032899724901030457 0.033209526294402963 -0.03298036121562465 0.033881881064218453 0.029117992652186422 -0.033530310201620193 0.022179381866282682 -0.040447566609393665 -0.032546005677073324 -0.030327056823472382 -0.033741592928327402 -0.014374015982980097 0.035640992360822001 0.035179412078092692 -0.041384577959195146 -0.033505574592405239 -0.033835128157141549 -0.033655274258364974 -0.0335796150323905 0.023020796483969864 0.0047602088449541233 -0.033651078680189836 -0.021250660365242407 0.033969030131638149 0.033266992914427772 -0.034148338412888855 0.0027991926988232456 0.0075683625105331942 0.03327300155058055 0.01087480724615187 0.0048515480398239825
leaf_weight=7.2934327591210586 1.2317542759701621 2.7789273499511178 0.33598931506276031 0.20619255118072066 7.9709143722429863 0.20384058076888323 0.40039024408906598 2.0573840928263962 0.81449507735669602 0.49883941700682044 0.28204850573092599 4.2476263982243809 0.70248062722384996 0.75496052857488394 4.423882523085922 0.25471003307029594 3.2422348046675342 39.894698584685102 0.88158091530203808 0.33603429794311723 0.85832375288009533 0.29860321199521422 0.34041828196495771 0.98943133279681206 0.34824641328305006 0.26606092508882184 0.22862577810883522 47.050803060643375 0.18475875165313482 0.28671754524111726
leaf_count=565 59 460 15 9 1255 7 14 222 102 45 8 186 33 20 686 26 436 6805 38 13 91 25 18 22 17 14 14 4045 16 23
internal_value=-0.000424125 -0.0196289 0.0237461 -0.0254656 -0.0108066 0.00354606 0.0287757 -0.00792112 0.0265482 0.0312358 0.0318256 0.0161222 0.0212382 -0.00448105 -0.0283062 0.0268733 -0.0299019 -0.0323958 -0.0194933 0.0326236 -0.0229366 0.00793964 0.0298381 0.0172933 0.00108949 0.0329018 -0.0207588 0.0331016 -0.0150385 0.0206569
internal_weight=129.664 72.254 57.4104 64.1461 20.5909 12.6199 52.3519 3.28914 8.10793 49.0628 48.6624 9.17151 8.10935 1.45744 5.05848 6.65191 3.44843 43.5552 3.66051 47.9349 1.06216 0.634593 6.21244 1.96481 0.975382 47.6529 0.727465 47.3169 0.439469 0.627136
internal_count=15289 10129 5160 9462 2159 904 4434 281 667 4153 4139 459 361 53 726 308 445 7303 498 4080 98 40 266 80 58 4072 59 4059 42 41
is_linear=0
shrinkage=0.05


Tree=214
num_leaves=31
num_cat=0
split_feature=4 13 10 7 10 9 24 19 11 11 16 11 5 20 12 16 20 1 20 3 9 4 14 16 6 1 12 16 8 17
split_gain=14.194 7.46312 8.81173 4.22597 2.8296 2.0187 1.71793 1.53691 1.15198 0.804422 1.1622 0.805238 2.14696 3.04012 1.66305 0.791991 0.755262 0.92246 0.687357 0.591689 0.452171 0.537969 0.447509 0.40835 0.364211 0.314181 0.280199 0.268988 0.259253 0.217514
threshold=0.50300881266593944 0.67454206943511974 0.39640861749649053 0.31251774728298193 0.28357239067554479 0.47280906140804296 0.18666049838066104 0.80830880999565136 -0.035506220534443848 -0.55704998970031727 0.73150852322578441 0.16785149276256564 0.14500208199024203 -0.4970181137323379 0.081134758889675154 0.58606091141700756 -0.67390260100364674 0.47944684326648718 -0.427682414650917 0.23422964662313464 0.81449115276336681 0.49560140073299414 0.53466147184371959 0.65751573443412792 0.84952053427696239 inf 0.32639479637146002 0.64623767137527477 0.72665178775787365 -0.35064098238945002
decision_type=8 10 8 2 10 10 10 8 10 10 8 10 10 8 10 8 8 10 8 10 10 10 10 8 2 8 8 8 2 8
left_child=16 2 4 23 7 -4 18 -2 -7 10 -6 -11 13 28 -14 -9 17 -1 -5 -18 24 -22 29 -3 -21 -10 -17 -8 -13 -20
right_child=1 3 5 6 9 8 27 15 25 11 -12 12 14 -15 -16 26 19 -19 22 20 21 -23 -24 -25 -26 -27 -28 -29 -30 -31
leaf_value=-0.033556423470598742 0.028036589232749976 0.034580719160595463 -0.033566562503184016 0.033672467215235015 0.031302749032815762 0.030412387723146184 -0.013879128143914033 0.028623346733732916 -0.033504023716178749 0.033033586504217588 -0.02925036688905638 0.033335675992682987 -0.03237025970728951 -0.033759321518381506 0.033688334562478696 0.029703841610489237 0.014236049635629723 0.029622952219237077 -0.0014817666950590401 -0.033363767379216973 -0.033556948942452813 0.036072775966562547 0.034061373361187634 -0.033120253702952365 0.020968239921531989 0.034532975694910949 -0.033507057432661899 0.033311251254313605 -0.017705903913034237 -0.033000882212677878
leaf_weight=1.1171167367137971 2.1592751275748006 0.22618765383958994 9.4626243496313673 0.68297369591891766 1.6374019235372532 2.4246349595487122 0.32228229846805334 0.64969743136316538 1.3434914103709148 33.208322859369218 1.5354925030842426 3.5846920609474187 1.0052818390540803 3.6789635708555606 18.237984987907112 0.18338245619088411 0.72171042952686804 1.1965978769585488 0.68997662654146552 28.636772904079415 0.58053313149139174 0.53125386778265238 0.33587856218218792 14.579968413338063 0.31180618889629741 0.19420746341347705 3.9858940099366009 4.791667795740068 0.26733355224132527 2.6482819844968608
leaf_count=174 132 5 1505 48 97 60 13 31 187 2487 74 273 53 78 1399 6 33 59 30 4719 73 5 12 2544 16 4 506 327 8 331
internal_value=0.000210832 0.00900153 0.0160916 -0.0154016 0.0231955 -0.0210202 0.0106813 -0.00701798 0.00894249 0.0265339 0.00199864 0.0278318 0.0213799 -0.00125277 0.0302374 -0.0227251 -0.0284319 -0.000881561 -0.012389 -0.0305027 -0.0315768 -0.000285234 -0.0209512 -0.032086 -0.0327786 -0.0249111 -0.0307268 0.0303373 0.0297934 -0.0264863
internal_weight=140.932 107.836 83.5587 24.2772 70.1337 13.425 9.47106 6.97825 3.96233 63.1555 3.17289 59.9826 26.7743 7.53099 19.2433 4.81897 33.0958 2.31371 4.35711 30.7821 30.0604 1.11179 3.67414 14.8062 28.9486 1.5377 4.16928 5.11395 3.85203 3.33826
internal_count=15289 10210 6900 3310 5144 1756 761 675 251 4469 171 4298 1811 359 1452 543 5079 233 421 4846 4813 78 373 2549 4735 191 512 340 281 361
is_linear=0
shrinkage=0.05


Tree=215
num_leaves=31
num_cat=0
split_feature=10 1 16 9 5 7 8 29 17 1 14 9 2 2 15 18 10 6 0 31 2 17 0 17 6 0 16 14 28 24
split_gain=22.9308 8.72395 7.74578 3.8863 3.19398 1.71163 1.15049 1.04 1.04933 0.912241 0.96187 1.51617 1.15786 0.793828 0.779661 1.27515 0.552272 0.206411 0.194128 0.145318 0.128734 0.104647 0.0685654 0.0559528 0.0411326 0.275293 0.0233862 0.0395262 0.0216264 0.0180562
threshold=0.37538909912109381 0.45403732359409338 0.537365883588791 0.55236566066741954 0.15244340151548388 0.38946869969367987 -0.22542591392993924 -1.1768970489501951 -0.96092015504837025 0.57718634605407726 0.19693709909915927 0.43277314305305487 -0.15251681208610532 0.191375806927681 0.22420193254947665 0.23123072832822802 0.3904950767755509 0.65241518616676342 0.79208919405937206 0.84966582059860241 0.20993983000516894 -0.028432300314307209 0.59903711080551159 0.14918203651905063 0.80477467179298412 0.63560119271278392 0.53944781422615062 -0.25498473644256586 0.87751030921936046 0.32783214747905737
decision_type=8 10 8 10 8 2 2 8 10 8 8 10 10 10 8 8 8 2 10 10 10 10 8 10 2 10 8 10 8 8
left_child=1 6 3 28 23 7 -1 8 -4 20 19 16 17 21 15 -9 -12 -13 24 -11 -2 -8 -14 -5 26 -26 27 -16 -3 -17
right_child=9 2 5 4 -6 -7 13 14 -10 10 11 12 22 -15 18 29 -18 -19 -20 -21 -22 -23 -24 -25 25 -27 -28 -29 -30 -31
leaf_value=-0.027944618687368819 0.033635056646968489 -0.033535730821295302 -0.033734012953930539 0.03439125219038864 -0.033796338085765348 0.03230240119349307 0.033679109898370384 0.036371807849258461 0.037732569790203507 0.033781832365836782 -0.033504019911889844 -0.0094650625488152985 -0.034460425629053916 -0.034066148271782247 -0.033546342326988637 -0.014847543317903059 0.033877674809424108 0.034619267153908798 0.026637719916108596 -0.0034698689539077198 -0.0043121777457442844 -0.0012615401369252383 -0.0579931193471597 0.012135469394616714 0.011366506660022938 -0.03362642962077414 -0.033431829220793255 -0.00085505767146673074 -0.013953627943488292 -0.033540824271038376
leaf_weight=0.92733325809240419 32.161224320530891 4.0165419946424725 0.95779951242730055 10.426508851349348 2.0888692173175523 1.1135670589283098 10.145978803746399 1.0928314346820109 1.1075679715722797 6.1306843785569054 0.33365704258903894 0.38066766830161236 1.9879580433480444 0.46168837975710708 0.24467953573912382 0.14007077785208844 3.4322163863107562 0.87783420272171497 0.13669752050191064 0.27347665559500445 0.22506171278655429 0.21891611255705079 0.366611748933792 0.29026951268315393 0.39844293100759332 2.3168211779557168 51.078572859056294 0.14862517733127045 0.14612508099526156 1.6614218354225156
leaf_count=35 2869 578 117 702 221 63 820 13 21 460 46 20 147 36 33 10 257 50 3 16 5 13 1 19 24 295 8162 12 10 231
internal_value=0.000186867 -0.0146294 -0.020727 0.00912115 0.022764 -0.0291128 0.0255055 -0.0302664 0.00459045 0.0287863 0.0180129 0.00570769 -0.0174311 0.0300837 -0.0315246 -0.00623873 0.0279076 0.0212848 -0.0328718 0.0321911 0.0333714 0.0329411 -0.0381245 0.0337884 -0.0330219 -0.0270241 -0.0333383 -0.0211927 -0.0328483 -0.0320874
internal_weight=135.289 89.1193 77.3654 16.9683 12.8056 60.3971 11.7539 59.2835 2.06537 46.1694 13.7831 7.37895 3.61307 10.8266 57.2182 2.89432 3.76587 1.2585 54.3238 6.40416 32.3863 10.3649 2.35457 10.7168 54.1871 2.71526 51.4719 0.393305 4.16267 1.80149
internal_count=15289 11418 10514 1530 942 8984 904 8921 138 3871 997 521 218 869 8783 254 303 70 8529 476 2874 833 148 721 8526 319 8207 45 588 241
is_linear=0
shrinkage=0.05


Tree=216
num_leaves=31
num_cat=0
split_feature=13 2 7 28 7 20 13 12 10 1 15 1 3 11 21 10 29 8 1 12 33 2 2 10 23 17 9 2 34 23
split_gain=22.6732 7.17181 5.69403 2.47495 2.45742 1.91038 1.28564 1.04171 1.14364 0.788968 0.714301 0.651495 0.509623 0.960703 0.502516 0.3492 0.956106 0.315625 0.309743 0.308277 0.233405 0.198543 0.189357 0.177316 0.134125 0.206148 0.0812745 0.132732 0.0711337 0.0540815
threshold=0.6440052092075349 0.32005520164966589 0.31946767866611486 0.96254611015319835 0.31109739840030676 0.19584813714027408 0.80839413404464733 0.33281601965427404 0.28309783339500433 0.66580286622047435 0.21821725368499759 0.41441555321216589 0.61826372146606456 0.27961377799510961 0.67081275582313549 0.27134813368320471 0.054120251908898361 -0.45867097377777094 0.46151088178157812 0.77943429350852977 0.12557546049356463 0.30117020010948187 0.10460807383060457 0.32592721283435827 0.20356181263923648 0.044408051297068603 0.37161476910114294 0.0023200510768219833 0.82051005959510814 0.5964823067188264
decision_type=10 10 2 8 2 8 10 10 10 10 8 10 10 10 10 10 10 2 10 10 8 10 10 10 10 10 10 10 8 10
left_child=1 3 7 15 5 17 24 8 -2 -8 -9 22 23 -14 -3 16 -1 -5 -12 20 -20 -6 -7 26 -4 -26 27 -13 -22 -18
right_child=2 14 6 4 21 11 9 10 -10 -11 18 12 13 -15 -16 -17 29 -19 19 -21 28 -23 -24 -25 25 -27 -28 -29 -30 -31
leaf_value=-0.03299402917934547 0.032046868068684189 0.033616525298584908 -0.033418886767131423 0.034959024889423894 -0.033531128574374978 -0.033622835393987076 0.033730766647130553 -0.044268849486794666 -0.032963378822681209 -0.033548522256319456 -0.033893078686716094 0.034193325834139143 -0.039640985966197979 0.032350223924949857 -0.020667316060286427 -0.033565134094249584 0.033477048663928755 -0.033589188625166203 -0.017086883599181733 -0.024541586814625666 0.0058240239049583377 0.016200944011011475 0.021339283872457569 -0.00050959449688285174 0.027632049734101424 -0.034075235249834357 0.0353487658531677 0.004952404188182713 0.033550297074198841 0.0095056070785442259
leaf_weight=2.6749255782924588 1.374855047091841 6.1055407933890811 4.6430257088504723 0.17821204289794002 7.5819592960178843 0.76896054018288662 1.5751401949673893 0.30469915922731339 1.3318139901384709 0.60239733196794976 0.17468247236683865 0.91583684552460887 0.87592432601377346 0.98401899542659521 0.4583371584303676 37.555251352721825 0.61811945214867581 2.9095193124376255 0.23015186982229552 0.23296100506558914 0.23259066976606846 0.20614446606487025 0.19682021858170629 0.48004593374207605 0.23887860309332598 0.31228351639583707 3.6504961242899299 0.67347948579117656 42.693116161040962 0.37989713530987501
leaf_count=462 93 544 746 6 1266 89 107 3 107 88 13 36 41 61 37 6856 29 433 13 16 12 6 7 31 12 28 165 28 3915 15
internal_value=-0.000443013 -0.0198206 0.0237 -0.0251937 -0.0104775 0.0040749 -0.0171309 0.0301626 5.86364e-05 0.0151185 0.0320201 0.0162543 0.0211823 -0.00155342 0.029826 -0.0321261 -0.0174118 -0.0296328 0.0325537 0.0328212 0.0331308 -0.0322148 -0.0224219 0.0285753 -0.0306506 -0.00733074 0.0312399 0.0218024 0.0334001 0.0243523
internal_weight=121.16 67.2135 53.9466 60.6496 19.4214 11.6333 7.37173 46.5749 2.70667 2.17754 43.8682 8.54558 7.5798 1.85994 6.56388 41.2282 3.67294 3.08773 43.5635 43.3888 43.1559 7.7881 0.965781 5.71986 5.19419 0.551162 5.23981 1.58932 42.9257 0.998017
internal_count=15265 10112 5153 9531 2169 897 981 4172 200 195 3972 458 362 102 581 7362 506 439 3969 3956 3940 1272 96 260 786 40 229 64 3927 44
is_linear=0
shrinkage=0.05


Tree=217
num_leaves=31
num_cat=0
split_feature=4 13 10 7 10 9 20 2 20 4 14 13 11 16 16 6 2 17 12 11 0 16 10 9 6 4 25 7 22 11
split_gain=12.7399 7.09915 7.97473 3.84956 2.55956 2.20122 1.51175 1.37662 1.18413 1.13189 0.874061 0.804977 0.762876 1.13223 0.636417 0.620668 2.46956 2.0141 1.00852 0.707552 0.572617 0.517904 0.327777 0.318091 0.439386 0.437173 0.301117 0.272007 0.238559 0.233663
threshold=0.50300881266593944 0.67246571183204662 0.39640861749649053 0.31251774728298193 0.27867548167705541 0.51976066827774059 0.044136613607406623 -0.077950708568096147 -0.58620506525039662 0.45912387967109686 0.4805308878421784 0.63671869039535534 -0.55704998970031727 0.73150852322578441 0.6633335053920747 0.74457719922065746 -0.14055479317903516 -0.34698840975761408 0.081134758889675154 0.60257199406623851 0.2401416897773743 0.55169451236724865 0.37975467741489416 0.80333301424980175 0.84952053427696239 0.49359235167503362 0.87479010224342357 0.27198259532451635 0.80158472061157238 -0.031122125685214993
decision_type=8 10 8 2 10 10 8 8 8 10 10 8 10 8 8 2 8 8 10 10 10 8 10 10 2 10 8 2 8 10
left_child=8 2 4 14 11 -4 22 29 9 -1 -8 -2 13 -6 -3 19 18 -18 -17 27 -10 -13 -5 24 -22 -25 -11 28 -14 -7
right_child=1 3 5 6 12 7 10 -9 20 26 -12 21 15 -15 -16 16 17 -19 -20 -21 23 -23 -24 25 -26 -27 -28 -29 -30 -31
leaf_value=-0.033584618374212352 0.022456148871634458 0.033107246757749537 -0.033062413522511228 0.032998688241546753 0.031236390584044139 0.034189827062696007 -0.022043740978972225 0.038564030234266362 0.013653761509580632 0.043793270611956557 0.03414436317317656 0.036707628546152775 0.031256003842589954 -0.028895149163764941 -0.032723147604329171 -0.033948185225814526 0.033926152582643657 -0.034200095631229131 0.03332988600067617 -0.025544589703024773 -0.033294818459443681 -0.033514088151843632 -0.02107763903295657 -0.033536986445927189 0.034486755963553925 0.032164649548169735 -0.00096839992561274877 0.032579195056479208 -0.02687838169124487 -0.033491471070423016
leaf_weight=1.2380951191298666 1.1165711767971505 0.37703265901655136 9.0251162443310005 4.5420900322496873 1.6203762190416444 0.14289438165724311 3.497947028838098 2.1440191194415088 0.71641877759248629 1.151815925724804 0.86287499126046885 0.28938300907611869 0.3420419916510572 1.5145441517233851 13.989043905399738 0.58065741462632914 1.6516428170725701 3.161737660411748 13.690016782842575 0.54195041861385007 26.317327164113529 2.8338858475908637 0.29864850314334024 0.56885363720357307 0.24128290638327499 0.4562592301517725 0.5576097914017738 37.107723173685372 0.3645517872646451 1.1855517872609191
leaf_count=204 53 9 1506 344 102 4 371 58 28 43 38 6 24 94 2585 35 115 67 1110 19 4697 450 15 77 5 6 27 2979 17 177
internal_value=0.000559744 0.00920068 0.0165239 -0.0148229 0.0235753 -0.0200463 0.0104268 0.0137832 -0.0273367 0.002823 -0.0109258 -0.0139813 0.026204 0.00218561 -0.0309955 0.0275149 0.0201465 -0.0108235 0.0305924 0.031181 -0.0304779 -0.0270078 0.0296625 -0.0316241 -0.032679 -0.00429437 0.0291921 0.031994 0.00126282 -0.0262113
internal_weight=132.128 100.88 77.3127 23.5676 64.8151 12.4976 9.20156 3.47247 31.2477 2.94752 4.36082 4.23984 60.5752 3.13492 14.3661 57.4403 19.0841 4.81338 14.2707 38.3563 28.3001 3.12327 4.84074 27.5837 26.5586 1.02511 1.70943 37.8143 0.706594 1.32845
internal_count=15265 10178 6816 3362 5071 1745 768 239 5087 274 409 509 4562 196 2594 4366 1327 182 1145 3039 4813 456 359 4785 4702 83 70 3020 41 181
is_linear=0
shrinkage=0.05


Tree=218
num_leaves=31
num_cat=0
split_feature=10 4 34 2 8 12 3 29 2 2 2 9 14 10 9 8 6 6 2 2 23 20 10 11 19 8 16 8 4 6
split_gain=21.3812 15.4209 2.59602 1.26184 1.24184 1.02222 3.15446 1.01358 0.999227 0.888634 0.745385 0.676174 0.523808 1.83104 0.704054 0.491755 0.485853 0.476129 0.825157 0.276736 0.240853 0.176905 0.0806982 0.0663104 0.0470945 0.0440134 0.0403031 0.0158642 0.014924 0.0184178
threshold=0.37975467741489416 0.45912387967109686 0.75015017390251171 0.12403450533747674 -0.33437740802764887 0.29585236310958868 0.49628783762454992 -1.4035562276840208 -0.1451584920287132 0.21611873805522921 0.191375806927681 0.60865673422813427 0.5140109956264497 0.45343953371047979 0.27297973632812506 0.76579961180686962 0.14389496296644214 0.81297564506530773 -0.12440372630953787 -0.1911029517650604 -0.5618576407432555 0.21519411355257037 0.19448296725749972 -0.10851492360234259 0.89331334829330455 0.0093449302949011343 0.46668364107608801 -0.23892362415790555 0.91215813159942638 0.42700409889221197
decision_type=8 10 8 10 2 8 10 8 10 8 10 10 8 10 10 2 2 2 10 8 8 10 10 8 10 2 8 2 10 2
left_child=1 4 3 8 -1 6 -4 15 -3 12 19 -11 24 14 -14 -7 -15 22 -19 -6 -10 27 -9 -16 -2 -22 -24 -21 -18 -30
right_child=9 2 5 -5 10 7 -8 17 20 11 -12 -13 13 16 23 -17 28 18 -20 21 25 -23 26 -25 -26 -27 -28 -29 29 -31
leaf_value=-0.039228162171991154 0.033641681233320724 -0.033744500838143489 0.035186885538561405 -0.033515015926782514 -0.021916894862754839 -0.026066876839436821 -0.03354226316175165 -0.055627551654704226 -0.010070812120698432 0.030154586765629723 -0.034017704091593333 -0.045834494953434626 0.033612959778890276 -0.027343007493861871 -0.034805370502661297 0.034880902091817767 0.033641851357326835 -0.032857466662513955 0.022021716757370594 0.021384672090913989 0.016858602076654034 -0.0080376374890113195 -0.0046237227724036474 -0.0064648511901080107 0.016980818161805994 0.035378104147758091 -0.033416785925374837 0.03362089926626001 0.014829621209991872 0.033657524851552476
leaf_weight=0.67090577073395508 29.18809458240867 0.75190726900473182 2.4453192725777626 1.5407054224051533 0.23516604211181402 0.54494303651154019 5.2620097240433097 0.4097392950206985 0.35077554220333695 0.5060759219340969 0.44028691342100401 0.69449116475880146 0.53125601261854116 0.34441599808633228 1.701035587582737 0.84283369965851307 8.6555417589843238 1.8809499009512367 1.0772314351052035 0.26955452002585367 0.35842045908793929 0.26178183034062463 0.1218420621007702 0.23490048944950093 0.43040033662691612 3.0584836467169225 48.287340716924518 15.303097669966515 0.24189455434680063 0.28051978815346956
leaf_count=46 2714 85 77 251 5 31 799 10 36 36 38 13 47 15 143 22 782 274 21 9 30 6 8 3 24 141 8184 1375 19 21
internal_value=-0.000159802 -0.0148002 -0.0256468 0.0055614 0.0274559 -0.0287538 -0.0117364 -0.0312208 0.0188824 0.0286066 0.0301657 -0.0138028 0.0298302 0.0210127 -0.0173747 0.0109483 0.0309587 -0.0323511 -0.012873 0.0319243 0.029385 0.0327239 -0.0335313 -0.0313666 0.0333996 0.0334355 -0.0333443 0.0334091 0.0331465 0.0249396
internal_weight=126.922 84.1133 66.9325 6.06029 17.1808 60.8722 7.70733 53.1649 4.51959 42.8086 16.5099 1.20057 41.6081 11.9896 2.46719 1.38778 9.52237 51.7771 2.95818 16.0696 3.76768 15.8344 48.8189 1.93594 29.6185 3.4169 48.4092 15.5727 9.17796 0.522414
internal_count=15265 11448 9969 543 1479 9426 876 8550 292 3817 1433 49 3768 1030 193 53 837 8497 295 1395 207 1390 8202 146 2738 171 8192 1384 822 40
is_linear=0
shrinkage=0.05


Tree=219
num_leaves=31
num_cat=0
split_feature=16 10 13 12 23 0 3 10 2 4 10 6 4 13 1 12 10 9 6 10 35 14 3 6 11 29 18 6 3 13
split_gain=21.6421 12.5883 6.16137 1.46346 0.733223 0.525662 0.51392 0.503639 0.441339 0.40188 0.390333 0.328166 0.288727 0.287319 0.363925 0.214145 0.557844 0.674561 0.155302 0.146406 0.474342 0.200956 0.134949 0.4776 0.0686754 0.0509044 0.0504836 0.042436 0.279553 0.0248083
threshold=0.62033009529113781 0.32801096141338354 0.62184882164001476 0.28564789891242987 -0.42341248691081995 0.75428903102874767 0.27539768815040594 0.26680791378021246 0.36603349447250372 0.39936998486518865 0.30394305288791662 0.32246886193752294 0.64464965462684642 0.81317561864852916 0.72369542717933666 0.35200418531894689 0.29468216001987463 0.60865673422813427 0.69899210333824169 0.26279318332672125 -0.058761499822139733 -0.031836528331041329 0.62941342592239391 0.50602737069129955 0.62709626555442821 -0.33610275387763971 0.25885719060897833 0.75256043672561657 0.4234860241413117 0.61637628078460704
decision_type=8 8 8 8 8 10 10 10 10 10 10 2 10 10 10 10 8 10 2 10 8 8 10 2 10 8 10 2 8 10
left_child=5 2 7 11 8 19 10 -2 -5 -8 -6 -4 15 27 -15 16 22 18 -18 20 -1 26 24 -24 -11 -17 -22 -3 -29 -9
right_child=1 13 3 4 6 -7 9 29 -10 12 -12 -13 -14 14 -16 25 17 -19 -20 -21 21 -23 23 -25 -26 -27 -28 28 -30 -31
leaf_value=-0.033535999350348837 0.015330477315793576 -0.033489258240917544 0.034388682430464466 -0.033617652139639957 0.02581957804096302 0.017156066604979776 -0.033646830275285665 -0.033536354729999336 0.033654357754125112 0.033420905231764442 -0.040455554848969483 -0.034067982745562962 -0.028931263472375485 0.03374589733843842 -0.033562468150218128 0.0090658352174190319 -0.0045081333159901101 -0.034062081054285202 0.033972143378910559 -0.033584956010692668 -0.033457389031546068 0.031242370253644486 0.032539553967736688 -0.033785246872882979 0.010256676165900716 0.033567874845198513 0.0063951072019124535 0.034816080774534401 -0.03352780143653529 -0.011050723127996979
leaf_weight=2.4463756899349391 0.60965487221255799 10.760740695986891 0.20750471856445329 0.72139214305207111 0.44603518303483625 0.53900361061096091 0.23835590714588661 4.6285692369565368 0.36826731543987989 9.7222686959430504 0.44263376761227846 1.1198659269139168 0.19747928064316411 0.3819801630452283 0.42344672931358218 0.2130834823474288 0.35328606329858425 0.78564126044511784 1.0170405851677058 33.043157630832866 0.21739752776920795 0.47981757996603791 1.1212690640240914 0.358116547577083 0.33085598051548082 40.85445206053555 0.12524740304797888 0.17507743090391215 1.0292296758852899 0.12600608589127649
leaf_count=463 33 1952 6 87 31 18 20 803 28 782 10 121 19 22 61 15 36 59 47 6318 41 17 73 5 20 3963 10 3 177 18
internal_value=-0.000371575 0.01477 0.0238322 0.0285352 0.0297402 -0.0318588 0.0305295 -0.0274544 -0.010882 0.0311369 -0.00719115 -0.0233663 0.0314178 -0.0305473 -0.00164094 0.0316355 0.0262195 0.00287472 0.0240515 -0.0325864 -0.0224923 0.0103568 0.0305837 0.0164842 0.0326586 0.0334407 -0.0188901 -0.0324931 -0.0235922 -0.0329404
internal_weight=113.483 76.6323 63.8618 58.4975 57.1702 36.851 56.0805 5.36423 1.08966 55.1918 0.888669 1.32737 54.9535 12.7705 0.805427 54.756 13.6885 2.15597 1.37033 36.312 3.26884 0.822463 11.5325 1.47939 10.0531 41.0675 0.342645 11.965 1.20431 4.75458
internal_count=15258 8391 6176 5322 5195 6867 5080 854 115 5039 41 127 5019 2215 83 5000 1022 142 83 6849 531 68 880 78 802 3978 51 2132 180 821
is_linear=0
shrinkage=0.05


Tree=220
num_leaves=31
num_cat=0
split_feature=4 13 10 10 10 9 20 19 4 2 10 23 14 4 30 13 16 6 2 21 3 11 10 6 16 24 1 22 25 25
split_gain=11.6105 6.33555 7.48105 3.63991 2.79687 1.77551 1.6964 1.32234 1.1978 0.986675 0.914422 0.701013 0.647255 0.596092 1.66046 1.0105 0.595397 0.605008 2.16267 0.477128 0.911002 1.04478 0.807684 0.431925 0.417546 0.337253 0.296918 0.284686 0.394547 0.259592
threshold=0.5072980821132661 0.68301752209663402 0.39640861749649053 0.32801096141338354 0.28357239067554479 0.47280906140804296 -0.58620506525039662 0.80830880999565136 0.45912387967109686 -0.086521185934543596 0.37975467741489416 -0.32143673300743097 0.4805308878421784 0.4921520352363587 0.21738685667514804 0.53452566266059887 0.75416088104248058 0.80477467179298412 -0.1451584920287132 0.2104272395372391 0.55050417780876171 0.10095053538680078 0.29723152518272405 0.74457719922065746 0.58606091141700756 0.55599078536033641 0.60354706645011913 0.76679912209510814 0.86360257863998424 0.88215702772140514
decision_type=8 10 8 10 10 10 8 8 10 8 10 8 10 10 10 10 10 2 10 10 10 10 10 2 8 10 10 8 8 10
left_child=6 2 4 11 7 -4 8 -2 -1 -7 23 -3 -12 -8 15 27 17 19 -19 20 21 22 -6 -5 -9 -22 -11 -15 -29 -10
right_child=1 3 5 10 16 9 13 24 29 26 12 -13 -14 14 -16 -17 -18 18 -20 -21 25 -23 -24 -25 -26 -27 -28 28 -30 -31
leaf_value=-0.033511117668114217 0.027581392430359015 0.033794758056982004 -0.033539140507583595 0.033654327094616042 -0.033141656521487879 -0.026491880811302868 -0.03349737724046039 0.016573259565724918 0.039437099429400213 0.0019414905807451071 -0.030345388042436472 -0.033458350601893838 0.034295757902388098 0.04257074845377902 -0.033308111950421486 -0.034398475907277196 -0.010267885246583803 0.033632759014359505 -0.028409025616207492 0.033235467319481002 0.033457277258554269 -0.023966507738227068 0.030582075784448812 -0.021780519662577505 -0.031929627896797791 -0.010893677310777781 0.040024258602709417 0.034043651256415501 -0.033473845554535545 -0.00017915283294541709
leaf_weight=1.1184150902554395 1.6466533667407919 0.40005479566752911 7.9600860453210753 3.8279718309640876 0.5817458294332053 1.2938980259932575 20.307533122133467 0.50896141584962629 1.7016559951007368 0.75204129097983319 1.4258493529632685 12.320210416801274 0.53164867032319296 1.4058139878325153 6.216609968803823 0.88243513321503986 1.0538938469253469 4.2638804819434881 2.094666823744773 31.236155339982361 9.9802225073799455 1.8664532047696409 3.4237472107633948 0.38689975906163443 3.4615604015998542 0.44787322543561536 1.6023364216089246 0.5305142132565378 0.36540999636054039 0.54624857194721688
leaf_count=206 118 25 1436 311 34 189 3787 33 86 20 141 2457 19 18 1226 60 34 378 50 2845 807 78 218 25 482 18 48 17 65 27
internal_value=0.000506103 0.00972131 0.0164687 -0.0160554 0.0235162 -0.0203009 -0.0248668 -0.0100894 0.00877254 0.0085834 0.0154505 -0.0313432 -0.0127891 -0.0286786 -0.018269 0.0110927 0.0269515 0.0276794 0.0131946 0.0296169 0.0226825 0.00693006 0.021327 0.0285657 -0.0257123 0.0315525 0.0278598 0.028533 0.00650609 0.0298102
internal_weight=124.141 91.0668 72.1742 18.8926 60.5658 11.6084 33.0746 5.61718 3.36632 3.64828 6.17237 12.7203 1.9575 29.7083 9.40078 3.18417 54.9486 53.8947 6.35855 47.5362 16.3 5.87195 4.00549 4.21487 3.97052 10.4281 2.35438 2.30174 0.895924 2.2479
internal_count=15258 9766 6788 2978 5095 1693 5492 633 319 257 496 2482 160 5173 1386 160 4462 4428 428 4000 1155 330 252 336 515 825 68 100 82 113
is_linear=0
shrinkage=0.05


Tree=221
num_leaves=31
num_cat=0
split_feature=10 4 34 3 8 12 3 2 1 14 10 8 13 2 4 0 1 2 21 1 0 7 2 5 22 20 7 10 34 7
split_gain=19.629 14.1057 2.36359 1.17888 1.15522 1.12213 3.15024 1.03375 1.03165 1.04014 1.4971 0.98414 0.77429 0.729106 0.720217 0.375422 0.318805 0.277454 0.24193 0.361317 0.180868 0.181034 0.305602 0.147972 0.145808 0.141083 0.110595 0.067744 0.0505898 0.234181
threshold=0.37538909912109381 0.45912387967109686 0.75714543461799633 0.36673964560031896 -0.33437740802764887 0.29585236310958868 0.49628783762454992 -0.1451584920287132 0.57510215044021618 0.19693709909915927 0.45343953371047979 0.81197750568389904 0.62448227405548107 0.191375806927681 0.61068904399871837 0.20543968677520755 0.4507568776607514 -0.1911029517650604 0.52607163786888134 0.50118878483772289 0.79208919405937206 0.36170502007007604 -0.036635115742683404 0.21518582105636599 0.97918432950973522 0.21519411355257037 0.3333855420351029 0.19448296725749972 0.78035432100296032 0.31814108788967138
decision_type=8 10 8 10 2 8 10 10 8 8 8 2 8 10 8 10 10 8 10 10 10 2 10 8 10 10 2 10 8 2
left_child=1 4 3 -3 -1 6 -4 -5 -2 24 26 16 -13 17 -12 23 -7 -6 -9 -20 21 27 -23 -16 -10 -19 -11 -18 29 -29
right_child=8 2 5 7 13 11 -8 18 9 10 14 12 -14 -15 15 -17 20 25 19 -21 -22 22 -24 -25 -26 -27 -28 28 -30 -31
leaf_value=-0.038999090918657803 0.033587869853575231 -0.033477388265571763 0.03546075385940916 -0.033743849584399382 -0.024478976827608127 0.03406097031605098 -0.033529085098030119 0.034747245658072946 0.03372176740127087 0.001955914152891342 -0.045554167145486976 0.037857665883884166 -0.033442559344489448 -0.033976464780337022 -0.023242689369210461 0.03312080140488937 -0.053810172349977252 0.033372900759322345 0.03378923787125078 -0.033572595445915329 0.02651866920897571 0.03478948219113949 -0.033601054891961996 0.015324817538545383 -0.0066369088847863999 -0.0057008876241845972 -0.034501141386601562 -0.036536262414665149 -0.033389461507780945 0.02045893251794333
leaf_weight=0.63054577913135368 27.669985895976424 1.5531039596535281 2.4881703648716211 0.82449195487424676 0.21491725742816925 0.17899395525455375 4.9396186624653637 2.9411350153386602 5.5293006002902967 0.2325191888958219 0.39391016121953715 0.90311158541589853 0.65833639726042759 0.43196765566244799 0.44486424792557933 3.3411765862256289 0.40030456939712067 14.417251524515441 0.44757586531341065 0.35853077284991741 0.12818794138729472 0.26362330466508865 0.42941484320908685 0.56400738470256329 0.23323263600468624 0.23477828223258335 1.9745673798024652 0.689014325849717 45.413918925449245 0.24406481254845858
leaf_count=45 2832 273 81 96 4 10 802 133 471 4 4 21 135 38 23 294 10 1366 35 44 3 5 56 18 10 5 187 67 8173 13
internal_value=-0.000173365 -0.0147009 -0.0253506 0.00415805 0.0273254 -0.0285361 -0.0104188 0.0169435 0.0281708 0.016381 0.00335944 -0.0312652 0.00779612 0.030059 0.0191869 0.0250494 -0.0325426 0.0319195 0.0280961 0.00382882 -0.0327932 -0.0329535 -0.00758612 -0.00168161 0.0320883 0.0327468 -0.0306603 -0.0333296 -0.0331527 -0.0216281
internal_weight=119.175 78.7911 62.8616 6.12484 15.9295 56.7368 7.42779 4.57173 40.3836 12.7136 6.95104 49.309 1.56145 15.2989 4.74396 4.35005 47.7475 14.8669 3.74724 0.806107 47.5685 47.4403 0.693038 1.00887 5.76253 14.652 2.20709 46.7473 46.347 0.933079
internal_count=15258 11415 9957 581 1458 9376 883 308 3843 1011 530 8493 156 1413 339 335 8337 1375 212 79 8327 8324 61 41 481 1371 191 8263 8253 80
is_linear=0
shrinkage=0.05


Tree=222
num_leaves=31
num_cat=0
split_feature=16 10 30 12 16 10 23 15 7 25 0 2 7 4 10 13 7 11 11 16 20 11 16 6 9 10 11 7 33 3
split_gain=20.3852 11.5321 5.8169 0.918149 0.790228 0.706615 0.704622 0.62088 0.564873 0.51425 0.453084 0.405332 0.340941 0.335737 0.235652 0.143554 0.311703 0.670648 0.2441 0.127079 0.235991 0.121128 0.0932437 0.0755312 0.389342 0.0640923 0.0601944 0.198495 0.0520525 0.0362792
threshold=0.62033009529113781 0.32502411305904394 0.18791685253381732 0.29585236310958868 0.79254809021949779 0.35196548700332647 -0.48498241603374476 0.228391207754612 0.26553532481193548 0.77248218655586254 0.75428903102874767 0.40145154297351843 0.27324503660202032 0.41408814489841467 0.27735257148742681 0.64096337556839 0.29540728032588964 -0.51637518405914296 1.0000000180025095e-35 0.60595834255218517 0.4840314537286759 0.65664985775947582 0.68389844894409191 0.75256043672561657 0.53379085659980785 0.25959107279777532 -0.87038379907608021 0.58578339219093334 0.1297177076339722 0.30495800077915197
decision_type=8 8 8 8 10 10 8 8 2 8 10 10 2 10 10 10 2 8 8 10 10 10 10 2 10 10 10 2 8 8
left_child=10 2 8 12 23 -6 11 -8 -2 14 19 -5 -4 -11 -9 16 21 29 -19 26 25 -15 -10 -3 -25 -21 27 -1 -17 -18
right_child=1 4 3 6 5 -7 7 9 22 13 -12 -13 -14 15 -16 28 17 18 -20 20 -22 -23 -24 24 -26 -27 -28 -29 -30 -31
leaf_value=0.036242544582632347 0.025644306624787474 -0.033517986385718283 0.031388956123632475 -0.033598679349086877 0.033798918345669407 -0.033600976415964226 -0.042627579746394029 0.026724996219518533 -0.033547063223103073 -0.013595279369987077 0.011708930059946577 0.033672792232007524 -0.034253344265251347 0.032837081548929968 -0.033584579178713346 0.0079744719172159025 0.015362126186483969 -0.037406277439229856 0.019094778230095096 -0.0074606149105052658 0.028900720651908868 0.0024984279479434552 0.014011905428698367 0.034921959973450732 -0.033528661718144795 -0.033649600231764491 -0.033573179826567816 -0.033429628279868784 0.033600846920838139 0.033991467257792
leaf_weight=0.133230852894484 0.46033494826406407 10.221287974156438 0.26543521787971236 0.67938173608854391 0.92589926160871872 0.67045630514621735 0.28731707111001059 0.25529892835765977 4.4842179273255169 0.40656126802787085 0.58564092079177399 0.33400176092982292 0.77644305536523461 8.5065453276038134 0.44307760102674365 0.19917086604982992 0.31966086663305726 0.68334932904690449 0.26540163019672036 0.31590068945661076 0.22524461103603233 0.34223268041387278 0.105485439300537 0.25364377908408542 1.1478281891904769 0.89692456391640007 32.087764854542911 0.43931205943226814 38.896164107136421 1.4323726445436478
leaf_count=2 22 1963 15 90 58 94 4 10 807 26 22 26 65 740 60 13 18 42 20 24 10 21 7 5 207 158 6566 102 4058 52
internal_value=-0.000380935 0.0147252 0.024162 0.0289532 -0.0274949 0.00549151 0.0298661 0.0306702 -0.0271581 0.0310772 -0.031897 -0.0114266 -0.0175299 0.0316601 -0.0115378 0.0320234 0.0271257 0.0122577 -0.0216008 -0.032646 -0.0180994 0.0316637 -0.032454 -0.0320255 -0.0211402 -0.0268282 -0.0332865 -0.0172169 0.0334703 0.0305925
internal_weight=107.046 72.3616 59.1425 54.0924 13.2191 1.59636 53.0505 52.0372 5.05004 51.7498 34.684 1.01338 1.04188 51.0515 0.698377 50.6449 11.5496 2.70078 0.948751 34.0984 1.43807 8.84878 4.5897 11.6228 1.40147 1.21283 32.6603 0.572543 39.0953 1.75203
internal_count=15307 8423 6096 5260 2327 152 5180 5064 836 5060 6884 116 80 4990 70 4964 893 132 62 6862 192 761 814 2175 212 182 6670 104 4071 70
is_linear=0
shrinkage=0.05


Tree=223
num_leaves=31
num_cat=0
split_feature=4 13 31 7 11 1 24 8 7 20 4 8 0 9 0 7 30 14 17 0 3 9 22 14 24 6 9 35 9 6
split_gain=10.7553 6.09918 3.96694 3.54403 1.84887 1.46169 1.25974 1.17987 1.14074 1.03399 0.97329 0.822038 0.79958 0.751356 0.682915 0.664795 0.659279 0.617792 0.602935 0.545751 0.435232 0.916791 0.897465 0.411096 0.399627 0.939333 0.895077 0.38619 0.386155 0.465507
threshold=0.50300881266593944 0.66926905512809765 0.40071755647659307 0.3150466531515122 -0.55704998970031727 0.48649403452873236 0.18666049838066104 0.76579961180686962 0.40497589111328131 -0.58620506525039662 0.45912387967109686 0.33287940919399267 0.73183855414390575 0.69855341315269481 0.52384155988693248 0.27442862093448644 0.17924896627664569 -0.25757130980491633 -0.71473482251167286 0.2401416897773743 0.37677036225795751 0.26153616607189184 0.63707223534584057 0.53466147184371959 0.19750226289033893 0.68645793199539196 0.59437924623489391 1.0168830752372744 0.81449115276336681 0.84952053427696239
decision_type=8 10 8 2 10 8 10 2 2 8 10 2 8 10 8 2 8 8 8 10 10 10 8 10 10 2 8 10 10 2
left_child=9 2 -2 16 11 -6 18 8 12 10 -1 14 15 -10 -4 17 -3 -7 -5 -11 -17 -22 -23 -20 25 -24 -27 -19 29 -21
right_child=1 3 4 6 5 7 -8 -9 13 19 -12 -13 -14 -15 -16 20 -18 27 23 28 21 22 24 -25 -26 26 -28 -29 -30 -31
leaf_value=-0.03355165271430597 -0.033152523351068941 0.016772379207322417 0.0291356072184277 0.030010930666470439 -0.033725343316267614 0.029466402721641118 0.029283702012140613 -0.036264887086114271 -0.027344063464871102 0.014579272806887693 0.027477448389612465 -0.028894906003706436 -0.015722051860347131 0.02504746717608089 -0.032817691736750129 0.033549992196531202 -0.033147582005769831 -0.033164295804271722 -0.026851691200372865 -0.033294039673871928 -0.015939718248816296 -0.015680964022693211 0.029606437699016292 0.034076607227934638 0.030067410182333078 -0.032373244748404251 0.032827115004878303 0.033482122018474794 0.00018655467683926775 0.034349440144853222
leaf_weight=1.1064246045425536 3.8813662542961538 0.69808045774698435 1.6133470595814281 0.74205396696925163 1.1825393633916963 1.0654333457350729 4.4510042844340205 0.84416052652522822 1.7889499613083892 0.66605204716325417 1.5951669509522615 2.7246873420663178 1.186000040732323 1.1082762763835488 0.61413541436195362 17.005217377096415 12.585439444519578 1.169707436114549 2.6276332465931764 23.190264429897077 1.3946148399263609 1.2748651513829816 4.5576876890845623 0.30945466551929701 24.763842829503119 1.5017578117549422 0.81045279186218966 0.2669750815257429 0.93667766079306503 0.25716044381260772
leaf_count=209 868 25 119 58 191 77 348 36 264 27 71 333 44 64 75 1613 2681 135 334 4667 195 56 349 12 2216 86 62 8 78 6
internal_value=0.000313451 0.00869083 0.0159482 -0.0146107 0.0188859 0.0213125 0.0113898 0.0224206 0.0232763 -0.0269053 0.00248326 -0.0104759 0.0248872 -0.00730273 0.0120546 0.0257822 -0.0305242 0.000615822 -0.0102582 -0.0300748 0.0270095 0.0237671 0.0254498 -0.0204322 0.0271074 0.0164376 -0.00951987 -0.0207796 -0.0312946 -0.0325522
internal_weight=117.919 90.1677 68.754 21.4137 64.8727 59.9205 8.13015 58.7379 57.8938 27.7517 2.70159 4.95217 54.9966 2.89723 2.22748 53.8106 13.2835 2.50212 3.67914 25.0502 51.3084 34.3032 32.9086 2.93709 31.6337 6.8699 2.31221 1.43668 24.3841 23.4474
internal_count=15307 10249 6791 3458 5923 5396 752 5205 5169 5058 280 527 4841 328 194 4797 2706 220 404 4778 4577 2964 2769 346 2713 497 148 143 4751 4673
is_linear=0
shrinkage=0.05


Tree=224
num_leaves=31
num_cat=0
split_feature=10 4 34 2 2 15 12 11 8 1 11 9 11 20 2 2 10 2 5 35 29 6 12 1 2 20 30 22 5 16
split_gain=18.3078 12.9184 2.18251 1.64023 1.30033 1.15773 2.12005 1.16974 1.09829 0.876787 0.88004 2.14966 0.659079 0.496977 0.480155 0.452135 0.37317 0.263168 0.255013 0.242124 0.195443 0.182179 0.414888 0.197036 0.171114 0.156259 0.132357 0.108267 0.0745654 0.0601826
threshold=0.37538909912109381 0.45912387967109686 0.79882878065109264 0.12238397821784021 -0.1451584920287132 0.26174925267696386 0.29585236310958868 0.81779608130455028 -0.32539874315261835 0.58201491832733165 0.030651496723294262 0.43277314305305487 -0.26842904090881342 -0.46822740137577051 -0.038399212062358849 -0.11659074574708937 0.42322945594787603 -0.1911029517650604 -0.27188462018966669 0.0062619308009743699 -1.605890095233917 0.81297564506530773 0.71021497249603283 0.4507568776607514 0.20625194162130359 0.21519411355257037 0.24591659009456637 0.9741463065147401 -0.025371643714606758 0.43874701857566839
decision_type=8 10 8 10 10 8 8 10 2 8 8 10 8 8 10 10 10 8 10 8 8 2 10 10 8 10 10 10 10 8
left_child=1 8 3 4 -3 6 15 20 -1 24 11 16 -10 -6 -9 -4 -11 -14 -13 -15 -7 23 26 -22 -2 -19 -23 28 -12 -25
right_child=9 2 5 -5 13 7 -8 14 12 10 27 18 17 19 -16 -17 -18 25 -20 -21 21 22 -24 29 -26 -27 -28 -29 -30 -31
leaf_value=-0.034247406566416456 0.033524795246665941 -0.033720962313971814 -0.019110107894951316 -0.034499033624108992 -0.026198118290303357 0.036024596259902286 -0.033053529908741448 -0.033453189544940719 -0.033896932854257454 -0.033463271903268421 0.0012984059527377878 0.014943169842473077 -0.023873922062450356 0.034998160099339926 0.037498812038078581 0.036337309645987935 0.033700262275830249 0.033591191028961645 -0.036661713462277735 -0.018425944243849288 0.033617516287164188 -0.033543300654744049 0.025744938718242828 -0.054108455994297637 -0.0068631024860161581 -0.007056143709992674 0.015598829597967025 -0.0028618902871250986 0.033699968202914758 -0.033428446284286338
leaf_weight=0.69276436138898212 26.533332448452711 1.1127340565435586 0.44524161797016892 2.4520612973719835 0.40318947471678257 0.10368786752223969 3.5491647734306753 0.33041760744526982 0.38982416270300746 0.22117273136973237 0.18403556942939747 0.26727544097229872 0.20740429125726223 3.8077939180657285 0.85665510082617291 2.1099753156304359 3.1855747429654002 13.407450790517023 2.2952846502885222 0.22459048125892866 0.10929806809872289 1.6024959678761654 0.42463626712560643 0.3547997772693664 0.26487206574529665 0.24068419821560461 0.14982904400676478 0.22500280942767847 5.0463946154341102 41.767654185183339
leaf_count=48 2882 137 30 383 44 1 594 64 40 39 4 7 4 174 21 63 292 1360 159 30 9 254 4 1 8 5 8 10 453 8179
internal_value=3.37758e-05 -0.0143606 -0.0247496 -0.00044392 0.0146067 -0.0285033 -0.00805163 -0.0312351 0.0272312 0.0281811 0.016583 0.0033167 0.030221 0.0267304 0.0177496 0.0266757 0.0293399 0.0320249 -0.0312793 0.0320226 -0.0325415 -0.0327016 -0.0185964 -0.0334287 0.0331256 0.0328744 -0.0293415 0.031099 0.0325599 -0.0336026
internal_weight=112.965 74.7424 59.8042 8.00037 5.54831 51.8039 6.10438 45.6995 14.9381 38.2229 11.4247 5.96931 14.2454 4.43557 1.18707 2.55522 3.40675 13.8555 2.56256 4.03238 44.5124 44.4087 2.17696 42.2318 26.7982 13.6481 1.75233 5.45543 5.23043 42.1225
internal_count=15307 11453 9996 768 385 9228 687 8541 1457 3854 964 497 1409 248 85 93 331 1369 166 204 8456 8455 266 8189 2890 1365 262 467 457 8180
is_linear=0
shrinkage=0.05


Tree=225
num_leaves=31
num_cat=0
split_feature=16 10 30 7 16 11 16 10 1 18 0 20 0 25 10 35 4 19 1 8 33 0 3 4 1 3 15 3 8 0
split_gain=18.8002 10.7411 5.54959 0.787813 2.13977 0.993422 0.672123 0.669932 0.54334 0.507502 0.446354 0.348294 0.300132 0.226615 0.165623 0.469371 0.248492 0.115755 0.131169 0.199659 0.0857017 0.0413703 0.283361 0.01826 0.012611 0.00656084 0.00608716 0.00471868 0.00399764 0.0249602
threshold=0.62033009529113781 0.32502411305904394 0.18791685253381732 0.29576836526393896 0.72778779268264782 -0.54615885019302357 0.79254809021949779 0.35196548700332647 0.39353185892105108 0.34419739246368414 0.75428903102874767 -0.71777814626693714 0.62947842478752147 0.98064380884170543 0.26279318332672125 -0.079758368432521806 0.40839375555515295 0.74736836552619945 0.43944746255874639 0.36559705436229711 0.51671525835990917 0.65654677152633678 0.48666319251060491 0.63261190056800853 0.54473429918289196 0.29453875124454504 0.76439240574836742 0.23422964662313464 -0.55660229921340931 0.52384155988693248
decision_type=8 8 8 2 10 10 10 10 10 10 10 8 10 8 10 8 10 8 10 2 10 10 10 10 10 10 10 10 2 10
left_child=10 2 9 8 5 25 21 -8 -4 20 14 -10 24 -14 15 -1 -17 -13 19 -19 -2 28 -23 26 -7 -5 -20 -16 29 -3
right_child=1 6 3 4 -6 12 7 -9 11 -11 -12 17 13 -15 27 16 -18 18 23 -21 -22 22 -24 -25 -26 -27 -28 -29 -30 -31
leaf_value=-0.033504781960505825 -0.033541997780193643 -0.033451804254150425 -0.033543646147950239 0.023263976701348079 0.033673169279435922 -0.040738698891989639 0.033773862449724086 -0.033623022774973498 -0.033590383470050847 0.032682878560939939 0.012627440005229019 -0.0034817602388533112 -0.03171909992447406 0.023550512690535284 -0.0396905115639236 -0.033440127627218937 0.027785032083772549 0.035694451213948798 0.03349647803612852 -0.0090624216767239696 0.0063859908607517384 0.034789276383140229 -0.033589964166477637 0.018605156540743517 -0.03302724335157229 0.034697855153813524 0.024439268476221326 -0.033509645050382612 -0.033502578479376655 -0.0075737877373176126
leaf_weight=2.1511246482841671 4.2823703377507645 0.64407870545983037 0.31504144333302875 0.15018089814111624 6.7168042557314038 0.8655282212421288 0.82581790722906478 0.6661336615215987 0.19909157650545239 0.32248020404949773 0.5593259958550324 0.21974275866523285 0.31977021461352695 0.44156195316463709 0.31213792366907256 0.22928299754857961 0.59787086304277182 0.54034957010298856 38.190485348459333 0.46241644397377968 0.13874668441712845 0.17832046188413997 1.0075598096009342 0.20820588804781337 1.368343887850642 0.7622490543872118 0.18641490209847589 28.782048508524895 8.8669528723694384 0.10894151404500008
leaf_count=472 805 135 44 9 696 23 55 93 25 14 20 17 32 36 18 50 26 16 4096 34 11 4 163 22 149 38 15 6299 1859 11
internal_value=-0.000457697 0.0145156 0.0238547 0.0286709 0.0165582 -0.0128607 -0.0277759 0.00368218 0.0318625 -0.027872 -0.0316541 0.0323776 -0.0267751 0.000336498 -0.0324264 -0.0211963 0.0108137 0.0327075 0.0329084 0.0150552 -0.0322889 -0.0321193 -0.0233078 0.0333724 -0.0360151 0.0328159 0.0334525 -0.033576 -0.0332055 -0.029708
internal_weight=100.619 67.9876 55.6898 50.9462 10.6244 3.90763 12.2978 1.49195 40.3217 4.7436 32.6318 40.0067 2.9952 0.761332 32.0725 2.97828 0.827154 39.8076 39.5879 1.00277 4.42112 10.8059 1.18588 38.5851 2.23387 0.91243 38.3769 29.0942 9.61997 0.75302
internal_count=15287 8402 6082 5252 983 287 2320 148 4269 830 6885 4225 240 68 6865 548 76 4200 4183 50 816 2172 167 4133 172 47 4111 6317 2005 146
is_linear=0
shrinkage=0.05


Tree=226
num_leaves=31
num_cat=0
split_feature=4 13 10 7 10 9 20 18 22 20 4 5 14 27 20 14 11 8 0 9 4 6 5 6 8 16 7 29 16 25
split_gain=10.0946 5.64474 6.36189 3.26654 2.38886 1.76413 1.15957 1.10376 0.927281 0.891193 0.894367 0.85967 0.687574 0.682032 0.941922 0.906928 1.70254 0.98714 0.513391 0.476488 0.468691 0.443655 0.867133 0.425298 0.421489 0.415297 0.350026 0.333257 0.326791 0.310696
threshold=0.50300881266593944 0.67454206943511974 0.39640861749649053 0.31251774728298193 0.28357239067554479 0.47280906140804296 0.044136613607406623 0.33450216054916387 0.80999043583869945 -0.58620506525039662 0.45912387967109686 0.077545236796140685 0.2637022733688355 0.24494961649179461 -0.25183920562267298 -0.29782168567180628 0.005254194838926197 0.33287940919399267 0.2401416897773743 0.80333301424980175 0.49359235167503362 0.82478412985801708 0.12366498634219171 0.84952053427696239 0.76579961180686962 0.75686123967170726 0.32883311808109289 -0.014191347174346445 0.65751573443412792 0.88119658827781688
decision_type=8 10 8 2 10 10 8 8 8 8 10 10 10 10 10 8 10 2 10 10 10 2 8 2 2 10 2 8 8 8
left_child=9 2 4 28 7 -4 -5 -2 -9 10 -1 -7 -8 14 15 26 17 -17 -11 23 -21 24 -23 -20 25 -15 -6 -16 -3 -12
right_child=1 3 5 6 13 11 12 8 -10 18 29 -13 -14 21 27 16 -18 -19 19 20 -22 22 -24 -25 -26 -27 -28 -29 -30 -31
leaf_value=-0.033535275943234674 0.028226423939198116 0.034336153219679172 -0.033505376723463709 0.030547061106435236 0.033667903103361596 0.028328988959945497 -0.021151713518188037 0.031596383615030484 -0.032455860464825861 0.013708675751220209 0.041093660710703611 -0.024508034669253595 0.032531439305076293 0.032818800571236449 -0.032307627510371403 0.033001442625136573 -0.034567930243937874 -0.03164069618241299 -0.033268591215151064 -0.03350893607257327 0.031528197577078108 -0.035251418250365943 0.033726802680516234 0.032731643871968356 -0.034677957016358382 -0.010984437566326758 -0.027385043500698265 0.0336480906786382 -0.033030947815054335 -0.0092879562894907178
leaf_weight=1.0648573748767378 1.5047541614621867 0.18293299712240785 7.2679569027386588 3.6938358754850915 2.9414944993332033 2.2313580717891459 2.7606293307617311 0.67709804419428099 3.4143490167334676 0.66341152507812395 1.0559959430247541 1.1753225866705177 0.76085296692326654 30.825149499345578 0.19723981153219938 2.7061014878563605 2.613603797275573 0.75546830659732211 21.671921646920971 0.5217736642807711 0.59054021257907152 0.74822465889155754 1.1650686152279375 0.24686615774407883 0.23845172394066949 0.55077906744554539 0.25512273143976916 6.604778758250176 11.295346421189606 0.43086191965267073
leaf_count=215 127 5 1509 336 259 61 356 46 511 27 50 185 42 3093 7 153 98 42 4677 82 8 13 110 7 9 18 9 661 2551 20
internal_value=0.00045603 0.00886333 0.0157449 -0.015386 0.0225782 -0.0195893 0.010976 -0.00838925 -0.0218558 -0.0266325 0.0014432 0.0100999 -0.00955291 0.026072 0.0176043 0.00723725 -0.00410608 0.0188937 -0.029656 -0.0309051 0.00102003 0.0301316 0.00675174 -0.0325252 0.0315466 0.0320499 0.0287953 0.0317356 -0.0319573 0.0264941
internal_weight=110.812 84.5659 65.8723 18.6936 55.1977 10.6746 7.21532 5.5962 4.09145 26.2462 2.55172 3.40668 3.52148 49.6015 16.0738 9.27179 6.07517 3.46157 23.6945 23.0311 1.11231 33.5277 1.91329 21.9188 31.6144 31.3759 3.19662 6.80202 11.4783 1.48686
internal_count=15287 10201 6911 3290 5156 1755 734 684 557 5086 285 246 398 4472 1229 561 293 195 4801 4774 90 3243 123 4684 3120 3111 268 668 2556 70
is_linear=0
shrinkage=0.05


Tree=227
num_leaves=31
num_cat=0
split_feature=10 4 6 2 15 12 26 1 14 10 2 6 2 1 0 16 15 6 27 17 2 20 0 10 27 16 19 6 6 17
split_gain=17.0272 12.3732 1.938 2.14458 1.00045 1.94257 1.19569 0.956998 0.788319 1.57435 0.748314 0.707111 0.674415 0.64375 0.640073 0.624679 0.543383 0.370496 0.368575 0.298051 0.20478 0.159004 0.0896003 0.0458316 0.0193165 0.112026 0.0171329 0.010599 0.0266381 0.00940883
threshold=0.37975467741489416 0.45912387967109686 0.80477467179298412 -0.1451584920287132 0.26174925267696386 0.29585236310958868 -1.2702180743217466 0.4507568776607514 0.5140109956264497 0.45343953371047979 -0.19397600740194318 0.63069587945938121 0.15312387049198153 0.53802412748336803 0.75428903102874767 0.54537746310234081 0.39330022037029272 0.14389496296644214 0.14649266004562381 -0.073735672980546937 -0.24681948870420453 0.21519411355257037 inf 0.19448296725749972 0.22740262746810916 0.53222206234931957 0.89331334829330455 0.20922413468360904 0.18704225122928622 0.12578655779361728
decision_type=8 10 2 10 8 8 8 10 8 8 10 2 8 8 10 10 8 2 8 8 10 10 8 10 8 8 10 2 2 10
left_child=1 10 4 -4 5 19 11 -8 26 13 -1 -6 14 -10 21 -5 -11 -18 -9 -3 -21 29 27 -20 25 -25 -2 28 -19 -12
right_child=8 2 3 15 6 -7 7 18 9 16 12 -13 -14 -15 -16 -17 17 22 23 20 -22 -23 -24 24 -26 -27 -28 -29 -30 -31
leaf_value=-0.035088620965612535 0.033572685733508377 0.036551737897309651 -0.033115645075132059 0.035696030338834915 0.032645941662651903 -0.033011172058024382 0.033684042518282394 0.013935155008300705 0.033550816881433611 -0.019983462208639516 0.033573896092896315 -0.033525355397955973 -0.033887856699281106 -0.034680523839202025 -0.044148403303861605 -0.024344775843727982 -0.026510769471966518 0.0335355179406975 -0.050727026760958888 -0.033745911024557193 0.029565579732564087 -0.0076703257751422381 0.0097370950999242124 0.019156561024791234 -0.033550745553549692 -0.033443611787189222 0.019924900514523013 0.033597951680051516 0.01057310928798947 0.026058374511708116
leaf_weight=0.46919540036469598 23.862583785317842 1.7962098885327575 2.5480397585779428 3.0211560213938351 1.1590785551816223 3.2532186503522098 0.54344683513045211 0.41255150875076774 0.43235521204769378 0.58563291188329547 12.637230508029454 0.61951519921421994 0.41237740265205403 1.7246346743777392 0.27744019031524736 0.50573434075340618 0.28191863652318616 0.42404881771653613 0.38510333769954641 0.29586025653406978 0.22473956272006335 0.24087184527888972 0.43546691257506687 0.1185414008796225 40.558098427951336 0.69292437937110662 0.23219494195654888 7.0512482123449445 0.17987681552767754 0.43063570559024889
leaf_count=48 2711 46 429 121 31 557 50 34 47 25 1376 102 43 153 1 29 15 49 11 20 20 6 10 5 8378 146 18 760 15 31
internal_value=-4.23439e-05 -0.0142068 -0.0248332 0.00183563 -0.0280696 -0.00809286 -0.0305707 -0.0322434 0.0283597 0.0173446 0.0270235 0.00959733 0.0291053 -0.021004 0.0310173 0.0270865 0.0265783 0.0298351 -0.0330931 0.0268969 -0.00641475 0.0325842 0.0317985 -0.0335577 -0.0333979 -0.0257596 0.0334412 0.0330535 0.0266963 0.0333262
internal_weight=105.812 70.602 56.1342 6.07493 50.0593 5.57003 44.4893 42.7107 35.21 11.1152 14.4678 1.77859 13.9986 2.15699 13.5862 3.52689 8.95819 8.37256 42.1672 2.31681 0.5206 13.3087 8.09064 41.7547 41.3696 0.811466 24.0948 7.65517 0.603926 13.0679
internal_count=15287 11484 9979 579 9400 643 8757 8624 3803 1074 1505 133 1457 200 1414 150 874 849 8574 86 40 1413 834 8540 8529 151 2729 824 64 1407
is_linear=0
shrinkage=0.05


Tree=228
num_leaves=31
num_cat=0
split_feature=16 10 13 12 16 10 23 15 0 4 2 30 10 6 7 3 16 16 10 11 1 1 1 6 9 1 28 15 3 2
split_gain=17.6847 10.251 5.1133 1.35485 0.648312 0.632165 0.592588 0.516798 0.420836 0.40721 0.388105 0.361307 0.306722 0.302589 0.209339 0.929269 0.552593 0.142946 0.286608 0.192001 0.0565498 0.0338715 0.0285972 0.0269335 0.230027 0.0161082 0.011707 0.00560687 0.0039191 0.00287808
threshold=0.62033009529113781 0.32502411305904394 0.61637628078460704 0.28814187645912176 0.79254809021949779 0.35196548700332647 -0.44837617874145502 0.21821725368499759 0.75428903102874767 0.39936998486518865 0.36603349447250372 0.1385820880532265 0.26630991697311407 0.31307451426982885 0.29576836526393896 0.61017015576362621 0.67546117305755626 0.60090479254722606 0.28010214865207678 0.025636618956923488 0.41808208823204046 0.63609361648559581 0.54054498672485363 0.75256043672561657 0.53379085659980785 0.63084572553634655 0.94456884264945995 0.75890615582466137 0.23422964662313464 0.3341172337532044
decision_type=8 8 8 8 10 10 8 8 10 10 10 8 10 2 2 10 8 8 10 8 10 10 10 2 10 10 8 10 10 10
left_child=8 2 12 13 23 -6 10 -8 17 -9 -5 -11 -2 -4 20 16 -16 28 19 -19 -13 22 -18 -3 -25 27 -24 -22 -1 -30
right_child=1 4 3 6 5 -7 7 9 -10 11 -12 14 -14 -15 15 -17 21 18 -20 -21 25 -23 26 24 -26 -27 -28 -29 29 -31
leaf_value=-0.038937751552413316 0.013789983818728603 -0.033499395761202914 0.03421063228818403 -0.033564689912802877 0.033752074624906855 -0.033600999319588355 -0.04195940082312196 -0.033753725029908713 0.011017143246203455 -0.026122242531445503 0.033650587651702278 0.015938969386801703 -0.033514147138082602 -0.034009151240735253 -0.031143847463795751 -0.028717096248285563 0.013858568005708578 0.034498333544434955 -0.033554536858836928 -0.022329327099324163 0.033545907037365846 0.014156121942198431 0.021677165780982336 0.034804264057177903 -0.033540486580467439 0.017958996569608272 0.0338004559374631 0.025212075130475936 -0.033495459533596818 -0.024248571006194056
leaf_weight=0.33131272112950938 0.37653440609574218 9.006190750282256 0.19256895314902323 0.60439594881609082 0.77862992510199436 0.63047541002742946 0.24497638642787956 0.24259414430707593 0.56151064345613022 0.27328756731003623 0.33313192334026098 0.46821717824786802 3.8111049849539995 1.042529829777777 0.35837669111788018 0.7471524793654688 0.19091420155018468 0.33323124051094666 1.1326446461025623 0.26831821398809552 35.895687553565949 0.24731794279068697 0.20487121632322658 0.13958975300192733 1.0430830663535742 0.16753027820959587 7.1094840941950679 0.2029644101858129 27.737797609297562 0.084405628964303925
leaf_count=23 28 1954 7 89 54 94 1 21 21 32 28 12 778 123 36 38 13 11 245 35 4100 12 26 3 207 18 727 19 6525 9
internal_value=-0.000476492 0.0143862 0.0237497 0.0283243 -0.0281716 0.00361632 0.0296745 0.0304705 -0.0318679 0.0308553 -0.00968107 0.031197 -0.0292608 -0.0233727 0.0315406 0.0246412 0.0295563 -0.0326736 -0.0187412 0.00915063 0.0332044 0.0323623 0.0329623 -0.0325678 -0.0254738 0.0334273 0.0334609 0.0334991 -0.0335318 -0.0334674
internal_weight=94.7608 64.3116 52.7136 48.526 11.598 1.40911 47.2909 46.3534 30.4492 46.1084 0.937528 45.8658 4.18764 1.2351 45.5925 8.85812 8.11096 29.8877 1.73419 0.601549 36.7344 7.75259 7.50527 10.1889 1.18267 36.2662 7.31436 36.0987 28.1535 27.8222
internal_count=15289 8420 6108 5302 2312 148 5172 5055 6869 5054 117 5033 806 130 5001 852 814 6848 291 46 4149 778 766 2164 210 4137 753 4119 6557 6534
is_linear=0
shrinkage=0.05


Tree=229
num_leaves=31
num_cat=0
split_feature=4 10 10 28 23 19 12 7 20 9 11 4 6 8 22 6 2 24 4 30 7 10 10 24 30 7 0 10 22 10
split_gain=9.37326 4.07985 4.14097 2.11639 2.60522 1.51435 1.25712 2.16822 1.2135 1.17376 1.18539 0.976544 0.871918 0.819963 0.794274 0.660446 1.53838 0.627795 0.597086 1.53054 0.650491 0.555141 0.508103 0.498798 0.452019 0.451182 0.309839 0.292848 0.267143 0.409824
threshold=0.5072980821132661 0.40957197546958929 0.28459663689136511 0.90614083409309398 0.22182569652795794 0.81161430478096019 0.400002270936966 0.30219084024429327 -0.58620506525039662 0.47280906140804296 -0.044149620458483689 0.45912387967109686 0.71103578805923473 0.51911392807960521 0.8086003065109254 0.80477467179298412 -0.14055479317903516 0.4003132581710816 0.4921520352363587 0.21738685667514804 0.31884554028511053 0.29645329713821417 0.27967900037765508 0.19750226289033893 0.28071732819080358 0.25929506123065954 1.0000000180025095e-35 0.28731711208820349 0.8541792929172517 0.29938803613185888
decision_type=8 8 10 8 10 8 8 2 8 10 8 10 2 2 8 2 10 8 10 10 2 10 10 8 8 2 10 10 10 10
left_child=8 2 5 15 6 -2 23 27 11 -3 -11 -1 13 21 -7 25 -17 -6 -10 20 22 -9 -20 -5 -14 -4 -12 -8 -27 -30
right_child=1 9 3 4 17 14 7 12 18 10 26 -13 24 -15 -16 16 -18 -19 19 -21 -22 -23 -24 -25 -26 28 -28 -29 29 -31
leaf_value=-0.033518077529502026 0.025646526178271262 -0.033489643551616495 -0.034250131414055925 -0.015825435555698406 0.030672402142838579 0.032605472612214227 0.011451548966048443 -0.035145562381482136 -0.033464225974021093 0.033723741827756268 0.034271884397944749 0.028662248329463749 0.030293915418513041 -0.02675345809883703 -0.031647311682927316 0.033565452096547446 -0.028407879880291649 -0.031543774095977868 -0.025169018839056104 -0.033278529301072474 -0.033353294188177264 0.032853436404891426 0.035888144438538432 0.033535654065369645 -0.034597829267146094 0.032344642490946818 -0.033458212083002682 -0.029126616522117895 -0.020447656062711445 0.032947310815070817
leaf_weight=0.97374842152930829 1.6582065764814586 6.3637129727285338 0.26650498947129264 0.54610302345827222 0.44870237982831807 0.51685020094737488 0.50676796538755731 0.31308937491848876 16.740263725630946 1.6241272194311021 0.18996941298246417 1.7961557162925599 0.36384693067520746 0.69364532991312433 6.9302461594343185 2.5417901314795017 1.6523237428627897 4.2075432799756527 0.41764510865323234 5.1139033827930689 0.6144325342029332 7.2626017727889121 1.8503348224330691 8.1463226482737792 1.0225705963093785 25.138519962318245 1.5191642805002628 3.6260697017423809 0.62118640728294738 0.85262092435732484
leaf_count=213 154 1434 13 21 28 36 37 10 3810 39 5 102 22 48 1401 274 50 878 71 1220 39 664 52 807 145 2716 293 540 73 94
internal_value=0.000473122 0.00942171 0.0137896 0.0186943 0.00849249 -0.0175661 0.015543 0.00615524 -0.0245811 -0.0208998 0.00313619 0.00680301 0.0191268 0.025279 -0.027188 0.0276039 0.00915028 -0.0255483 -0.0280954 -0.0168557 0.0122814 0.0300432 0.0246446 0.0304345 -0.0175678 0.0304834 -0.02593 -0.0241509 0.0311317 0.0104422
internal_weight=104.519 77.0125 67.3155 58.2102 27.1373 9.1053 22.481 13.7886 27.5065 9.69697 3.33326 2.7699 9.65575 8.26934 7.4471 31.0729 4.19411 4.65625 24.7366 7.99632 2.88241 7.57569 2.26798 8.69243 1.38642 26.8788 1.70913 4.13284 26.6123 1.47381
internal_count=15289 9782 8011 6420 3200 1591 2294 1466 5507 1771 337 315 889 722 1437 3220 324 906 5192 1382 162 674 123 828 167 2896 298 577 2883 167
is_linear=0
shrinkage=0.05


Tree=230
num_leaves=31
num_cat=0
split_feature=10 4 6 2 15 12 26 8 31 9 8 10 15 2 6 9 11 3 21 2 8 7 20 34 4 2 2 10 14 4
split_gain=15.7326 11.5404 1.88247 2.05769 1.06531 1.7391 1.16187 0.933112 0.81833 0.848485 0.727641 0.711437 0.891262 0.550163 0.502755 0.499164 0.493204 0.455036 0.373348 0.21989 0.195046 0.150395 0.144502 0.142216 0.51785 0.0584334 0.0477927 0.0390126 0.0202277 0.0105322
threshold=0.37538909912109381 0.45912387967109686 0.80477467179298412 -0.14055479317903516 0.26174925267696386 0.29585236310958868 -1.2702180743217466 -0.32539874315261835 1.0701794624328616 0.69437015056610119 0.7000689208507539 0.45343953371047979 0.64055895805358898 -0.11812350526452063 0.14389496296644214 0.6539520025253297 -0.26362131536006922 0.51134401559829723 0.18672361969947818 -0.1911029517650604 0.14963899552822116 0.3333855420351029 0.21519411355257037 0.75015017390251171 0.50792214274406444 0.14103697985410693 -0.084342863410711275 0.19448296725749972 -0.045835850760340684 0.48740535974502569
decision_type=8 10 2 10 8 8 8 2 8 10 2 8 8 10 2 10 10 8 8 8 2 2 10 8 10 8 10 10 8 10
left_child=1 7 4 -4 5 13 10 28 -2 11 -6 12 20 -3 -13 -5 -9 -11 -8 -18 -10 -14 -21 24 -20 26 -19 -25 -1 -7
right_child=8 2 3 15 6 29 18 16 9 17 -12 14 21 -15 -16 -17 19 25 23 22 -22 -23 -24 27 -26 -27 -28 -29 -30 -31
leaf_value=-0.040486482044139183 0.033510312432649673 -0.024793249931848685 -0.033530216239951165 -0.023678606101589519 -0.031140861592539815 -0.016996007146312671 0.015162769491349221 -0.033756390088127912 -0.011278577366167344 0.033570523218236566 0.036596661242859096 -0.033851440976664593 0.0084096152570207108 0.036003703721860875 0.033653190691490767 0.03561125408311993 -0.019959548406168801 -0.034052956087304763 0.025071318701728615 0.033563324873458013 0.033905909499644581 -0.03450156046505639 -0.0067026776234605486 -0.049961007858047142 -0.033486855471980416 -0.043445281088940399 -0.0042098385772706927 -0.033429127092096639 -0.02098158819269224 -0.033498507004448487
leaf_weight=0.38971585803665221 21.823313917499036 0.4595357473008338 2.2932699909433722 0.40526311192661468 0.64928067848086346 0.10012282803654704 0.40879617258906265 0.29238566453568537 0.2859279406256946 0.33140385895967361 1.0181608051061628 0.28731529181823212 0.24746666662395034 1.9558433112688387 6.8954276228323579 2.8619860471226275 0.20069475471973419 0.30552832083776582 0.48558168439194727 11.888862149324261 1.4501053863205013 1.1675804364494977 0.22706666961312372 0.36032488918863137 1.6969237523153422 0.61405227240174998 0.23918047314509772 37.133757016388699 0.20172741799615401 2.8156187585555017
leaf_count=19 2712 31 414 25 104 17 32 35 30 35 25 16 9 66 746 127 5 19 39 1364 110 137 5 7 336 11 23 8229 28 533
internal_value=-4.31933e-05 -0.0142563 -0.0247382 0.00277474 -0.0279874 -0.00693972 -0.0306748 0.0275461 0.0277707 0.0171773 0.0102205 0.0222635 0.00245631 0.0244368 0.030953 0.0282571 0.0304252 -0.0180942 -0.032376 0.0319489 0.0264639 -0.0269972 0.0328087 -0.0328658 -0.0204584 -0.0328702 -0.0209489 -0.033588 -0.0338338 -0.0329318
internal_weight=99.4922 65.8449 52.6445 5.56052 47.0839 5.33112 41.7528 13.2005 33.6473 11.824 1.66744 10.3338 3.15108 2.41538 7.18274 3.26725 12.609 1.49016 40.0854 12.3166 1.73603 1.41505 12.1159 39.6766 2.18251 1.15876 0.544709 37.4941 0.591443 2.91574
internal_count=15289 11441 9985 566 9419 647 8772 1456 3848 1136 129 1048 286 97 762 152 1409 88 8643 1374 140 146 1369 8611 375 53 42 8236 47 550
is_linear=0
shrinkage=0.05


Tree=231
num_leaves=31
num_cat=0
split_feature=16 10 30 7 16 11 7 4 0 13 6 9 13 0 12 23 2 10 35 16 15 4 0 10 4 12 3 7 15 15
split_gain=16.4634 9.36733 4.64203 0.801099 2.11526 0.754641 0.511915 0.449859 0.422087 0.365805 0.363226 0.732834 0.349874 0.158114 0.175967 0.156819 0.156625 0.131425 0.373245 0.19815 0.111887 0.053781 0.072514 0.0360726 0.0344822 0.0104292 0.0094456 0.00725421 0.00629321 0.00468925
threshold=0.62033009529113781 0.32801096141338354 0.18791685253381732 0.29576836526393896 0.73150852322578441 -0.54615885019302357 0.26553532481193548 0.39936998486518865 0.75428903102874767 0.59369555115699779 0.73691895604133617 0.52826452255249035 0.69798219203948986 0.6421189308166505 0.18839196115732196 -0.67850965261459339 -0.24681948870420453 0.26279318332672125 -0.10546744987368582 0.51462826132774364 0.60087808966636669 0.43548877537250524 0.47664731740951544 0.32905268669128424 0.63261190056800853 0.28030642867088323 0.33300288021564489 0.2960823923349381 0.75890615582466137 0.21821725368499759
decision_type=8 8 8 2 10 10 2 10 10 8 2 10 10 10 10 8 10 10 8 10 10 10 10 8 10 8 10 2 10 8
left_child=8 2 6 7 5 26 -2 -4 17 16 23 -12 13 27 -15 -11 -9 18 -1 -20 -8 22 -17 -3 25 -23 -5 -7 -27 -29
right_child=1 10 3 4 -6 12 20 9 -10 15 11 -13 -14 14 -16 21 -18 -19 19 -21 -22 24 -24 -25 -26 28 -28 29 -30 -31
leaf_value=-0.033494478538896352 0.026028398683827603 -0.0075812046211607672 -0.033620400023801712 0.021705791089095476 0.033684986360433343 -0.043280433288991234 -0.033517564968557331 0.025970122620480426 0.012893427557541718 -0.0075380902761036503 0.034048350423598876 -0.033528277554419755 0.03351628890632203 0.025651639744185661 -0.033657891483620271 0.033597495161622401 -0.033544499140779546 -0.033541168027753997 -0.033435899624461647 0.024796637660077003 0.019849728778047006 0.021077350078506953 0.0035440274479754384 -0.033458419289649953 0.012829121897004275 0.03351025604177698 0.034609493973296677 -0.041160624149933017 0.024072475060439059 -0.033705698747436827
leaf_weight=1.8900697338394818 0.41984344134107399 0.13685012143104991 0.26228933525271614 0.19135632831603322 6.1065313201397657 0.27313133049756233 3.7451160333584999 0.17549969162791967 0.52308167330920596 0.24057174124754965 0.64849179424345393 1.0520431378390638 0.23473929241299618 0.24518704973161209 0.25526115391403437 0.45234337449073692 0.29870644747279484 25.341466107172891 0.20221888367087304 0.5262521377298981 0.10085781384259451 0.17089764541015606 0.36080788029357791 8.4680300075560808 0.20499678421765466 33.457648250740014 0.54785916721448302 0.23951795790344343 0.17757061356678505 1.7678558428306148
leaf_count=468 22 18 27 16 701 2 807 7 19 29 33 218 29 15 28 17 49 6285 48 28 7 8 25 1977 26 4089 29 2 17 202
internal_value=-0.000284463 0.014527 0.0234851 0.0281449 0.0155263 -0.0140048 -0.0263953 0.0316207 -0.0316067 0.0321022 -0.0288739 -0.00775822 -0.0251025 -0.0300504 -0.00460008 0.0326921 -0.0115186 -0.0324392 -0.0217751 0.00863166 -0.032118 0.03297 0.0202623 -0.0330469 0.0332739 0.0333978 0.0312692 -0.0356354 0.0334604 -0.0345952
internal_weight=88.7171 60.234 49.9286 45.6628 9.86144 3.75491 4.26582 35.8013 28.4831 35.539 10.3054 1.70053 3.01569 2.78095 0.500448 35.0648 0.474206 27.96 2.61854 0.728471 3.84597 34.8243 0.813151 8.60488 34.0111 33.8061 0.739215 2.28051 33.6352 2.00737
internal_count=15248 8400 6154 5318 1024 323 836 4294 6848 4267 2246 251 278 249 43 4211 56 6829 544 76 814 4182 42 1995 4140 4114 45 206 4106 204
is_linear=0
shrinkage=0.05


Tree=232
num_leaves=31
num_cat=0
split_feature=4 13 10 7 10 30 24 14 29 34 26 21 11 16 6 0 0 3 6 14 8 2 19 0 2 2 16 7 6 8
split_gain=8.62523 4.66828 5.70026 3.0442 2.21374 1.21091 1.00175 0.890082 0.781081 0.665697 1.08861 0.894958 0.627276 0.52027 0.496341 0.472303 0.452982 0.508325 0.444398 1.21289 0.499165 0.379694 0.935593 0.363159 0.32171 0.304991 0.25346 0.248331 0.247791 0.21658
threshold=0.50300881266593944 0.67534381151199352 0.39640861749649053 0.31251774728298193 0.28357239067554479 0.21738685667514804 0.18666049838066104 -0.56357410550117482 0.35709108412265783 0.79882878065109264 -0.23031995445489881 0.59807351231575023 0.60257199406623851 0.58606091141700756 0.70377770066261303 0.2401416897773743 0.64405715465545665 0.41590303182601934 0.53344047069549572 -0.29218366742134089 0.38695839047431951 -0.1784875616431236 0.70205217599868786 0.71573713421821605 -0.13577233999967572 -0.14877077937126157 0.64623767137527477 0.49995398521423345 0.5216367542743684 0.36559705436229711
decision_type=8 10 8 2 10 8 10 8 8 10 10 8 8 8 2 10 10 10 2 8 2 10 8 10 10 10 8 2 2 2
left_child=7 2 4 -3 5 -2 14 12 -4 10 11 24 25 -7 27 -9 17 28 20 -20 -13 22 -17 -12 -6 -1 -8 29 -10 -5
right_child=1 3 8 6 9 13 26 15 16 -11 23 18 -14 -15 -16 21 -18 -19 19 -21 -22 -23 -24 -25 -26 -27 -28 -29 -30 -31
leaf_value=-0.013981768507834072 0.032276554704420493 -0.032344977374789252 -0.032203250331314721 0.024765508479250187 0.017679503527599384 0.0207558108524152 -0.016882931593704711 0.01291314215011995 0.013763757813335442 0.031737663842392391 0.031752226042254916 0.033526301813447977 -0.028864509425660691 -0.032084064641967197 -0.033562337733520541 0.033412660187755176 -0.033895345408347273 0.024856404791129542 0.033096780862199415 -0.025480727170294121 -0.013434542010250516 -0.033480502400603185 -0.031945498331946577 -0.031684125084472714 -0.029032232908934724 0.040883224575467808 0.033126903855344572 -0.033531044462192891 -0.034444019292954063 -0.023856110152232234
leaf_weight=0.34561044909060001 1.2816137047484506 9.9577576424926537 5.6398496299516392 1.2188586778938764 0.4602968706749383 0.54770474694669269 0.27437467500567436 0.63625367730856552 0.40455380920320816 22.426706763915718 10.597838611807671 3.6938710473477849 0.8600299148820344 3.1170545460190624 1.269355942495167 0.76591962575913486 0.888315756805241 1.6608528110664336 1.6913746935315428 1.8505271917674693 0.66823137924075116 17.762755182338871 1.9205570882186291 0.23051824793219644 1.8502144911326475 0.94836933631449916 3.3080227188766007 0.30993637489154924 0.78144623246043921 0.28202994214370836
leaf_count=12 111 2532 1323 81 34 48 13 28 24 2568 1169 274 162 544 233 11 156 129 166 107 41 4410 409 4 70 54 326 60 121 28
internal_value=0.000206968 0.00851143 0.0152276 -0.0148414 0.0221376 -0.00955723 0.0113192 -0.0263834 -0.0204582 0.0257441 0.0193564 0.00764722 0.00423202 -0.0241871 -0.00958954 -0.0295109 -0.00272408 0.00700242 0.0156491 0.00249196 0.0263324 -0.0308309 -0.0133118 0.0304018 -0.0197264 0.0262293 0.0292967 0.00721496 -0.018 0.0156291
internal_weight=97.6508 74.4113 57.791 16.6203 48.416 4.94637 6.66258 23.2395 9.37502 43.4696 21.0429 10.2145 2.15401 3.66476 3.08018 21.0855 3.73517 2.84685 7.904 3.5419 4.3621 20.4492 2.68648 10.8284 2.31051 1.29398 3.5824 1.81082 1.186 1.50089
internal_count=15248 10162 6889 3273 5136 703 741 5086 1753 4433 1865 692 228 592 402 4858 430 274 588 273 315 4830 420 1173 104 66 339 169 145 109
is_linear=0
shrinkage=0.05


Tree=233
num_leaves=31
num_cat=0
split_feature=10 4 34 2 2 8 15 0 11 11 5 6 20 4 10 9 2 0 2 35 29 6 20 22 29 7 11 10 16 4
split_gain=15.2838 10.8921 1.77017 1.26734 1.18315 0.93336 0.885286 1.66535 0.948649 0.624671 0.59354 0.549686 0.404352 0.392161 0.614189 0.630803 0.367954 0.267221 0.226438 0.18189 0.16321 0.130752 0.112967 0.0808185 0.564502 0.0420255 0.136672 0.033495 0.032497 0.0204702
threshold=0.38288959860801702 0.45912387967109686 0.79882878065109264 0.12238397821784021 -0.14055479317903516 -0.32539874315261835 0.26174925267696386 0.5600390136241914 0.81779608130455028 -0.26362131536006922 -0.22638686001300809 0.71922203898429882 -0.46822740137577051 0.75385913252830516 0.50306022167205822 0.46428979933261877 -0.02399119175970554 0.75428903102874767 -0.1911029517650604 0.0062619308009743699 -1.605890095233917 0.48309960961341863 0.21519411355257037 0.80533063411712658 -0.089857097715139375 0.36550682783126837 -0.10851492360234259 0.19448296725749972 0.44999380409717565 0.71264541149139415
decision_type=8 10 8 10 10 2 8 10 10 10 8 2 8 8 8 10 10 10 8 8 8 2 10 10 10 2 10 10 8 10
left_child=1 5 3 4 -3 -1 7 11 17 -7 -2 -4 -6 23 15 -15 -10 20 -11 -14 -8 -17 -20 29 -25 27 -27 -22 -29 -12
right_child=10 2 6 -5 12 9 8 -9 16 18 13 -13 19 14 -16 21 -18 -19 22 -21 25 -23 -24 24 -26 26 -28 28 -30 -31
leaf_value=-0.033603393195154076 -0.01676776498230563 -0.033725135415870987 -0.033459382096394395 -0.034442476888265641 -0.025100728373618871 -0.033843708683833552 0.03552958349442295 -0.033535751252436928 -0.033431540943287145 -0.022907761388064409 0.033435213491056562 0.035645070713489012 0.034808242265909076 0.034158789397272092 0.034145202023652767 -0.033742273096046778 0.036979908390672687 0.0037634151071121516 0.03354967880316595 -0.01714327984014884 -0.048426548291110101 0.011404061024792149 -0.0041225087430028281 0.033706472607954334 -0.035356675761914251 -0.033561560310096508 0.025311355803326274 -0.004418682306304743 -0.033172127072058875 0.027767023682862664
leaf_weight=0.60527704493142742 0.69547172961756587 1.0410478613339358 0.34248415380716357 1.9729139218106864 0.34172880882397294 0.37132575758732755 0.086990490555763245 2.8949083804618567 0.25286858575418591 0.18469672743231058 22.135555609129383 1.8012214824557302 3.139680027030411 0.6536225583404297 2.0461472854949534 1.0300326177384702 0.69689587689936061 0.50453928206115861 11.415384707506739 0.17803486529737744 0.35972797009162505 0.18995367223396886 0.2025287728756674 1.9452927233651283 0.34895401448011298 0.4008748373016715 0.1307275015860786 0.09853970073163909 35.375669948756688 1.7163525959476817
leaf_count=48 32 147 66 373 44 43 1 535 60 4 2935 70 183 38 201 115 20 23 1399 29 10 15 4 212 19 65 11 11 8344 191
internal_value=5.39521e-05 -0.0141657 -0.0247672 -0.00080986 0.0133066 0.0269978 -0.02849 -0.00879956 -0.0311073 0.0300108 0.0288979 0.0246048 0.0266863 0.0299542 0.015206 -0.00547737 0.0182333 -0.0323753 0.0320197 0.0320204 -0.0328755 -0.0267129 0.032893 0.0321652 0.023202 -0.0330392 -0.019084 -0.0332462 -0.0330923 0.0330273
internal_weight=93.1594 62.3981 49.6189 6.67341 4.70049 12.7792 42.9454 5.03861 37.9068 12.1739 30.7614 2.14371 3.65944 30.0659 3.91976 1.87361 0.949764 36.9571 11.8026 3.31771 36.4525 1.21999 11.6179 26.1462 2.29425 36.3655 0.531602 35.8339 35.4742 23.8519
internal_count=15248 11490 9992 776 403 1498 9216 671 8545 1450 3758 136 256 3726 369 168 80 8465 1407 212 8442 130 1403 3357 231 8441 76 8365 8355 3126
is_linear=0
shrinkage=0.05


Tree=234
num_leaves=31
num_cat=0
split_feature=16 10 13 12 23 15 0 10 2 30 13 1 1 15 7 16 11 0 10 35 15 8 0 1 1 30 0 3 7 3
split_gain=15.4956 8.7707 4.4594 1.11591 0.504328 0.453408 0.381876 0.360413 0.340517 0.340015 0.330637 0.390273 0.290343 0.254604 0.228319 0.849028 0.461166 0.346539 0.156438 0.399339 0.161728 0.10579 0.102606 0.0358196 0.0341886 0.0312112 0.0232061 0.202758 0.00637193 0.00338187
threshold=0.62033009529113781 0.32801096141338354 0.61637628078460704 0.28564789891242987 -0.42341248691081995 0.21821725368499759 0.75428903102874767 0.26630991697311407 0.36603349447250372 0.1385820880532265 0.79504406452178966 0.6761603355407716 0.39353185892105108 0.54966557025909435 0.29576836526393896 0.68594875931739818 -0.59378764033317555 0.61571368575096141 0.26279318332672125 -0.079758368432521806 0.55284607410430919 -0.31071461737155909 0.59758874773979198 0.41808208823204046 0.63084572553634655 0.15204408019781115 0.65654677152633678 0.4896084070205689 0.2960823923349381 0.23422964662313464
decision_type=8 8 8 8 8 8 10 10 10 8 10 10 10 10 2 10 10 10 10 8 10 2 10 10 10 8 10 10 2 10
left_child=6 2 7 13 8 -6 18 -2 -5 -7 26 -12 -11 -4 23 16 -16 28 19 -1 22 -19 -21 -14 25 -25 -3 -28 -18 -20
right_child=1 10 3 4 5 9 -8 -9 -10 12 11 -13 14 -15 15 -17 17 21 29 20 -22 -23 -24 24 -26 -27 27 -29 -30 -31
leaf_value=-0.03348160557080726 0.015615986146762673 -0.033442866061197493 -0.033938705965410251 -0.033543990059042926 -0.040763819469237947 -0.03357864570947592 0.010118434940706727 -0.033491810396082781 0.033617104027668487 -0.033563211313674908 0.033790737488710955 -0.033475379058895832 0.019106773822850025 0.034139895729736774 0.032506101213084622 0.033522004454603377 -0.042722338619934366 0.033602397239134087 -0.039022668685153084 -0.033433753808854175 0.033376798324841049 -0.011913310922687992 0.024608609633190705 0.010774290997325844 0.011259984586106848 0.033533544470636154 0.032757224135661581 -0.033524339772071379 -0.03355658310922912 -0.033480940334106986
leaf_weight=1.6909489727113394 0.41958291037008111 7.403677840949964 0.86853175400756544 0.52446588175371289 0.22358234226703666 0.20511692855507135 0.54085766803473134 3.4113194465171546 0.29482499556615949 0.17360473447479208 0.42994097061455328 0.43260047002695501 0.4505949392914762 0.16313046868890524 0.63202553987503085 5.8407644159160554 0.25720512866973766 0.30306230578571558 0.27853684942238288 0.22755895764567613 0.38017763406969607 0.22057884791865945 0.11443066038191319 0.15136010199785621 0.17493505915626784 31.566359933465723 0.13087762892246224 0.97442182642407715 0.72156513785012066 23.689148803707212
leaf_count=455 30 1883 121 87 1 33 21 793 28 20 28 95 14 6 40 725 1 30 17 55 16 18 6 8 22 4105 3 198 72 6306
internal_value=-0.000299959 0.0146922 0.0235677 0.0281966 0.0294663 0.030244 -0.031471 -0.0281132 -0.00937581 0.0306341 -0.0294438 5.39774e-05 0.0309594 -0.0231739 0.0312372 0.02366 -0.00332696 -0.018401 -0.0323236 -0.0201891 0.0109351 0.0144293 -0.0140126 0.0331056 0.0333034 0.0334249 -0.032434 -0.025676 -0.0359652 -0.0335453
internal_weight=82.8958 55.9741 46.6026 42.7717 41.74 40.9208 26.9217 3.8309 0.819291 40.6972 9.37152 0.862541 40.4921 1.03166 40.3185 7.9752 2.13444 1.50241 26.3808 2.41312 0.722167 0.523641 0.34199 32.3433 31.8927 31.7177 8.50898 1.1053 0.97877 23.9677
internal_count=15237 8361 6154 5331 5204 5089 6876 823 115 5088 2207 123 5055 127 5035 886 161 121 6855 532 77 48 61 4149 4135 4113 2084 201 73 6323
is_linear=0
shrinkage=0.05


Tree=235
num_leaves=31
num_cat=0
split_feature=4 13 10 7 11 9 24 8 10 12 5 17 30 6 7 3 4 10 10 5 6 12 6 28 10 16 34 22 16 7
split_gain=8.25486 4.551 5.17554 2.81924 1.65025 1.01294 0.977536 0.904261 0.88157 0.746319 0.70846 0.625361 1.25119 2.48106 0.979841 0.821429 0.541844 1.09989 0.735731 0.541106 0.459239 0.456145 0.455649 0.404657 0.33656 0.32806 0.318781 0.306624 0.255798 0.230134
threshold=0.50300881266593944 0.67246571183204662 0.40597115457057958 0.31251774728298193 -0.59378764033317555 0.53893038630485546 0.18666049838066104 0.76579961180686962 0.30951426923274999 0.77943429350852977 0.060642614960670478 -0.27622385323047632 0.22225040942430499 0.68645793199539196 0.29253675043582922 0.47651383280754095 0.4921520352363587 0.28156009316444403 0.31881941854953771 0.16818015277385714 0.70377770066261303 0.081134758889675154 0.59064516425132763 0.81430172920227062 0.39640861749649053 0.65751573443412792 0.94260263442993175 0.92907238006591808 0.64623767137527477 0.49995398521423345
decision_type=8 10 8 2 10 10 10 2 10 10 8 8 8 2 2 10 10 10 10 8 2 10 2 8 10 8 10 10 8 2
left_child=9 2 4 25 8 -4 20 11 -2 16 -7 24 15 14 23 -13 26 -18 -19 -15 29 -21 -12 -14 -6 -3 -1 -16 -8 -5
right_child=1 3 5 6 7 10 28 -9 -10 -11 22 12 13 19 27 -17 17 18 -20 21 -22 -23 -24 -25 -26 -27 -28 -29 -30 -31
leaf_value=-0.033282197352075556 -0.03263572685017551 0.034293103819584551 -0.033251170885719196 0.014678756840051819 0.033363077287716474 0.040195233499211655 -0.017149751109065123 -0.035943280984191417 0.033656425011184321 0.042482312964589639 0.034012357896307917 -0.035897125766248358 0.035083250847863297 -0.035098900141116975 0.033908545599190786 0.033199951352660226 -0.032851219858751723 0.031697354716761293 -0.03344345466237654 -0.033647271619554289 -0.033543280026647193 0.033585980390141483 -0.034146465585291892 -0.03028173588579347 -0.034025610269388516 -0.033014035522111775 0.033535281610603651 -0.011122854427710945 0.033085837608648298 -0.033516045221585453
leaf_weight=15.686530871316794 2.0085111020598556 0.18456996232271283 5.6072391588240853 1.4464649027213448 16.955367853865031 0.92083416506648064 0.27532211411744356 0.61289834044873615 0.66839102702215303 0.38353104679845174 0.32715779636055253 0.44487550295889633 0.3075792365707436 2.8868819710332891 6.7782839322462678 12.968892632052301 3.1597036249004296 1.5509634681511673 0.60159816313534964 0.41952120978385232 1.221749573247507 0.63281071139499545 0.9788409227039665 1.0285788329783827 0.18732723779976268 9.4624357980210334 0.18056059954688031 0.40034767426550377 3.1831126296892767 0.29887702898122359
leaf_count=3998 378 5 1462 112 2069 21 14 18 62 11 13 7 18 154 670 1538 810 71 156 43 243 66 175 94 11 2591 21 9 335 62
internal_value=0.000416351 0.00872707 0.0156636 -0.0146359 0.0220229 -0.021921 0.0110229 0.0243613 -0.0160834 -0.0266426 0.00660876 0.0252206 0.0203126 0.00890026 0.0240796 0.0309083 -0.0278944 -0.0140728 0.0134918 -0.0239105 -0.0100322 0.00678286 -0.0170724 -0.0152349 0.0326267 -0.0317263 -0.0325218 0.0313972 0.0290866 0.00642575
internal_weight=91.7698 70.2069 54.1343 16.0725 46.3003 7.83407 6.42553 43.6234 2.6769 21.5629 2.22683 43.0105 25.8678 12.454 8.51479 13.4138 21.1794 5.31227 2.15256 3.93921 2.96709 1.05233 1.306 1.33616 17.1427 9.64701 15.8671 7.17863 3.45843 1.74534
internal_count=15237 10170 6808 3362 5137 1671 766 4697 440 5067 209 4679 2599 1054 791 1545 5056 1037 227 263 417 109 188 112 2080 2596 4019 679 349 174
is_linear=0
shrinkage=0.05


Tree=236
num_leaves=31
num_cat=0
split_feature=34 7 1 2 11 13 0 3 2 8 4 11 9 18 4 2 2 0 4 18 2 7 16 7 3 34 7 6 6 0
split_gain=12.9426 5.67765 3.70263 1.74989 1.46582 0.975988 1.49098 1.47529 0.838603 0.709429 0.65609 0.723643 1.1555 0.513162 0.503619 0.407769 0.400226 0.373949 0.294097 0.293676 0.265065 0.251958 0.22561 0.171856 0.163229 0.154373 0.152017 0.151063 0.135722 0.0823574
threshold=0.75714543461799633 0.36550682783126837 0.43944746255874639 0.16519796103239062 0.81779608130455028 0.57237857580184948 0.5600390136241914 0.37308228015899664 -0.15655481815338132 -0.058284014463424676 0.59344816207885753 0.075668264180421843 0.40932843089103704 0.82952389121055614 0.70665037631988536 -0.099276378750801073 -0.19397600740194318 0.5518704652786256 0.45912387967109686 0.18952623754739764 0.17052572220563891 0.34813773632049566 0.60595834255218517 0.33688920736312872 0.31990906596183782 0.81053349375724804 0.40497589111328131 0.83239436149597179 0.24724923819303515 0.72704827785491954
decision_type=8 2 10 10 10 8 10 10 10 2 8 10 10 8 10 10 8 10 10 8 10 2 8 2 10 10 2 2 2 8
left_child=3 2 16 8 5 6 7 -4 23 -9 -3 12 25 18 19 -6 -2 -16 -8 22 -18 -20 -7 -1 28 -12 -5 29 -10 -21
right_child=1 10 4 26 15 14 13 9 24 -11 11 -13 -14 -15 17 -17 20 -19 21 27 -22 -23 -24 -25 -26 -27 -28 -29 -30 -31
leaf_value=-0.033782751956492975 -0.035838027967863006 0.033311522639666434 -0.031676815036231092 -0.033528019098776667 -0.033429691415237085 0.034654516078769203 0.033524994492123664 -0.033429233023081456 0.033486466771725398 0.034056776415100763 0.033190961378457555 0.031484671817272561 -0.034877976198028224 0.010690852677780483 -0.032474805023861859 0.035350130325385275 0.033881433872538218 0.033705325144465406 -0.033955909832902163 -0.033119776338899419 -0.029412191153122619 0.030899063923241956 -0.033499910703576066 0.028366265007499638 0.033049981537844088 -0.017419400269759969 0.033561083520902639 0.029218917586688015 -0.033467547460361409 -0.009314887717241694
leaf_weight=0.58611222077161684 0.23973132250830531 5.1594786164350781 1.6942731018643815 1.1897215219214547 0.25902372994460154 0.28972655348480403 0.17144379857927461 0.44748749909922514 0.1364127653650965 3.0011549501214176 1.2004308355972182 1.9851819667965172 1.6947400919161735 0.80305176787078281 0.36321804253384371 1.2822464182972897 3.4653176981955767 0.51766167907044291 7.615552986972034 28.497124366927899 0.17370598716661323 0.15275929961353529 0.20903188595548272 0.13728855364024639 25.103745131287724 0.17229826445691276 0.090886717196553835 0.098469196585937335 0.17003455315716565 0.36802991153672238
leaf_count=86 9 652 410 268 64 5 22 109 20 262 122 224 164 15 46 65 367 49 1597 7037 23 4 43 19 3425 29 10 5 31 55
internal_value=-0.000152886 -0.0131831 -0.0201668 0.0282996 -0.0241416 -0.025812 -0.0148324 0.00652963 0.031096 0.0253 0.02077 0.00796331 -0.00725907 -0.0273985 -0.0308365 0.0237911 0.0267378 0.0064169 -0.031251 -0.0319503 0.0308602 -0.0326806 0.00609069 -0.021988 0.0326072 0.0268386 -0.0287666 -0.0326054 -0.00366346 -0.0328163
internal_weight=87.2753 59.8611 49.649 27.4142 45.7703 44.229 13.8857 5.14292 26.1336 3.44864 10.2121 5.05265 3.06747 8.74281 30.3433 1.54127 3.87876 0.88088 7.93976 29.4624 3.63902 7.76831 0.498758 0.723401 25.4102 1.37273 1.28061 28.9636 0.306447 28.8652
internal_count=15237 11378 10187 3859 9788 9659 2419 781 3581 371 1191 539 315 1638 7240 129 399 95 1623 7145 390 1601 48 105 3476 151 278 7097 51 7092
is_linear=0
shrinkage=0.05


Tree=237
num_leaves=31
num_cat=0
split_feature=16 10 30 13 7 16 11 7 0 4 6 9 12 5 13 7 16 10 15 11 2 4 6 3 0 12 0 15 23 4
split_gain=14.3776 8.33576 4.2529 0.650459 0.544946 1.53137 0.675182 0.428468 0.380958 0.334815 0.334269 0.310717 0.252282 0.248943 0.244648 0.347651 0.128157 0.179767 0.0937782 0.0508958 0.152339 0.0400322 0.0358574 0.219486 0.0177532 0.00870655 0.00720365 0.00711669 0.00621277 0.0054576
threshold=0.62033009529113781 0.32801096141338354 0.18791685253381732 0.61125853657722484 0.29576836526393896 0.73150852322578441 -0.54615885019302357 0.26187233626842504 0.75428903102874767 0.4433963149785996 0.68930673599243175 0.33879350125789648 0.50143277645111095 0.23995012044906619 0.79504406452178966 0.34591461718082434 0.60595834255218517 0.26401740312576299 0.59851956367492687 -0.87038379907608021 0.28652486205101019 0.63537898659706127 0.75256043672561657 0.41957949101924902 0.50904694199562084 0.28030642867088323 0.6962033510208131 0.75890615582466137 -0.69285953044891346 0.53540474176406871
decision_type=8 8 8 8 2 10 10 2 10 10 2 10 8 10 10 2 8 10 10 10 10 10 2 8 10 8 10 10 8 8
left_child=8 2 7 13 9 6 -6 -2 16 11 29 -5 -12 26 22 -16 19 -18 -9 20 -1 25 -3 -24 -13 -11 -4 28 -27 -8
right_child=1 14 3 4 5 -7 10 18 -10 21 12 24 -14 -15 15 -17 17 -19 -20 -21 -22 -23 23 -25 -26 27 -28 -29 -30 -31
leaf_value=-0.033402365759605708 0.031692066419029503 -0.03344148735680124 -0.033507257355037103 -0.033654987716168011 0.032319877613647262 0.033639529871469669 -0.039260455486373906 -0.033508234122015097 0.010015248680756593 0.022260751310906973 -0.033591642369541368 0.034075093131743166 0.033586081074257361 0.025321087593295089 0.033761744279670727 -0.033476694053488701 0.0082620633171996485 -0.033454288223269416 0.018895917863038243 -0.033525036607614668 0.035592658408688214 0.0086669247833904683 0.034560209291456083 -0.033522314746152741 0.015174266520706137 0.023006584420200378 -0.019482376032846586 0.022757864999489848 0.033537704117450329 -0.03336804086287553
leaf_weight=0.31851234589704347 0.2838682383298895 7.2315272218547726 0.51811946975067158 0.36140259657986717 0.68961732042953405 5.4622751446440816 0.62792887492105198 3.3955652073491369 0.53958199871703882 0.17554692225530866 0.22526506660506118 0.31714625097811222 0.36818651715293527 0.28464917931705713 0.35281011834740716 0.42240660195238888 0.45579830557108525 0.59584429417736828 0.087572777643799671 23.257173447171219 0.10684163589030504 0.16502392524853249 0.1404418796300887 0.75355433393269777 0.20425183745101094 0.14073081244714558 0.11120947077870369 0.15539732435718079 28.852545122150342 1.0501879043877125
leaf_count=103 15 1921 101 39 41 715 15 823 22 9 28 23 39 19 25 98 36 162 7 6580 2 22 3 175 21 14 10 17 4029 133
internal_value=-0.000573996 0.0143712 0.0233965 0.028213 0.0291952 0.0179428 -0.0110119 -0.0273767 -0.0315465 0.032316 -0.0241668 0.00197458 0.00808645 -0.0134793 -0.0297132 -0.0028757 -0.0324531 -0.0153738 -0.0321907 -0.0332116 -0.016072 0.0332243 -0.0322736 -0.0228269 0.0266709 0.0333625 -0.0310289 0.0334294 0.0334866 -0.0355729
internal_weight=77.651 52.3772 43.4765 39.7095 38.7955 8.42346 2.96119 3.76701 25.2738 30.372 2.27157 0.882801 0.593452 0.913978 8.90074 0.775217 24.7342 1.05164 3.48314 23.6825 0.425354 29.4892 8.12552 0.893996 0.521398 29.3242 0.629329 29.1487 28.9933 1.67812
internal_count=15247 8342 6120 5275 5145 971 256 845 6905 4174 215 83 67 130 2222 123 6883 198 830 6685 105 4091 2099 178 44 4069 111 4060 4043 148
is_linear=0
shrinkage=0.05


Tree=238
num_leaves=31
num_cat=0
split_feature=1 13 10 17 10 10 7 8 10 27 2 6 3 10 13 29 9 16 3 21 23 7 14 10 6 2 1 9 7 23
split_gain=6.36338 4.41321 2.99493 2.47126 2.27767 1.45896 1.31328 0.926551 0.853472 0.813583 1.39821 1.68747 0.79173 0.767195 0.566051 0.541373 0.518936 0.494367 0.481289 0.508965 0.460604 0.427514 0.423055 0.358549 0.336645 0.941528 0.330119 0.282223 0.27341 0.263514
threshold=0.50950917601585399 0.68406069278717052 0.40597115457057958 -0.33068877458572382 0.32994285225868231 0.27967900037765508 0.2772969007492066 0.19793989509344104 0.37975467741489416 0.24494961649179461 -0.14877077937126157 0.70377770066261303 0.28223353624343878 0.29766844213008886 0.32924777269363409 0.35709108412265783 0.69855341315269481 0.75416088104248058 0.62941342592239391 0.66444355249404918 -0.27367112040519709 0.25929506123065954 0.46683330833911901 0.28826814889907842 0.80477467179298412 -0.12440372630953787 0.47944684326648718 0.81869512796401989 0.29253675043582922 -0.26753191649913782
decision_type=8 10 8 8 8 10 2 2 10 10 10 2 10 10 10 8 10 10 10 10 8 2 8 10 2 10 10 10 2 8
left_child=3 2 5 6 20 18 7 -1 -6 10 14 13 -5 -12 23 -4 -17 21 19 -2 -3 -11 -10 -7 -23 -26 -8 -14 -15 -13
right_child=1 4 15 12 8 9 26 -9 22 17 11 29 27 28 -16 16 -18 -19 -20 -21 -22 24 -24 -25 25 -27 -28 -29 -30 -31
leaf_value=0.045131390011785254 -0.030977643336111221 0.032750066000773542 -0.033416549007514215 0.02854640389095528 0.029398223589773172 0.037940490802470944 -0.033595470910824918 -0.032147635097837503 -0.030427591266158682 -0.034441008708634695 -0.03130415214229576 0.028600909844283203 -0.03283728210348498 -0.027707834495835228 0.03351580499315282 -0.016313164427362924 0.030044067268337662 -0.017205950429726512 0.028807458679865727 0.034779431867320083 -0.033422898346073093 0.032646566534371292 0.034073678986672816 -0.031763238735055967 0.033351466322813703 -0.025671887978815353 0.031117302154654025 0.013921144509194672 0.032500292692137854 -0.03461283848311774
leaf_weight=0.46617742814123664 2.1587645122781396 0.27141384966671467 2.825328822946175 0.55726803839207306 2.8007775587029764 0.26978482166305173 0.20998303149826858 2.3090505383443087 1.2171483843121673 0.25705300457776203 0.63344740821048473 0.17516641225665808 17.501026126323271 0.20087737543508444 6.6900522666983306 2.0537701256107543 0.85502751520834852 0.57473223214037616 0.57257116516120721 0.34071154333651055 8.4526750501245207 21.249678873689849 0.32132731657475244 0.5835525756701827 2.1948447199538355 0.97615151759236951 3.2058443515561521 0.32877265056595106 3.0744692427106202 2.8025142380502079
leaf_count=9 454 23 791 25 325 3 40 601 182 13 47 25 4868 7 797 319 52 25 46 23 2474 2769 16 46 261 22 364 18 312 290
internal_value=0.000566179 0.00915415 0.0161033 -0.020941 -0.0166399 0.0206541 0.00638202 -0.0191665 0.0129635 0.023224 0.0137531 -0.00253647 -0.0301408 0.0190662 0.0286241 -0.017828 -0.00268667 0.028636 -0.0125419 -0.0220141 -0.0313642 0.0297036 -0.0169558 -0.00972622 0.0303788 0.0151819 0.0271392 -0.0319751 0.0288077 -0.0308942
internal_weight=86.13 61.5518 48.4885 24.5781 13.0633 42.7544 6.19106 2.77523 4.33925 39.6823 14.4299 6.88647 18.3871 3.90879 7.54339 5.73413 2.9088 25.2525 3.07205 2.49948 8.72409 24.6777 1.53848 0.853337 24.4207 3.171 3.41583 17.8298 3.27535 2.97768
internal_count=15247 9322 6302 5925 3020 5140 1014 610 523 4617 1527 681 4911 366 846 1162 371 3090 523 477 2497 3065 198 49 3052 283 404 4886 319 315
is_linear=0
shrinkage=0.05


Tree=239
num_leaves=31
num_cat=0
split_feature=7 1 22 4 3 13 28 4 2 11 9 0 15 29 18 2 9 2 7 1 16 23 18 3 2 35 4 31 0 0
split_gain=10.9963 7.19379 2.44743 1.61097 1.54984 1.04404 1.40117 0.94915 0.841095 0.712692 1.172 0.638781 1.04094 0.418563 0.399017 0.385632 0.342812 0.335646 0.257299 0.219261 0.200364 0.19968 0.197292 0.199302 0.0958631 0.0768477 0.0713097 0.0690389 0.130665 0.0561038
threshold=0.35893060266971594 0.43944746255874639 0.73852777481079113 0.6955493986606599 0.39945958554744726 0.57237857580184948 0.89838311076164257 0.59525963664054882 -0.1451584920287132 -0.29439586400985712 0.39808417856693273 0.56175315380096447 0.27781468629837042 0.17451991140842441 0.089106287807226195 0.26886835694313055 0.43943826854228979 0.19690540432929995 0.38946869969367987 0.66580286622047435 0.61002835631370556 -1.3489381074905393 0.18952623754739764 0.51690664887428295 -0.10619052127003668 -0.4986457079648971 0.42838838696479803 0.74325957894325267 0.43473511934280401 0.5766037404537202
decision_type=2 10 8 10 10 8 10 8 10 10 10 10 8 10 10 10 10 8 2 10 10 8 8 10 8 8 10 8 10 8
left_child=1 15 4 5 -3 6 11 -2 -6 10 -9 12 -4 25 -13 24 -5 18 19 -11 -14 -7 23 -23 -1 -10 -24 28 -28 -8
right_child=7 2 3 16 8 21 29 9 13 17 -12 14 20 -15 -16 -17 -18 -19 -20 -21 -22 22 26 -25 -26 -27 27 -29 -30 -31
leaf_value=-0.0048963798968627049 0.033475176012123568 -0.033000648954648819 0.030652012095076172 0.029275938902477001 -0.033632251180788705 0.033750445763210471 0.032028627920957571 0.030344667780164682 0.00015221604056994787 0.033490526492504655 -0.036889439030943764 0.0071955562891408108 -0.030622393872341825 -0.033573350855784584 -0.032314110415787002 -0.033871666054346869 -0.034226569344383277 -0.033733439948711877 0.031804322226369343 -0.033490183088258095 0.033507832111661688 0.03573831452835944 0.018550876249380146 -0.033489356754391839 0.03364977862504151 0.034194585608103373 -0.033416808287036921 -0.033125638197173894 0.033788098149009842 0.0062241629425724213
leaf_weight=0.16470001358538866 18.104176123626534 1.7233732060994942 1.377974588656796 1.6374880420044053 0.60439535207115103 0.11535678710788488 1.4200918893329786 1.1202522634994241 0.17273165425285697 0.20632516872137685 1.5381045436952261 0.70224690064787854 1.7947010274510833 0.25124652078375209 7.0992325395345688 0.2225819369778036 0.24422471551224578 0.23776689055375744 3.7642004610970616 0.29959118575789034 0.13066360400989641 0.21324164699763615 0.067665774375202825 0.20288214273750782 7.8090673144906741 4.1190944502595812 0.20428251707926137 26.039412973215807 0.11197001440450549 0.24732670094817888
leaf_count=19 2703 374 123 158 89 7 132 119 26 30 145 9 455 47 1564 26 32 20 506 59 17 3 8 44 1042 458 56 6936 10 30
internal_value=-5.11756e-05 -0.0122814 -0.019606 -0.0241712 0.0080401 -0.0263123 -0.0145371 0.0273786 0.0217805 0.0119767 -0.00855646 -0.0209544 -0.00252535 0.0291525 -0.0287577 0.0310416 0.021034 0.0240853 0.0273047 -0.0061738 -0.0262702 -0.0318919 -0.032174 0.0019862 0.0328536 0.0328245 -0.032712 -0.0328436 -0.00962274 0.0282011
internal_weight=81.9464 56.676 48.4796 41.6088 6.87084 39.727 12.7722 25.2704 5.14747 7.16624 2.65836 11.1048 3.30334 4.54307 7.80148 8.19635 1.88171 4.50788 4.27012 0.505916 1.92536 26.9548 26.8395 0.416124 7.97377 4.29183 26.4233 26.3557 0.316253 1.66742
internal_count=15247 11665 10578 9584 994 9394 2330 3582 620 879 264 2168 595 531 1573 1087 190 615 595 89 472 7064 7057 47 1061 484 7010 7002 66 162
is_linear=0
shrinkage=0.05


Tree=240
num_leaves=31
num_cat=0
split_feature=16 10 30 7 16 11 13 1 7 1 33 1 1 13 13 7 11 2 11 15 11 13 7 13 2 23 4 1 27 2
split_gain=13.709 7.50334 3.81714 0.611016 1.60665 0.681454 0.486204 0.418943 0.417485 0.314265 0.264319 0.465371 0.408525 0.257975 0.181884 0.128607 0.115654 0.277131 0.113378 0.103945 0.0648661 0.197306 0.0482754 0.160083 0.208165 0.0467106 0.0190764 0.016722 0.0122002 0.084612
threshold=0.63233521580696117 0.32502411305904394 0.18791685253381732 0.29576836526393896 0.72778779268264782 -0.54615885019302357 0.79504406452178966 0.6761603355407716 0.26187233626842504 0.41441555321216589 inf 0.4679811298847199 0.41808208823204046 0.69798219203948986 0.61125853657722484 0.2586247473955155 -0.68325266242027272 0.28015170991420751 -0.1677514165639877 0.60087808966636669 0.10690714791417123 0.69554886221885692 0.31109739840030676 0.72181302309036266 -0.038399212062358849 -0.67850965261459339 0.63537898659706127 0.41808208823204046 -1.0000000180025095e-35 0.051542658358812339
decision_type=8 8 8 2 10 10 10 10 2 10 8 10 10 10 8 2 10 10 8 10 8 8 2 8 8 8 10 10 10 10
left_child=10 2 8 9 5 -5 22 -8 -2 18 16 12 -12 20 15 -11 17 -1 -4 -10 -7 -22 23 -3 -25 -16 27 -27 29 -18
right_child=1 6 3 4 -6 13 7 -9 19 14 11 -13 -14 -15 25 -17 28 -19 -20 -21 21 -23 -24 24 -26 26 -28 -29 -30 -31
leaf_value=-0.033398040715769753 0.031647439278588853 -0.03365022590255453 0.019176171753158579 0.032550807158693011 0.033620713676589295 -0.035562649026798419 0.033662859129665157 -0.033472335996502116 -0.033490845197025595 0.025152392995245867 -0.033429013392066435 -0.03352368686924851 0.034717644967841153 0.033488307332602191 0.0097903591204997215 -0.028004233881875042 -0.033495457684101441 0.034750751549333797 -0.033538479836303835 0.020109763953356761 -0.033505400994149719 0.033656498685756556 -0.033433534220911498 0.02991785788430661 -0.03350796968706965 0.019534743907606185 0.014036143965814263 0.033418658661701024 -0.033504171158424093 0.020464202884932406
leaf_weight=0.49172875401564553 0.2817072025500259 1.2653642734512665 0.17726893536746502 0.64346468076109919 4.9655163097195327 1.5753725518006818 0.57160966610535968 0.39155860152095556 3.0416679144836967 0.25417650351301091 0.33432929683476986 1.4065675886813549 0.64267355273477733 0.17086521768942464 0.21431875322014093 0.20601093559525907 0.56250001257286086 0.21414644923061132 0.24023046437651174 0.093221132643520721 0.41461002896539967 0.14852873515337706 6.0025808783248067 0.26837793970480561 0.24975073197856557 0.21858062781394494 0.12897018436342378 27.753348485101014 20.740467556519427 0.08342430368065834
leaf_count=170 15 309 9 41 702 130 52 94 788 17 91 315 31 25 23 29 142 8 37 6 75 11 1695 14 54 5 16 4137 6266 6
internal_value=-0.000342427 0.0148501 0.0239154 0.0285713 0.0162527 -0.0129536 -0.0271419 0.00637026 -0.0266575 0.0319127 -0.0309295 -0.0151107 0.0113979 -0.0256325 0.0325376 0.0013559 -0.0326362 -0.0127233 -0.011156 -0.0318969 -0.0303562 -0.0157913 -0.0312875 -0.0240647 -0.000654947 0.0330444 0.0332217 0.0333102 -0.0332934 -0.0265263
internal_weight=73.7529 49.2771 40.5279 37.1113 7.91836 2.95284 8.74924 0.963168 3.4166 29.1929 24.4758 2.38357 0.977003 2.30938 28.7754 0.460187 22.0923 0.705875 0.417499 3.13489 2.13851 0.563139 7.78607 1.78349 0.518129 28.3152 28.1009 27.9719 21.3864 0.645924
internal_count=15313 8284 6066 5257 984 282 2218 146 809 4273 7029 437 122 241 4227 46 6592 178 46 794 216 86 2072 377 68 4181 4158 4142 6414 148
is_linear=0
shrinkage=0.05


Tree=241
num_leaves=31
num_cat=0
split_feature=4 13 10 7 10 24 9 30 11 14 16 34 9 3 34 32 11 14 10 8 24 32 6 21 7 1 7 8 10 8
split_gain=7.09336 3.90566 4.55887 2.47525 1.93874 0.942801 0.890545 0.864318 0.811351 0.757525 0.646223 0.509848 0.48176 0.478949 0.449398 0.858926 1.03079 1.00605 0.839823 0.448628 0.422311 0.360282 0.324895 0.266556 0.354096 0.252135 0.242206 0.195294 0.245076 0.171784
threshold=0.50300881266593944 0.67853048443794262 0.40137711167335516 0.31251774728298193 0.28357239067554479 0.19146481901407245 0.47280906140804296 0.21738685667514804 -0.035506220534443848 -0.56357410550117482 0.58606091141700756 0.85165745019912731 0.80333301424980175 0.23422964662313464 0.8023519515991212 -0.29583287239074701 0.025636618956923488 -0.30363346636295313 0.29645329713821417 -1.0000000180025095e-35 0.51013231277465831 -0.10666624456644057 0.70377770066261303 0.2104272395372391 0.33907961845397955 0.49168230593204504 0.26068049669265753 0.40972368419170385 0.50306022167205822 0.42366604506969457
decision_type=10 10 8 2 10 10 10 8 10 8 8 10 10 8 10 10 10 8 10 2 10 8 2 10 2 10 2 2 10 2
left_child=9 2 4 -3 7 22 -4 -2 -8 11 -9 -1 13 -11 15 16 18 20 19 -6 -18 -14 27 24 -16 -25 -27 28 -5 -13
right_child=1 3 6 5 14 -7 8 10 -10 12 -12 29 21 -15 23 -17 17 -19 -20 -21 -22 -23 -24 25 -26 26 -28 -29 -30 -31
leaf_value=-0.02566775582168835 0.030416577380733889 -0.033418000192253938 -0.03342652543326663 0.022610928635452471 0.040990449660905426 0.030247139174807126 0.031932069891867462 0.024241889107030921 -0.033434951871055822 0.014234175601656799 -0.032032285781323382 0.038947791697792673 -0.033483408061568215 -0.032625203742578893 0.02604492104401393 0.032088233478151866 0.031670997414519501 -0.02818950121659607 0.032786178783592239 -0.033027621242093845 -0.019648690177662031 0.028799437299809789 -0.033507506171038141 -0.03423382743220537 -0.033313491962924657 -0.034505591729024808 0.032965932476928521 -0.033891939884105715 -0.034057269686808465 -0.0098524921212105251
leaf_weight=0.77845169603824604 1.0269957608543325 7.8682238264009339 5.0341151442844412 0.99266902101226173 0.26971597131341696 2.8579562520608306 1.2016693330369888 0.62286578584462426 0.784707955084741 0.56421420606785488 2.8193163501564413 0.79880235064774729 0.37617696449160576 16.26750111579895 0.79002058831975108 7.7998453029431394 1.5537311909720304 2.5868308511562645 4.9322216752916574 0.84945665951818383 0.54026126489043225 0.60662065166979928 1.016982566565275 0.14288074662909167 0.36840635817497969 0.13402601145208137 17.539987778523937 0.2900858656503259 0.23618894093669951 0.23291621217504144
leaf_count=139 104 2481 1490 88 3 329 37 50 186 33 605 50 79 4766 89 1051 175 120 503 60 25 18 236 6 5 6 2473 27 44 35
internal_value=0.000275653 0.00853787 0.0150532 -0.0155331 0.0212905 0.0105561 -0.0222403 -0.00983895 0.00610917 -0.0259362 -0.0218494 0.00488113 -0.0290676 -0.0310544 0.0249997 0.0194616 0.0102849 -0.0073339 0.0239133 -0.0151896 0.0184302 0.00495997 -0.0116356 0.0304084 0.00716758 0.0319195 0.0324543 0.00300844 0.0117192 0.0279309
internal_weight=81.8838 62.2592 48.9971 13.2621 41.9766 5.39388 7.02049 4.46918 1.98638 19.6247 3.44218 1.81017 17.8145 16.8317 37.5074 18.5321 10.7322 4.68082 6.05139 1.11917 2.09399 0.982798 2.53593 18.9753 1.15843 17.8169 17.674 1.51894 1.22886 1.03172
internal_count=15313 10193 6988 3205 5275 724 1713 759 223 5120 655 224 4896 4799 4516 1937 886 320 566 63 200 97 395 2579 94 2485 2479 159 132 85
is_linear=0
shrinkage=0.05


Tree=242
num_leaves=31
num_cat=0
split_feature=10 4 13 5 11 14 8 1 14 10 9 2 31 1 0 27 2 24 8 16 2 28 14 24 0 11 2 10 14 8
split_gain=12.413 8.49097 1.46597 1.41197 2.91175 1.1017 0.855597 0.547238 0.624728 0.922975 0.667388 0.477949 0.383157 0.281959 0.260749 0.25818 0.247138 0.2465 0.188661 0.120458 0.114765 0.0959673 0.0923198 0.0835506 0.0448307 0.0328508 0.0305971 0.0196321 0.0176841 0.0164314
threshold=0.37975467741489416 0.45912387967109686 0.63671869039535534 0.14500208199024203 0.20474364608526233 -0.83437624573707569 -0.33437740802764887 0.57817342877388012 0.19693709909915927 0.45343953371047979 0.69855341315269481 0.191375806927681 0.64277943968772899 0.4507568776607514 0.20543968677520755 0.47055724263191229 -0.19397600740194318 0.66084492206573497 0.53407454490661632 0.44591546058654791 0.20993983000516894 0.90011119842529308 0.04659122787415982 0.13278818130493167 0.73183855414390575 -0.0060822472441941491 -0.12440372630953787 0.19448296725749972 -0.76395210623741139 -0.26946119964122767
decision_type=8 10 8 10 10 10 2 8 8 8 10 10 10 10 8 10 10 8 2 8 8 10 10 8 10 8 10 10 8 2
left_child=1 6 3 4 12 21 -1 20 28 -10 14 16 17 -4 -11 26 -8 -3 -17 -15 -2 -6 29 -21 27 -19 -7 -14 -9 -18
right_child=7 2 13 -5 5 15 11 8 9 10 -12 -13 24 19 -16 18 22 25 -20 23 -22 -23 -24 -25 -26 -27 -28 -29 -30 -31
leaf_value=-0.038421278236343087 0.033512472861779864 -0.033466507076208095 0.033538816439646721 -0.033390308080422225 -0.033518600359882897 0.019144716268025368 -0.036886306067051282 0.016124681332935573 -0.032897728416253512 -0.012181362766222869 -0.038499533121228148 -0.033790906656370856 -0.046350649415804523 0.023513934379216696 0.033890063478425478 -0.033474103115408771 0.017076148747308038 0.011727258699512301 0.034353725666862275 0.0197479091016248 -0.011101709051624595 0.021965700608793524 -0.0084197718936968452 -0.033432594004671266 -0.0085909301767666587 0.036846783141278046 0.034822018780074619 -0.033223520484589673 0.033607015074474743 0.033251517776518934
leaf_weight=0.48612935212440689 17.781756517477334 0.28522039111703801 0.16016869945451873 6.0040983306244007 0.86221439368091513 0.33558178134262462 0.13056643307208737 0.15102878166362643 1.1887791983317582 0.3526006252504893 0.43853244464844454 0.28933860175311643 0.30295613408088673 0.093805204145609555 2.3806567238643765 0.26096707978285838 0.15973885636776231 0.25874688033945858 0.16885183192789555 0.074094520881772041 0.14532411098480835 0.08567742770537734 0.13667073054239232 22.926674449583523 0.17962369136512268 0.26189453853294253 4.2883729294408122 4.7571578458882868 3.4260497610084708 9.1647578254342079
leaf_count=46 2855 62 23 1472 204 30 1 14 161 28 11 37 1 7 293 50 7 37 9 3 5 11 10 6566 5 5 222 1328 447 1363
internal_value=3.46082e-05 -0.0141191 -0.0242732 -0.013582 -0.00370994 0.0209611 0.0263377 0.0283114 0.0173816 0.00467692 0.0187598 0.0295237 -0.0282016 -0.0325722 0.0279467 0.0302387 0.0314336 0.00389525 -0.00682834 -0.0330307 0.0331508 -0.0285035 0.0323765 -0.0332613 -0.0331381 0.024363 0.0336842 -0.0340095 0.0328689 0.0329744
internal_weight=77.538 51.6733 41.3061 18.0514 12.0473 6.00167 10.3672 25.8647 7.93765 4.36057 3.17179 9.88107 6.0456 23.2547 2.73326 5.05377 9.59173 0.805862 0.429819 23.0946 17.9271 0.947892 9.46117 23.0008 5.23974 0.520641 4.62395 5.06011 3.57708 9.3245
internal_count=15313 11499 10035 3436 1964 526 1464 3814 954 493 332 1418 1438 6599 321 311 1381 104 59 6576 2860 215 1380 6569 1334 42 252 1329 461 1370
is_linear=0
shrinkage=0.05


Tree=243
num_leaves=31
num_cat=0
split_feature=16 10 30 13 13 12 1 23 15 1 4 2 5 10 4 2 14 27 3 4 6 1 11 2 10 29 6 3 13 13
split_gain=12.8746 7.27476 3.59625 0.58513 0.476408 0.46663 0.378203 0.375782 0.382513 0.353718 0.313596 0.274745 0.208528 0.13697 0.34792 0.168837 0.134309 0.348152 0.200691 0.343906 0.115126 0.0859576 0.0820143 0.0771057 0.0455441 0.0385923 0.0351036 0.201793 0.0121376 0.00661491
threshold=0.62033009529113781 0.32502411305904394 0.18791685253381732 0.61125853657722484 0.79504406452178966 0.28327733278274542 0.6761603355407716 -0.44837617874145502 0.21821725368499759 0.51681360602378856 0.40409830212593084 0.36603349447250372 0.23995012044906619 0.26279318332672125 0.44826354086399084 0.28652486205101019 0.63333594799041759 0.61209991574287426 0.61826372146606456 0.53036487102508556 0.32654269039630895 0.61945176124572765 0.64352738857269298 -0.2198306396603584 0.31587351858615881 -0.32228198647499079 0.75256043672561657 0.42555403709411627 0.78849801421165477 0.59887161850929271
decision_type=8 8 8 8 10 8 10 8 8 10 10 10 10 10 8 10 8 10 10 10 2 10 10 10 10 8 2 8 10 10
left_child=13 2 9 12 26 20 -6 11 -9 23 -10 -7 29 14 15 -1 25 18 21 -20 -5 22 24 -2 -18 -12 28 -28 -3 -4
right_child=1 4 3 5 6 7 -8 8 10 -11 16 -13 -14 -15 -16 -17 17 -19 19 -21 -22 -23 -24 -25 -26 -27 27 -29 -30 -31
leaf_value=-0.033420364982308749 0.033784904889135492 -0.033460330373218813 -0.033516110353071636 0.01573710495515061 0.033638867305458189 -0.033482995167490912 -0.033450454353571801 -0.039335072311977824 -0.033642577458909147 -0.033487280781806593 0.0055905637660992741 0.033583655637956469 0.024484503428940776 -0.033521044457976809 0.024307636347417547 0.035306290412180509 0.033775509156576476 -0.028839282977700182 0.034413452715225175 -0.028459653675596955 -0.034022811368071386 -0.0056836724289438074 -0.00063862251436716132 -0.010774831125099249 0.016620105895292076 0.033407144126403963 0.034206180685786326 -0.033452664340346709 -0.0186008954669932 -0.019587244121578942
leaf_weight=1.5852549511473655 0.24830446438863873 6.5884713246487063 0.45251923729665477 0.17367365024983983 0.52822951925918449 0.39907839917577803 0.34876405936665833 0.19394883513450623 0.18602159689180453 2.7973525733686984 0.12532661855220795 0.24735631514340639 0.24457050301134586 19.888327913358808 0.36508221318945278 0.094701245427131542 5.840753228403627 0.28173111123032857 0.46927975164726365 0.4053706917911768 0.35149651882238686 0.15792024647817005 0.19079594407230605 0.15940829203464302 0.41431774990633119 24.564188918331642 0.13277106918394554 0.64836966176517308 0.14035278116352845 0.10501963878050447
leaf_count=523 14 1949 90 6 51 83 92 1 22 758 13 27 18 6307 21 2 739 39 45 5 41 20 14 39 29 4025 4 190 33 15
internal_value=-0.000687956 0.0142349 0.0235353 0.0282026 -0.0279134 0.0291984 0.00695869 0.029932 0.0306754 -0.0271459 0.0310914 -0.00782014 -0.0140075 -0.032254 -0.0199321 -0.0295462 0.0314625 0.0257248 0.0277804 0.00527391 -0.0175672 0.0307613 0.0316542 0.0163629 0.0326392 0.0332659 -0.0319857 -0.0219526 -0.0331504 -0.0308924
internal_weight=68.3288 46.3954 38.0084 34.8034 8.38696 34.0013 0.876994 33.4761 32.8297 3.20507 32.6357 0.646435 0.802109 21.9334 2.04504 1.67996 32.4497 7.76017 7.47844 0.87465 0.52517 6.60379 6.44587 0.407713 6.25507 24.6895 7.50996 0.781141 6.72882 0.557539
internal_count=15215 8362 6043 5232 2319 5109 143 5062 4952 811 4951 110 123 6853 546 525 4929 891 852 50 47 802 782 53 768 4038 2176 194 1982 105
is_linear=0
shrinkage=0.05


Tree=244
num_leaves=31
num_cat=0
split_feature=4 13 10 7 11 10 8 24 9 7 30 6 2 4 10 10 2 6 30 1 15 18 34 8 6 16 28 8 10 10
split_gain=6.93721 3.68281 4.13929 2.18368 1.35642 0.952418 0.895034 0.805828 0.57406 0.536211 0.767622 0.507227 1.55281 0.486213 0.975285 0.651668 0.429257 0.354227 0.317189 0.308931 0.316497 0.614402 0.290462 0.275497 0.255673 0.247717 0.218458 0.187302 0.266499 0.158305
threshold=0.50300881266593944 0.67246571183204662 0.45343953371047979 0.31251774728298193 -0.55704998970031727 0.30951426923274999 0.76579961180686962 0.18666049838066104 0.69855341315269481 0.27777682244777685 0.66048443317413341 0.80477467179298412 -0.1451584920287132 0.4921520352363587 0.28208023309707647 0.31881941854953771 -0.048159768804907792 0.70377770066261303 0.17924896627664569 0.47455196082592016 0.20413611829280856 0.23932515084743503 0.94260263442993175 0.7000689208507539 0.14389496296644214 0.62421062588691723 0.72888636589050304 0.37627583742141729 0.50306022167205822 0.27341262996196752
decision_type=8 10 8 2 10 10 2 10 10 2 8 2 10 10 10 10 8 2 8 8 8 10 10 2 2 8 8 2 10 10
left_child=13 2 4 18 5 25 9 17 24 10 -6 19 -13 22 -15 -16 -10 27 -3 -11 21 -21 -1 -9 -4 -2 -12 28 -5 -22
right_child=1 3 8 7 6 -7 -8 23 16 11 26 12 -14 14 15 -17 -18 -19 -20 20 29 -23 -24 -25 -26 -27 -28 -29 -30 -31
leaf_value=-0.033237032579029949 0.033770132099340634 0.013057513937016433 0.021370914916628167 0.024612978733920765 0.028155527962910862 0.03281937581022857 -0.035368302896010242 0.031949576112098928 -0.033425038736181176 -0.033881651763341035 0.034246343862548531 0.033508161318924562 -0.030527730474023979 -0.033535202397550319 0.03200980854635696 -0.033443795002676857 0.041692550560676105 -0.033515233078251438 -0.033408225471974744 -0.035454627897637543 -0.019046536552903184 0.033193321531503367 0.033502233283887121 -0.033958332085848586 -0.033582942604505055 -0.033792034325434143 -0.034044081435048494 -0.029974489850525449 -0.033964527846179503 0.03049236353961567
leaf_weight=12.856976457638666 0.14555445965379399 0.3858403665944925 0.22170908958651026 0.99964625784195893 1.375534280668943 0.87016950082033862 0.63235078216530283 2.7012885338626806 0.30033290409483016 0.19631940871477382 0.13151914998888981 2.5536056221462786 1.504432690097018 2.5306529698427758 1.3725248046685008 0.52601630520075549 0.51855793222784985 1.0113161881454287 7.6335215461440376 0.54713046224788209 0.16221407800913112 0.80623641749843955 0.16512349946424443 0.16844268981367339 4.6674799453467131 1.998193851904944 1.0687841204926372 0.3143418882973491 0.24097146419808269 27.590099822031334
leaf_count=3987 10 16 21 98 151 95 42 338 79 31 3 377 52 791 67 158 10 239 2590 10 37 106 23 9 1417 395 168 31 49 3815
internal_value=0.000156674 0.00837948 0.0152031 -0.0145887 0.0209433 -0.0112973 0.0236006 0.00987638 -0.0246017 0.0246382 0.00265823 0.0263354 0.0097682 -0.0275234 -0.0132132 0.013875 0.0141427 -0.0104809 -0.0311726 0.0286298 0.0290514 0.00544077 -0.0323908 0.028081 -0.031091 -0.0292048 -0.0265614 0.00450015 0.0132352 0.0302028
internal_weight=76.1969 58.7456 45.2902 13.4554 39.5821 3.01392 36.5682 5.43601 5.70808 35.9359 2.57584 33.36 4.05804 17.4513 4.42919 1.89854 0.818891 2.56628 8.01936 29.302 29.1057 1.35337 13.0221 2.86973 4.88919 2.14375 1.2003 1.55496 1.24062 27.7523
internal_count=15215 10189 6819 3370 5292 500 4792 764 1527 4750 322 4428 429 5026 1016 225 89 417 2606 3999 3968 116 4010 347 1438 405 171 178 147 3852
is_linear=0
shrinkage=0.05


Tree=245
num_leaves=31
num_cat=0
split_feature=10 4 26 17 2 8 1 14 9 5 2 2 0 1 10 20 1 5 9 22 16 15 34 1 0 8 5 17 33 0
split_gain=11.1134 8.43175 1.46761 1.59257 2.39188 1.32852 0.653638 0.650957 1.00379 0.63033 0.588591 0.447572 0.361742 0.280964 0.255376 0.232189 0.152016 0.126478 0.0976431 0.0730968 0.0608635 0.154926 0.0332206 0.0903092 0.0271934 0.0220234 0.0201625 0.013088 0.00229535 0.00120324
threshold=0.37538909912109381 0.46163727343082434 -0.12823295593261716 -0.25120308995246882 -0.1451584920287132 0.66556361317634594 0.57510215044021618 0.19693709909915927 0.43277314305305487 0.17090725153684619 -0.19397600740194318 0.191375806927681 0.75428903102874767 0.45403732359409338 0.3904950767755509 0.4840314537286759 0.4679811298847199 -0.22342882305383679 0.67293593287467968 0.97918432950973522 0.46668364107608801 0.42198330163955694 0.55902516841888439 0.55093008279800426 0.73183855414390575 -0.287279263138771 0.15244340151548388 1.0000000180025095e-35 0.14715076982975009 0.2401416897773743
decision_type=8 10 8 10 10 2 8 8 10 8 8 10 10 10 8 10 10 10 10 10 8 10 8 10 10 2 8 8 8 10
left_child=1 10 3 5 -5 16 17 19 14 26 -1 15 13 -4 -9 25 -3 -2 -11 -8 21 -15 23 -18 29 -12 27 -10 -6 -22
right_child=6 2 12 4 28 -7 7 8 9 18 11 -13 -14 20 -16 -17 22 -19 -20 -21 24 -23 -24 -25 -26 -27 -28 -29 -30 -31
leaf_value=-0.034646132215146078 -0.020863191735201868 0.033901358735522441 0.033531916316916835 -0.033491977809392684 0.033270494712164263 0.032259969426850839 0.033579866968520965 -0.033426948224489286 -0.045849228058221773 0.034733012018783253 0.011983004842629477 -0.033653063337544385 0.024842725205050088 0.034104670878210529 0.033674846720146784 -0.03408590670081648 -0.033422442424177731 0.033506076276589018 -0.0051692504906273966 -0.0023946945643146412 -0.036191087801945701 -0.033407141128753461 -0.033433818602948515 0.025131336754989204 -0.0062174371524088045 0.033510677970325385 -0.017179821788676379 -0.034213576383040595 0.035921745879025822 -0.033465442956214078
leaf_weight=0.36157935415394604 0.10765393637121334 0.086622010450808307 0.15947094233707204 2.0337857156991959 1.3307319120503951 0.90156660461798299 3.3266854048706587 0.1530537968501452 0.29769244790077143 0.46667959447950158 0.12043097708373984 0.26516553922556418 0.27721102023497124 0.11897291149943912 1.9270064854063091 0.1300072115845986 0.23723335680551938 16.748345827218145 0.22832642495632172 0.14746324904263008 0.41235082503409159 0.2973935913760215 7.1401404109783462 0.091153171146288514 0.091602105181663229 8.7918666838668234 0.1492759310640398 1.2843340146355329 2.1120859733782713 22.429017669754103
leaf_count=50 2 5 23 473 125 31 462 39 1 42 5 45 12 6 266 7 63 2857 20 8 70 92 2033 5 18 1390 8 152 62 6843
internal_value=0.000485554 -0.0137135 -0.0243918 -0.0115056 0.00950012 -0.0251089 0.0275776 0.0157892 0.00325079 -0.0185987 0.027943 0.0303745 -0.0319403 -0.0326099 0.0287374 0.0322521 -0.0319549 0.0331588 0.0216241 0.0320529 -0.0330616 -0.0141163 -0.0327187 -0.0171691 -0.0334056 0.0332198 -0.0347456 -0.0364031 0.034897 -0.0335146
internal_weight=72.2249 47.3884 37.7193 13.9333 5.4766 8.45672 24.8365 7.98052 4.50637 2.42631 9.66905 9.30747 23.786 23.5088 2.08006 9.0423 7.55515 16.856 0.695006 3.47415 23.3493 0.416367 7.46853 0.328387 22.933 8.9123 1.7313 1.58203 3.44282 22.8414
internal_count=15215 11358 9861 2797 660 2137 3857 998 528 223 1497 1447 7064 7052 305 1402 2106 2859 62 470 7029 98 2101 68 6931 1395 161 153 187 6913
is_linear=0
shrinkage=0.05


Tree=246
num_leaves=31
num_cat=0
split_feature=16 10 13 12 7 16 11 0 7 7 23 6 6 9 6 12 9 8 11 13 7 0 12 10 30 28 3 27 10 3
split_gain=11.9404 6.37891 3.43092 0.763026 0.378515 1.12696 0.521903 0.370559 0.357683 0.30617 0.548173 0.304679 0.274402 0.543915 0.209933 0.184325 0.159158 0.146555 0.112634 0.0429457 0.042199 0.129006 0.0413807 0.027334 0.0217772 0.019228 0.00305675 0.00299335 0.00269242 0.00166764
threshold=0.64119571447372448 0.32801096141338354 0.63671869039535534 0.28564789891242987 0.29540728032588964 0.72778779268264782 -0.54615885019302357 0.75428903102874767 0.25997355580329901 0.26512973010540014 0.077703509479761138 0.68930673599243175 0.73691895604133617 0.52826452255249035 0.31307451426982885 0.51050272583961498 0.15957511216402057 -0.18232668936252591 -0.34288017451763148 0.61125853657722484 0.2217383608222008 0.62820225954055797 0.46235378086566931 0.32905268669128424 0.14992842823266986 0.80817314982414257 0.36115907132625585 0.15926051884889605 0.21922612935304644 0.23422964662313464
decision_type=8 8 8 8 2 10 10 10 2 2 10 2 2 10 2 8 10 2 8 10 2 10 10 8 8 8 10 10 10 10
left_child=7 2 8 14 16 6 26 9 22 10 17 27 23 -14 -4 -13 -5 -1 -19 -12 21 -18 -2 -3 -22 -26 -6 -8 -27 -11
right_child=1 12 3 4 5 -7 11 -9 -10 29 19 15 13 -15 -16 -17 20 18 -20 -21 24 -23 -24 -25 25 28 -28 -29 -30 -31
leaf_value=0.031677299151433171 0.033558257035186841 -0.0074434766217066854 0.033968606861430765 -0.026921113802963699 0.026532474229875258 0.033589409705188304 -0.037721840895801675 0.012429940104589018 -0.033464288066642277 -0.037206169554162914 0.0077262942725889461 -0.0336072699498009 0.033900560852170671 -0.033479999723708173 -0.033840778249498209 0.033558327738471207 0.033032473210647867 0.02858816617766077 -0.033467073848230992 0.033760466148387541 0.014290998684810341 -0.017170718460134772 5.0255708484150544e-05 -0.033429861715625162 0.019604199239208267 0.024757803591477136 0.034311352614150741 -0.032858361036326382 0.033491324081052605 -0.033443559462677595
leaf_weight=0.097388458671049061 0.20869654649868552 0.10302397655323048 0.14020565897226511 0.11193278525024908 0.18486973200924728 4.6415283069945872 0.68398348614573368 0.49730395013466377 2.6707377370912582 0.2992252553813185 0.25780284567736078 0.15117194061167527 0.49080576142296173 0.76840609731152654 0.6139804245904088 0.31498802592977881 0.5178531263954963 0.075991286430507898 1.9373219553381269 0.4108543898910284 0.15147136896848257 0.16996287042275071 0.16497292974963784 5.6942713239695877 0.25315616047010792 0.088582943193617036 0.39854641305282712 0.58865897194482386 23.330053905025125 18.588831083965488
leaf_count=5 24 18 6 16 15 739 15 21 803 28 13 21 32 220 101 39 65 9 624 34 10 17 21 1789 35 14 27 96 3957 6419
internal_value=-0.000499233 0.0150345 0.0236907 0.0284675 0.0296543 0.0193621 -0.00907484 -0.0302438 -0.0270537 -0.0312232 -0.015729 -0.0228051 -0.0283728 -0.00721693 -0.0212348 0.0117771 0.032565 -0.0282271 -0.0311248 0.0237229 0.0328367 0.020627 0.0187647 -0.0329681 0.0331892 0.0333101 0.0318464 -0.0354722 0.0334583 -0.0335032
internal_weight=64.6066 42.4419 35.3854 32.3409 31.5868 6.96375 2.32222 22.1647 3.04441 21.6674 2.77936 1.7388 7.05651 1.25921 0.754186 0.46616 24.623 2.1107 2.01331 0.668657 24.5111 0.687816 0.373669 5.7973 23.8233 23.6718 0.583416 1.27264 23.4186 18.8881
internal_count=15233 8080 6021 5173 5066 952 213 7153 848 7132 685 171 2059 252 107 60 4114 638 633 47 4098 82 45 1807 4016 4006 42 111 3971 6447
is_linear=0
shrinkage=0.05


Tree=247
num_leaves=31
num_cat=0
split_feature=4 13 10 10 10 9 30 20 4 16 10 23 5 27 3 2 10 30 0 14 6 3 6 2 16 8 9 32 16 16
split_gain=6.21154 3.49111 4.31519 2.10526 1.45625 0.968547 0.78329 0.709897 0.581807 0.578623 0.574559 0.485873 0.483672 0.441076 0.530682 0.521108 0.762834 0.417391 0.405726 0.379677 0.377634 0.337591 0.33404 0.568837 0.337514 0.326927 0.281764 0.288419 0.265496 0.237896
threshold=0.50300881266593944 0.67454206943511974 0.39640861749649053 0.32801096141338354 0.28357239067554479 0.47280906140804296 0.21738685667514804 -0.58620506525039662 0.45912387967109686 0.58606091141700756 0.37975467741489416 -0.32143673300743097 0.060642614960670478 0.24152303487062457 0.56168359518051159 -0.043029015883803361 0.30087624490261083 0.22225040942430499 0.2401416897773743 0.4805308878421784 0.59064516425132763 0.50165191292762767 0.82478412985801708 -0.12440372630953787 0.75416088104248058 0.66556361317634594 0.80333301424980175 -0.0081900972872972471 0.79254809021949779 0.58364558219909679
decision_type=8 10 8 8 10 10 8 8 8 8 10 8 8 10 10 10 10 10 10 10 2 8 2 10 10 2 10 10 10 8
left_child=7 2 4 11 6 -4 -2 8 -1 -8 28 -3 -7 14 15 21 -17 -16 -9 -12 -14 -6 24 -24 25 -15 -20 -28 -5 -10
right_child=1 3 5 10 13 12 9 18 29 -11 19 -13 20 22 17 16 -18 -19 26 -21 -22 -23 23 -25 -26 -27 27 -29 -30 -31
leaf_value=-0.033467954739369567 0.031983090425405661 0.027735878738835536 -0.033462092429153108 0.032292799349638551 -0.033696283596016674 0.030569621804565357 0.024152312911435884 0.012694609789299344 0.037574915234044916 -0.031932972103567173 -0.028183916226305245 -0.032234642048747673 0.033893598054347128 0.033214826464579843 0.030291499604737811 -0.034115201551506338 0.032719108186356767 -0.019373583990471122 -0.032786442678565918 0.03391578934888987 -0.033966458513910051 0.015395723033578675 0.033615912103736871 -0.03457470791443313 -0.01007652351588657 -0.017237674429635169 -0.033465415686383247 0.03009497605156998 -0.014571601441584859 -0.017572322770619996
leaf_weight=0.66661987011320856 0.95950996829196722 0.35308403871022165 4.7325066246557972 2.5125297186896218 1.130052905529737 1.0814521955326197 0.57957665016874671 0.54637757875025528 0.88430287782102823 2.2266020369715998 1.0110181397758422 7.7738444879651034 0.27487861271947645 19.745467174798261 5.6924162250943482 0.54875019751489018 1.9234306490980086 0.45700156944803882 13.76549134450033 0.32534161070361722 0.80660784454084933 0.50744870910421025 0.72419259650632739 0.52939328923821338 0.47894887486472626 0.32639629533514281 0.34505820646882057 0.36971321981400329 0.34353326237760473 0.25108594773337245
leaf_count=210 107 40 1513 333 68 43 53 28 62 528 159 2701 13 3109 772 53 213 31 4643 20 183 56 106 14 20 16 82 7 39 11
internal_value=0.000538914 0.00866643 0.0154281 -0.0147835 0.022399 -0.0207936 -0.00701487 -0.026045 0.00360988 -0.0203493 0.0139944 -0.0296292 0.00692511 0.0258535 0.0173041 0.00339349 0.0178839 0.0266006 -0.0296012 -0.0130655 -0.0167186 -0.0184831 0.0298761 0.0048188 0.0314046 0.0323944 -0.0311971 -0.000589008 0.0266559 0.0253794
internal_weight=71.8726 55.044 42.7246 12.3194 35.8292 6.89545 3.76569 16.8286 1.80201 2.80618 4.19242 8.12693 2.16294 32.0635 10.2591 4.10968 2.47218 6.14942 15.0266 1.33636 1.08149 1.6375 21.8044 1.25359 20.5508 20.0719 14.4803 0.714771 2.85606 1.13539
internal_count=15233 10190 6898 3292 5146 1752 688 5043 283 581 551 2741 239 4458 1193 390 266 803 4760 179 196 124 3265 120 3145 3125 4732 89 372 73
is_linear=0
shrinkage=0.05


Tree=248
num_leaves=31
num_cat=0
split_feature=10 34 1 2 7 2 11 15 12 2 9 1 6 8 35 2 9 2 6 1 10 8 29 15 10 8 22 9 3 1
split_gain=11.1651 5.10215 1.95268 1.86628 1.05629 0.799318 0.694159 0.758976 1.11594 0.494944 0.452584 0.279952 0.678579 0.27489 0.255246 0.253426 0.183192 0.17448 0.157633 0.308205 0.177245 0.139844 0.139782 0.113293 0.109617 0.105078 0.0615108 0.367074 0.0496349 0.126332
threshold=0.37975467741489416 0.79882878065109264 0.43944746255874639 0.12630295753479007 0.38117469847202307 -0.1709204167127609 0.81779608130455028 0.24519171565771106 0.29585236310958868 0.20262755453586581 0.69437015056610119 0.70297858119010936 0.40879020094871527 0.85731321573257457 0.27997159957885748 -0.19397600740194318 0.72325128316879284 0.11667349934577943 0.8069676160812379 0.52186408638954174 0.32080532610416418 0.070823989808559432 -1.605890095233917 0.21131415665149691 0.54225322604179393 -0.089326940476894365 0.80533063411712658 0.3531391322612763 0.34381182491779333 0.45403732359409338
decision_type=8 8 10 8 2 10 10 8 10 8 10 10 2 2 10 8 10 10 2 10 8 2 8 8 8 2 10 10 10 10
left_child=1 3 15 5 6 -1 7 8 21 11 24 26 25 -8 23 -3 -14 -17 22 -20 -21 -4 -9 -7 -11 -13 -2 -28 29 -25
right_child=9 2 4 -5 -6 14 13 18 -10 10 -12 12 16 -15 -16 17 -18 -19 19 20 -22 -23 -24 28 -26 -27 27 -29 -30 -31
leaf_value=-0.028066496286832682 0.033367791637805691 -0.035633071849298197 -0.012261306183364946 -0.032839616754261551 0.028888257505756066 -0.015772244743985978 -0.033407301837104525 0.035191510452113925 -0.033457873652743317 -0.010051280307817132 -0.040649019942656558 -0.032920024045220174 0.033586061997272661 0.036124204556586256 -0.03344402213442986 0.033556867412963133 -0.022781078253810691 -0.02463804782090066 0.026443204315432955 -0.03351902315519726 0.026412139578616552 0.034657306813064753 -0.033156898325634718 0.033455999179501567 0.034691781334478741 0.018314885223050161 0.032778136906408697 -0.033491509864576129 0.032047091586910693 -0.033675005022296541
leaf_weight=0.65721849538385768 16.843903606524698 0.16420278837904334 0.18395921401680038 1.6548191306646902 0.82916408823802967 0.13029310642741576 0.18907062732614477 0.075020723044872284 1.6085297795943914 0.1876818027813012 0.47807523654773831 0.63958209892734885 2.1120605454780166 0.5727477096952498 0.15927616436965841 1.7121846424415701 0.15470109414309252 0.13927702768705774 0.32601401954889198 1.247686959104612 0.13690661592409026 1.1619744761846957 26.096439926419414 0.21945418789982429 0.50580385187640786 0.11863616714253966 1.4875650380272407 0.24311055801808823 7.6113968202844262 0.10296305711381137
leaf_count=132 3064 8 19 390 98 21 61 1 434 29 10 112 295 18 38 238 12 22 48 324 6 77 8299 41 42 20 209 9 1139 17
internal_value=-9.56375e-05 -0.014538 -0.0238516 0.0159108 -0.0268197 0.024995 -0.0282815 -0.0294464 -0.00534874 0.0284315 -0.00322006 0.0301483 0.0160428 0.0188676 0.0292357 0.0238993 0.0297391 0.0291791 -0.0319998 -0.0172947 -0.0275931 0.0282446 -0.032961 0.0304737 0.0225827 -0.0249034 0.0324455 0.0234691 0.0312331 0.0120179
internal_weight=67.7497 44.9786 34.4432 10.5354 32.4275 8.8806 31.5984 30.8365 2.95446 22.7711 1.17156 21.5996 3.02498 0.761818 8.22338 2.01566 2.26676 1.85146 27.8821 1.71061 1.38459 1.34593 26.1715 8.06411 0.693486 0.758218 18.5746 1.73068 7.93381 0.322417
internal_count=15233 11431 9653 1778 9385 1388 9287 9208 530 3802 81 3721 439 79 1256 268 307 260 8678 378 330 96 8300 1218 71 132 3282 218 1197 58
is_linear=0
shrinkage=0.05


Tree=249
num_leaves=31
num_cat=0
split_feature=16 10 13 12 10 16 7 0 15 4 4 6 9 14 15 2 12 7 9 10 0 21 33 7 29 8 10 14 2 10
split_gain=11.0714 5.89244 3.19539 0.71972 0.477756 0.650473 0.435731 0.388754 0.331645 0.293532 0.269908 0.252889 0.508433 0.236555 0.205564 0.152919 0.134184 0.305953 0.530472 0.132506 0.147839 0.0872383 0.0574652 0.0451038 0.0414451 0.028509 0.0273784 0.0156091 0.00808288 0.00435218
threshold=0.64623767137527477 0.32801096141338354 0.63671869039535534 0.28564789891242987 0.26680791378021246 0.60595834255218517 0.25997355580329901 0.75428903102874767 0.21821725368499759 0.45126831531524664 0.39936998486518865 0.73691895604133617 0.52826452255249035 -0.62060213088989247 0.54966557025909435 0.17052572220563891 0.33281601965427404 0.29540728032588964 0.66066503524780285 0.30185215175151831 0.62947842478752147 0.45078141987323767 0.1274780407547951 0.2217383608222008 0.80026218295097362 -0.53145897388458241 0.32905268669128424 1.0000000180025095e-35 -0.28825013339519495 0.27134813368320471
decision_type=8 8 8 8 10 10 2 10 8 10 10 2 10 8 10 8 10 2 10 8 10 8 8 2 10 2 8 8 8 10
left_child=4 2 6 14 5 15 25 28 -5 -7 -10 26 -13 21 -4 -1 17 23 19 -19 -21 -12 -18 -15 27 -2 -3 -25 -6 -30
right_child=1 11 3 8 7 9 -8 -9 10 -11 13 12 -14 16 -16 -17 22 18 -20 20 -22 -23 -24 24 -26 -27 -28 -29 29 -31
leaf_value=-0.033540796829541496 0.033559221965575897 -0.0070788167950993925 -0.033814273786800846 -0.038553185335975036 -0.013603137928791465 -0.033502651752172097 -0.03345583923674765 0.011787378738989508 -0.033594839007714018 0.033202833384197911 -0.031510898356218245 0.033865868629051041 -0.033471256063637815 0.01468895144213947 0.033904801502971822 0.035105911697784709 -0.0013772251953569669 0.034131916785146509 -0.036912779739191291 -0.033660124861351934 0.029878308484125149 0.026438533414095189 0.033388703985368785 0.015203521765041342 0.0046257790840192334 0.0072802370050649573 -0.033423057740032944 0.033624297168619623 -0.025985022188897894 -0.033471897551040082
leaf_weight=1.5038688331842451 0.2286196406930685 0.10052424552850325 0.57917674607597469 0.17559318244457245 0.051749780774116516 0.2035307807382194 2.5456664431840181 0.49007605155929823 0.16399184055627003 0.86933251284062862 0.20689499052241445 0.45808936795219757 0.72239541355520487 0.38447702676058426 0.13894872274249792 0.085752365179359802 0.11953006824477275 0.93166422098875012 0.49070163397118438 0.18010857049375784 0.18618952808901668 0.094659663736820221 21.216429102933049 0.11780905886553272 0.13038196996785689 0.18813705025240723 5.2137525631114841 4.8255711672827593 0.19621335668490303 18.099489009124227
leaf_count=533 28 18 102 1 14 41 803 21 22 73 49 32 219 34 7 2 13 70 28 31 15 10 3997 13 21 16 1756 733 66 6525
internal_value=-0.000500124 0.0152484 0.0238391 0.0287401 -0.0293598 -0.00953435 -0.025697 -0.0321619 0.0299553 0.0205483 0.0303694 -0.0282746 -0.00734096 0.0307326 -0.0207114 -0.0298376 0.0311974 0.0253191 0.00737247 0.0241148 -0.0013635 -0.0133203 0.0331939 0.0312002 0.0324514 0.0216961 -0.0329247 0.0331853 -0.0333358 -0.0333916
internal_weight=60.8993 39.3993 32.9046 29.9421 21.5 2.66248 2.96242 18.8375 29.224 1.07286 29.0484 6.49476 1.18048 28.8844 0.718125 1.58962 28.5829 7.2469 1.78866 1.29796 0.366298 0.301555 21.336 5.45824 5.07376 0.416757 5.31428 4.94338 18.3475 18.2957
internal_count=15293 8018 5993 5146 7275 649 847 6626 5037 114 5036 2025 251 5014 109 535 4955 945 144 116 46 59 4010 801 767 44 1774 746 6605 6591
is_linear=0
shrinkage=0.05


Tree=250
num_leaves=31
num_cat=0
split_feature=4 13 10 7 10 9 24 30 20 22 4 27 20 14 6 7 8 5 6 0 9 6 7 4 23 6 5 6 16 8
split_gain=5.75507 3.23975 3.72935 1.93455 1.29223 0.754203 0.710018 0.662686 0.653377 0.542651 0.535812 0.46501 0.613285 0.646401 1.05926 0.450352 0.436614 0.409866 0.566314 0.395057 0.334045 0.330619 0.280825 0.27962 0.27679 0.261556 0.697739 0.249199 0.225411 0.223975
threshold=0.50300881266593944 0.67454206943511974 0.40597115457057958 0.31251774728298193 0.28208023309707647 0.47280906140804296 0.18666049838066104 0.210205152630806 -0.58620506525039662 0.80999043583869945 0.45912387967109686 0.24494961649179461 -0.25183920562267298 -0.29782168567180628 0.56541395187377941 0.25929506123065954 0.33287940919399267 -0.093138288706541048 0.48309960961341863 0.2401416897773743 0.80333301424980175 0.70213967561721813 0.29253675043582922 0.49359235167503362 -0.0071844246704131356 0.80477467179298412 0.14006254822015765 0.84952053427696239 0.58364558219909679 0.40343947708606726
decision_type=8 10 8 2 10 10 10 8 8 8 10 10 10 8 2 2 2 8 2 10 10 2 2 10 8 2 10 2 8 2
left_child=8 2 4 -3 7 -4 21 -2 10 -9 -1 12 13 -6 16 -13 22 -7 -19 -10 27 -5 -15 -22 -14 -17 -27 -21 -12 -8
right_child=1 3 5 6 11 17 29 9 19 -11 28 15 24 14 -16 25 -18 18 -20 20 23 -23 -24 -25 -26 26 -28 -29 -30 -31
leaf_value=-0.033461605644757482 0.032831785937357992 -0.031643782760289001 -0.033406620464654722 0.0054375426050195684 0.029416757635018137 0.040267217092342822 0.032179301557775986 0.030825243310188485 0.013845150661678397 -0.033055013941036937 0.037867637343714136 -0.034161165717315443 -0.032090784394482437 -0.027494065140994662 -0.031835090932807869 0.031746647675324251 -0.031616640797019251 0.033804042038359121 -0.034138124218983636 -0.033157881358127479 -0.033443681004398047 -0.033500967763608024 0.034723734993092691 0.030115503570215613 0.033529143488674078 -0.024089991461777704 0.033552779253066316 0.032357582220723206 -0.017110371390194386 -0.030940942396944743
leaf_weight=0.60681448085233558 0.71443322394043118 6.8301958292722684 4.0423817581031463 1.3446233321446928 2.0118246874772012 0.56880467291921377 2.3335216343402867 0.40082009206526059 0.51836113166063924 1.9490182145964352 0.82304998580366351 0.27922559855506079 0.16744800191372633 0.2032014457508925 1.9674076046794651 18.571925742086027 0.36613920331001271 0.47198563115671255 0.87583146942779422 12.949616265599611 0.30286351544782597 0.91685445397160936 1.6874595517292617 0.40369448950514197 3.9885516162030417 0.79406762588769142 1.549205466173589 0.14678914775140661 0.24103971756994724 0.14954773569479574
leaf_count=204 81 2542 1475 169 282 7 328 42 26 516 59 17 10 8 129 3040 25 31 189 4672 79 246 152 8 660 16 254 6 11 9
internal_value=0.000686314 0.00872826 0.0153794 -0.0146071 0.0216629 -0.0211583 0.00991873 -0.00933773 -0.0255555 -0.0221587 0.00403236 0.0246703 0.0160065 0.00609053 -0.00501884 0.0289184 0.0183587 0.00467487 -0.0103458 -0.0290076 -0.0306169 -0.010349 0.0280368 0.00287109 0.0308853 0.0297605 0.0140193 -0.0324236 0.0254139 0.0283778
internal_weight=68.1767 52.1845 40.6097 11.5747 34.6507 5.959 4.74455 3.06427 15.9922 2.34984 1.6709 31.5865 10.392 6.23603 4.22421 21.1944 2.2568 1.91662 1.34782 14.3213 13.803 2.26148 1.89066 0.706558 4.156 20.9152 2.34327 13.0964 1.06409 2.48307
internal_count=15293 10228 6934 3294 5232 1702 752 639 5065 558 274 4593 1266 596 314 3327 185 227 220 4791 4765 415 160 87 670 3310 270 4678 70 337
is_linear=0
shrinkage=0.05


Tree=251
num_leaves=31
num_cat=0
split_feature=10 4 6 2 8 1 15 14 26 14 10 9 11 15 9 20 6 21 2 9 20 0 8 29 10 19 16 10 6 11
split_gain=10.1139 6.96728 1.40998 1.37066 0.775464 0.717003 0.662664 1.11688 0.727383 0.530019 0.854485 0.426319 0.394686 0.384107 0.323653 0.275616 0.266618 0.248306 0.155775 0.137087 0.11149 0.0596664 0.0288781 0.0164541 0.0155981 0.0137648 0.0130003 0.0107496 0.0103599 0.00770294
threshold=0.37975467741489416 0.45912387967109686 0.80477467179298412 -0.1451584920287132 -0.32539874315261835 0.4507568776607514 0.26174925267696386 -0.3267469704151153 -1.4881933331489561 0.5140109956264497 0.45343953371047979 0.63449925184249889 -0.26362131536006922 0.39330022037029272 0.27297973632812506 -0.15186344087123868 0.14389496296644214 0.18672361969947818 -0.1911029517650604 0.81869512796401989 0.21519411355257037 0.63666269183158886 0.052661351859569556 -1.4035562276840208 0.19448296725749972 0.89331334829330455 0.42588968575000768 0.24290914088487628 0.8029293715953828 0.41277782618999487
decision_type=8 10 2 10 2 10 8 10 8 8 8 10 10 8 10 8 2 8 10 10 10 10 2 8 10 10 10 10 2 8
left_child=1 4 5 -4 26 -3 7 -7 -8 25 14 -5 -6 -12 -11 -9 -15 -10 -14 -18 -20 -16 -17 -19 -25 -2 27 -1 -26 -13
right_child=9 2 3 11 12 6 8 15 17 10 13 29 18 16 21 22 19 23 20 -21 -22 -23 -24 24 28 -27 -28 -29 -30 -31
leaf_value=-0.033606897051960898 0.033492645483222665 0.033652912770827707 -0.032996722854177304 -0.033854888357221398 -0.033697053144408233 -0.032931499510486191 0.027543549382989696 0.034268149181020224 0.013343130525325356 0.033479634449571694 -0.020257542692869227 0.035114756501277954 -0.019331081847714877 -0.026799010542318775 -0.034116688973024382 -0.033472573440444346 0.03307105009530871 -0.015259188253515819 0.033481628328278452 -0.016682011757911158 -0.0078581199272806483 -0.00046212313198046968 -0.00026931409875194189 -0.044584987745827601 -0.03340726229326952 0.020693495615148928 -0.041007003578039908 -0.01088721291449166 -0.023933208798960243 0.026101087206028564
leaf_weight=0.13517045415937801 14.281917946413156 0.46455635735765355 1.5680472375825045 0.25872415257617776 0.23826606431975861 2.0084102333057676 0.50877635413780808 1.2245591420214621 0.28798045730219257 0.2464846065267946 0.42537876544520281 1.9249190089758481 0.14720671437680621 0.20372957317158569 0.99617267679423072 0.17255591508001078 4.6734568509273231 0.12513300869613886 7.5673051364719868 0.14267853880301107 0.1666878294199704 0.15176261216402054 0.10553782456554472 0.30982667626813665 24.852425022982064 0.21319840243086297 0.28757021715864539 0.084677464328706264 0.2919416381046166 0.27030888199806269
leaf_count=23 2717 59 433 25 41 539 22 65 35 44 24 120 5 16 158 32 797 13 1366 11 5 3 15 10 8615 22 3 23 31 21
internal_value=-0.000253879 -0.0142179 -0.0243007 0.00351788 0.0259566 -0.027987 -0.0289451 -0.00853898 -0.0316615 0.0278909 0.0164182 0.0268503 0.0297041 0.0253614 -0.0185052 0.0240635 0.0292271 -0.032826 0.0316208 0.0315971 0.0325906 -0.0296674 -0.0208718 -0.0333457 -0.0334347 0.0333044 -0.0340093 -0.0248561 -0.0332973 0.0340049
internal_weight=64.3354 43.0006 34.3737 4.022 8.62688 30.3517 29.8871 3.51106 26.3761 21.3348 6.83966 2.45395 8.11947 5.44524 1.39442 1.50265 5.01986 25.8673 7.8812 4.81614 7.73399 1.14794 0.278094 25.5793 25.4542 14.4951 0.507418 0.219848 25.1444 2.19523
internal_count=15293 11501 10035 599 1466 9436 9377 651 8726 3792 1053 166 1417 848 205 112 824 8704 1376 808 1371 161 47 8669 8656 2739 49 46 8646 141
is_linear=0
shrinkage=0.05


Tree=252
num_leaves=31
num_cat=0
split_feature=16 10 30 13 13 7 16 11 0 1 18 6 1 2 12 10 20 2 6 3 23 17 15 4 1 13 12 15 1 10
split_gain=10.2731 5.91825 3.10246 0.469889 0.404681 0.359682 1.05448 0.443588 0.353775 0.353763 0.28985 0.24352 0.240773 0.200461 0.189009 0.117508 0.270488 0.174433 0.0644391 0.250966 0.0634387 0.0425725 0.0415716 0.0238884 0.0170744 0.0102673 0.00838057 0.00573782 0.00286368 0.0020329
threshold=0.62033009529113781 0.32502411305904394 0.18791685253381732 0.61125853657722484 0.79504406452178966 0.29576836526393896 0.72778779268264782 -0.54615885019302357 0.75428903102874767 0.6761603355407716 0.34419739246368414 0.68930673599243175 0.41441555321216589 -0.24681948870420453 0.50143277645111095 0.26279318332672125 0.25126272439956671 0.11563623696565629 0.75256043672561657 0.42555403709411627 -0.67850965261459339 0.030469721183180812 0.54640895128250133 0.63537898659706127 0.41808208823204046 0.78849801421165477 0.28030642867088323 0.76439240574836742 0.54533439874649059 0.31762912869453436
decision_type=8 8 8 8 10 2 10 8 10 10 8 2 10 10 8 10 10 8 2 8 8 10 10 10 10 10 8 10 10 10
left_child=8 2 10 13 18 12 7 -7 15 -6 22 28 -5 -4 -13 16 17 21 25 -20 -14 -1 -2 24 -22 -3 -26 29 -9 -28
right_child=1 4 3 5 9 6 -8 11 -10 -11 -12 14 20 -15 -16 -17 -18 -19 19 -21 23 -23 -24 -25 26 -27 27 -29 -30 -31
leaf_value=-0.033451253076741953 -0.033466877231705237 -0.033437974040570161 0.02668464722683804 -0.010541179177859884 0.033599311830998443 0.034065542599023634 0.033595350555454588 -0.037918429545965776 0.011377721945494277 -0.033445191293205896 0.031236932341464147 -0.033535826896944614 0.0043006069862671888 -0.033485123260876277 0.033529898362141937 -0.033500124802640689 0.034139071213581014 0.034621176615433923 0.034192973857396967 -0.033473980339224253 0.017999016488501652 0.011460169131893202 0.0073393869355912016 0.0094096181433046128 0.020834302528521399 -0.018868583747262035 0.033487373847936645 0.022148318167778683 -0.032900991614960434 0.028921500895017833
leaf_weight=1.3571704945061416 2.4308932302519692 5.4141688640229395 0.20369504299014807 0.32519864384085551 0.48179952474310983 0.43306343350559473 3.8794886930845678 0.50599799398332768 0.4783918708562841 0.33256736118346453 0.1926340626087043 0.16828362946398545 0.19356911303475499 0.43199226609431463 0.27961300080642104 16.292861053952947 0.20499538863077749 0.10661272285506118 0.17895141895860422 0.58486538357101381 0.1839641234837569 0.054900666698813327 0.064058941556140669 0.10632879612967272 0.13406086061148192 0.12368638906627882 21.033466136083032 0.11321424413472314 0.64929987816140056 0.2466444238089015
leaf_count=520 801 1941 17 37 55 39 694 5 20 101 16 27 28 105 39 6294 9 6 6 189 5 7 8 16 9 35 4074 15 128 23
internal_value=-0.000408133 0.0142437 0.023527 0.0283075 -0.0269484 0.029264 0.0183017 -0.010836 -0.0310599 0.00621999 -0.0278566 -0.022965 0.0321674 -0.0142048 0.00833198 -0.0321867 -0.0197719 -0.027049 -0.0312348 -0.0176206 0.0327984 -0.0317051 -0.0324192 0.0330512 0.033167 -0.0331126 0.0332966 0.0333747 -0.0350985 0.0334345
internal_weight=57.1864 38.6915 31.5755 28.8879 7.11604 28.2522 5.91575 2.03626 18.4949 0.814367 2.68759 1.60319 22.3364 0.635687 0.447897 18.0165 1.72368 1.51868 6.30167 0.763817 22.0112 1.41207 2.49495 21.8177 21.7113 5.53786 21.5274 21.3933 1.1553 21.2801
internal_count=15269 8413 6086 5261 2327 5139 932 238 6856 156 825 199 4207 122 66 6836 542 533 2171 195 4170 527 809 4142 4126 1976 4121 4112 133 4097
is_linear=0
shrinkage=0.05


Tree=253
num_leaves=31
num_cat=0
split_feature=4 13 10 10 10 9 16 20 10 4 23 34 20 21 25 2 0 11 32 11 2 14 9 4 10 17 6 1 6 21
split_gain=5.24367 2.93739 3.35009 1.85883 1.48597 1.01799 0.75297 0.656576 0.561357 0.555449 0.498031 0.471189 0.954074 0.648003 0.469138 0.463329 0.382985 0.363886 0.953873 0.365475 0.33108 0.323632 0.316895 0.283351 0.282706 0.236871 0.187812 0.179014 0.174319 0.158548
threshold=0.50300881266593944 0.67853048443794262 0.39640861749649053 0.33286279439926153 0.28357239067554479 0.47280906140804296 0.60595834255218517 -0.58620506525039662 0.37975467741489416 0.45912387967109686 -0.19988210499286649 0.79882878065109264 -0.23710929602384564 0.59807351231575023 0.88753297924995433 -0.086521185934543596 0.2401416897773743 -0.044149620458483689 -0.19412012398242948 -0.59378764033317555 -0.1451584920287132 0.4805308878421784 0.80333301424980175 0.49359235167503362 0.31762912869453436 -0.45536559820175165 0.74770537018775951 0.58633795380592357 0.84952053427696239 0.20857901126146319
decision_type=8 10 8 8 10 10 10 8 10 10 8 10 10 8 8 8 10 10 8 10 10 10 10 10 10 10 2 10 2 10
left_child=7 2 4 10 6 -4 14 9 26 -1 -3 12 13 20 -2 -7 -9 19 -19 24 -6 -10 28 -24 -15 -16 -5 -17 -18 -13
right_child=1 3 5 8 11 15 -8 16 21 -11 -12 29 -14 17 25 27 22 18 -20 -21 -22 -23 23 -25 -26 -27 -28 -29 -30 -31
leaf_value=-0.033452498421477801 0.03258349219764442 0.031605376544519108 -0.033447408455257503 0.033502637580173598 0.03356030893023524 -0.025535781601098852 -0.03290478527176284 0.013628906971874766 -0.027736639275716984 0.027760314936304799 -0.032778911246132428 0.0086913391420868503 0.03293181724963249 -0.034029745183408878 -0.033611382729669036 0.00022965518777705226 -0.03311692908188698 0.029320325611610822 -0.028324299930172405 0.034756737976680843 -0.027449698073166318 0.033870053986472491 -0.033441570505078469 0.031700147752575181 0.03362387012048481 0.035013477195479752 -0.024080716293769244 0.037215814546901212 0.03162356994481904 0.032589447511732476
leaf_weight=0.59009497216902651 1.1585378341842434 0.31446268572472036 4.0909242131747297 2.1035878900438565 0.25852986099198449 0.66270724241621792 1.7244698684662578 0.50617247214540739 0.89259136002510764 0.99629293428733945 6.6957092664670173 0.73105874517932434 6.4207087056711334 0.39054069225676347 0.57198120304383337 0.49190087988972686 12.077371783787379 1.5104952324181793 1.3672372545115652 2.5913651715964083 1.5897136002313343 0.28006047522649169 0.30152472737245339 0.37398741394281387 0.25539794191718102 0.16117790155112754 0.15182208642363537 0.97679406637325883 0.10487885144539255 13.699066165369002
leaf_count=211 154 36 1486 332 34 184 471 26 159 72 2651 76 1112 48 133 20 4675 209 83 302 85 19 81 7 29 10 12 47 5 2500
internal_value=0.000504271 0.00839984 0.0147557 -0.0151358 0.0212035 -0.0188496 -0.00900837 -0.0254216 0.0150371 0.00499074 -0.0298908 0.0249951 0.0185909 0.00702804 0.0127756 0.0091688 -0.0290317 0.0148694 0.00193283 0.0263691 -0.0189157 -0.0130233 -0.0307112 0.00262319 -0.00728015 -0.0185249 0.0296264 0.0248283 -0.0325596 0.0313787
internal_weight=64.0412 49.0908 38.6526 10.4382 32.4303 6.22233 3.61617 14.9503 3.42806 1.58639 7.01017 28.8141 14.384 7.96328 1.8917 2.1314 13.3639 6.11504 2.87773 3.2373 1.84824 1.17265 12.8578 0.675512 0.645939 0.733159 2.25541 1.46869 12.1823 14.4301
internal_count=15269 10192 6983 3209 5246 1737 768 5077 522 283 2687 4478 1902 790 297 251 4794 671 292 379 119 178 4768 88 77 143 344 67 4680 2576
is_linear=0
shrinkage=0.05


Tree=254
num_leaves=31
num_cat=0
split_feature=34 7 1 11 2 2 13 0 3 8 4 11 9 0 2 18 2 4 11 7 4 7 16 4 0 34 3 1 7 4
split_gain=8.61885 3.7823 2.57998 1.19245 1.14689 0.602439 0.598353 1.01892 1.01871 0.638451 0.504764 0.526474 0.881662 0.445907 0.293346 0.293083 0.246333 0.21119 0.177414 0.176805 0.176777 0.119907 0.115281 0.112568 0.157257 0.0940949 0.0929323 0.0895152 0.0844539 0.0583536
threshold=0.75714543461799633 0.36550682783126837 0.43944746255874639 0.81779608130455028 0.15312387049198153 -0.15655481815338132 0.59369555115699779 0.56473281979560863 0.37308228015899664 -0.058284014463424676 0.59344816207885753 0.075668264180421843 0.40932843089103704 0.72704827785491954 -0.19397600740194318 0.82952389121055614 -0.090281520038843141 0.45912387967109686 -0.56860256195068348 0.34813773632049566 0.60816553235054027 0.40497589111328131 0.44999380409717565 0.70665037631988536 0.5518704652786256 -1.0000000180025095e-35 0.31990906596183782 0.50604894757270824 0.33498416841030126 0.43211205303668981
decision_type=8 2 10 10 8 10 8 10 10 2 8 10 10 10 8 8 8 10 8 2 10 2 8 10 10 10 10 10 2 10
left_child=4 2 14 6 5 28 7 8 -4 -10 -3 12 25 22 -2 17 -5 -9 -16 -19 -15 -6 -8 29 -25 -12 27 -7 -1 -24
right_child=1 10 3 16 21 26 13 15 9 -11 11 -13 -14 20 18 -17 -18 19 -20 -21 -22 -23 23 24 -26 -27 -28 -29 -30 -31
leaf_value=-0.03370230743121929 -0.03519273744264103 0.033186185637954724 -0.031777853246119488 -0.029189806926564529 -0.033475382845402614 0.033435823126715024 0.034099284301240339 0.033509945028708965 -0.033398572360744491 0.033164053837858053 0.033084983414037254 0.031299905070515631 -0.033961132840685457 -0.033402873209197291 -0.025697201505478762 0.0049741723410191598 0.035042724511903663 -0.033500936407339192 0.033726757350328949 0.027722663726261754 0.034347329150584603 0.033492076728713176 0.020037330410323444 -0.031273229871882288 0.033518718347227715 -0.01308610134825706 0.03286171117910424 -0.03342656439412512 0.017021410475819371 -0.03298429000373574
leaf_weight=0.39657991100102918 0.1805580600630492 3.5923123150132588 1.3152346070855911 0.17523222859017551 0.79813220119104045 0.09615568304434674 0.065630182623861777 0.12433499749749888 0.43149269721470807 2.1819986931513995 0.90617220639251173 1.4035258521325884 1.3467149760108439 0.1315039019100358 0.13232308463193476 0.62184118386358012 1.0071883155032981 6.0501542005222291 2.4736108635552227 0.12026660609990347 0.3594790156930685 0.072953190188854933 0.052036733832223514 0.23799403361044724 0.15441057272255421 0.12564926454797454 17.053586611291394 0.10441632964648306 0.10347173828631639 18.670743840397336
leaf_count=80 9 661 461 62 258 21 2 20 155 285 123 228 172 44 25 16 66 1830 374 6 30 12 8 51 26 29 3406 27 23 6759
internal_value=-0.000148042 -0.0127378 -0.0196879 -0.0237426 0.0281475 0.0308958 -0.0256514 -0.0162222 0.00411262 0.0221744 0.0197638 0.00701487 -0.00731523 -0.0308499 0.0264391 -0.0277726 0.0255236 -0.0310076 0.0307094 -0.0323076 0.0162012 -0.0278669 -0.0320543 -0.0322814 -0.0057777 0.0274625 0.0324638 -0.00137225 -0.0232064 -0.0328369
internal_weight=60.4857 41.8604 34.486 31.6995 18.6253 17.7542 30.5171 10.8453 3.92873 2.61349 7.37437 3.78206 2.37854 19.6718 2.78649 6.9166 1.18242 6.29476 2.60593 6.17042 0.490983 0.871085 19.1808 19.1152 0.392405 1.03182 17.2542 0.200572 0.500052 18.7228
internal_count=15269 11442 10229 9821 3827 3557 9693 2773 901 440 1213 552 324 6920 408 1872 128 1856 399 1836 74 270 6846 6844 77 152 3454 48 103 6767
is_linear=0
shrinkage=0.05


Tree=255
num_leaves=31
num_cat=0
split_feature=16 10 13 12 0 10 20 15 10 4 14 13 1 6 2 8 12 29 3 26 11 19 9 33 6 3 4 2 2 13
split_gain=9.79361 5.34172 2.89372 0.55131 0.318248 0.314872 0.547278 0.290806 0.286846 0.231227 0.210638 0.200006 0.257247 0.169576 0.165994 0.164785 0.117443 0.254941 0.141783 0.288853 0.134599 0.0855448 0.0780769 0.055321 0.0131921 0.105178 0.0124558 0.0122925 0.00765707 0.00350814
threshold=0.64623767137527477 0.32801096141338354 0.63234102725982677 0.28327733278274542 0.75428903102874767 0.27023673057556158 0.16265236586332324 0.21821725368499759 0.26630991697311407 0.39936998486518865 -0.62060213088989247 0.79504406452178966 0.6761603355407716 0.32654269039630895 0.18038980662822726 -0.12351373210549353 0.33281601965427404 0.89835703372955333 0.61165240406990062 -0.11103822290897368 0.65664985775947582 0.92578372359275829 0.25776779651641851 0.1274780407547951 0.76258653402328502 0.47510491311550146 0.61748486757278453 -0.32348155975341791 -0.28825013339519495 0.64658099412918102
decision_type=8 8 8 8 10 10 10 8 10 10 8 10 10 2 10 2 10 10 10 10 10 10 10 8 2 8 10 8 8 10
left_child=4 2 8 13 5 6 14 -5 -2 -9 21 24 -13 -4 15 -1 17 18 20 -20 22 -11 -12 -18 -3 -26 -24 -10 -7 -25
right_child=1 11 3 7 -6 28 -8 9 27 10 16 12 -14 -15 -16 -17 23 -19 19 -21 -22 -23 26 29 25 -27 -28 -29 -30 -31
leaf_value=0.033943350832863706 0.019626740443019819 -0.033409658911989229 0.033860312086824496 -0.037847165445039507 0.01006320302209098 -0.013070579427452645 0.03373944493925142 -0.033568060344149851 -0.010896417097847381 0.026451947336842724 0.00013039208490725745 0.033643972844363754 -0.033440457868029842 -0.033707843001126662 0.033459581136453802 -0.033222625072234696 -0.0036108843016194811 -0.026339375435134173 -0.022041005419432311 0.033345175619760394 -0.017976055563072128 -0.03345421958998223 0.033357782829255132 0.027452623309848753 0.031799470103235659 -0.033466002694520804 0.017930358095479833 -0.033438323888240411 -0.033438381916902606 0.033400530712326619
leaf_weight=0.096515635028481594 0.29445218108594717 4.502909187693148 0.11680746357887806 0.15756101906299591 0.48865720862522621 0.046279299072921276 0.48138875793665636 0.14098086743616534 0.062178760766983032 0.089458445552736521 0.18821652210318163 0.27408618573099364 0.29858047072775662 0.45289809233509004 0.11078760446980584 1.695963104721165 0.10195666551588378 0.23043288034386922 0.41281566605903208 0.54775826260447491 0.13984258845448483 0.17849839571863413 4.8239567845594138 0.25129785272294825 0.070563186891376861 0.49312171922065318 0.13448229758068908 2.2112629034090792 15.771860213833858 18.370996130863205
leaf_count=5 32 1740 6 1 22 14 50 21 12 9 25 27 95 100 20 631 12 38 22 61 13 50 756 39 3 172 17 808 6477 3952
internal_value=-0.000601837 0.015173 0.0238573 0.028797 -0.0297565 -0.0308255 -0.0138886 0.0298727 -0.0268077 0.0302893 0.0306427 -0.0293412 -0.00133292 -0.0198543 -0.0259351 -0.0296061 0.0311116 0.0253084 0.0272135 0.00954244 0.0304244 -0.0134543 0.0317395 0.0331192 -0.032507 -0.0252959 0.0329394 -0.0328218 -0.0333788 0.0333203
internal_weight=53.2366 34.5451 28.9059 26.338 18.6915 18.2028 2.38466 25.7683 2.56789 25.6107 25.4697 5.63926 0.572667 0.569706 1.90327 1.79248 25.2018 6.47751 6.24707 0.960574 5.2865 0.267957 5.14666 18.7243 5.06659 0.563685 4.95844 2.27344 15.8181 18.6223
internal_count=15230 8011 5974 5122 7219 7197 706 5016 852 5015 4994 2037 122 106 656 636 4935 932 894 83 811 59 798 4003 1915 175 773 820 6491 3991
is_linear=0
shrinkage=0.05


Tree=256
num_leaves=31
num_cat=0
split_feature=4 13 10 7 10 9 30 20 20 22 1 27 20 14 11 8 11 3 14 7 7 23 6 1 22 10 9 6 20 9
split_gain=4.94836 2.60833 3.30621 1.89023 1.45066 0.812673 0.627204 0.613389 0.578977 0.49099 0.482888 0.409306 0.548865 0.508801 0.93395 0.480071 0.407776 0.393217 0.323678 0.285237 0.24088 0.234462 0.19753 0.595351 0.189399 0.422619 0.183275 0.257304 0.188628 0.165705
threshold=0.50300881266593944 0.67853048443794262 0.39640861749649053 0.3150466531515122 0.28357239067554479 0.47280906140804296 0.21738685667514804 -0.58620506525039662 0.044136613607406623 0.80999043583869945 0.45785793662071234 0.24494961649179461 -0.25183920562267298 -0.29782168567180628 -0.0060822472441941491 0.32246038317680364 -0.035506220534443848 0.23422964662313464 0.014958846848458053 0.25929506123065954 0.33232958614826208 -0.0071844246704131356 0.80477467179298412 0.57718634605407726 0.92907238006591808 0.30839547514915472 0.81869512796401989 0.84952053427696239 -1.0000000180025095e-35 0.35607655346393591
decision_type=8 10 8 2 10 10 8 8 8 8 10 10 10 8 10 2 10 10 8 2 2 8 2 8 10 10 10 2 10 10
left_child=7 2 4 -3 6 -4 -2 10 -5 -8 -1 12 13 20 15 -15 -7 -9 -10 -13 -6 -14 24 -24 -21 -26 27 -19 -28 -20
right_child=1 3 5 8 11 16 9 17 18 -11 -12 19 21 14 -16 -17 -18 26 29 22 -22 -23 23 -25 25 -27 28 -29 -30 -31
leaf_value=-0.033426787450624842 0.02993509202518484 -0.033129241498203559 -0.033437102971355125 0.030392810698152341 0.033544095323597346 0.024334050784569582 0.02980500376755247 0.015393467104778026 -0.022425602952852217 -0.03174879418453596 0.025755189603357476 -0.03429884058928389 -0.034515743161932871 0.031680618533375171 -0.033207108914082108 -0.029782855995331554 -0.024660026428992562 -0.033108606776425555 -0.020255324164377267 0.032959018051694156 -0.02472457949603056 0.033510077051142131 0.031888783119735559 -0.029758368932493309 -0.034591279609031821 0.033555578039685501 -0.033443875313498232 0.032327933897173998 0.03134880244027069 0.033031471096667771
leaf_weight=0.53679397446103372 0.74113737419247894 5.7154585504904372 3.8646095895674071 2.0264797017443925 1.6345589188858864 1.1904684342443941 0.38197689852677363 0.47415107651613553 1.2968597684521226 2.1333049915265292 0.96303036622703075 0.17559662181884306 0.1314113368280232 1.4880579393357036 1.615181613015011 0.40393399819731723 0.66022328240796913 11.414415640057991 0.19866473623551462 15.113439681706955 0.19895423250272859 3.5086263157427333 1.4039653688669191 0.54315503966063272 0.34226807020604499 0.67853661859408021 0.21585266687907279 0.15222981944680292 0.23421536199748594 0.54924264224246144
leaf_count=208 101 2489 1500 339 259 53 48 29 295 601 66 7 8 141 95 43 187 4675 24 2882 11 657 238 20 17 117 63 7 4 46
internal_value=0.000399026 0.00831915 0.0145093 -0.0145834 0.0210501 -0.0203897 -0.0104897 -0.0256393 0.0114525 -0.0224011 0.00457369 0.0248209 0.0160818 0.00587706 -0.00528152 0.0185584 0.0068557 -0.0292671 -0.00731848 0.0291197 0.0272214 0.0310542 0.0297356 0.0146921 0.0315511 0.0107065 -0.0310293 -0.0322474 0.000274228 0.018877
internal_weight=59.9868 45.9961 36.2094 9.78671 30.4941 5.7153 3.25642 13.9907 4.07125 2.51528 1.49982 27.2377 8.98072 5.34069 3.50717 1.89199 1.85069 12.4909 2.04477 18.257 1.83351 3.64004 18.0814 1.94712 16.1342 1.0208 12.0167 11.5666 0.450068 0.747907
internal_count=15230 10178 6985 3193 5245 1740 750 5052 704 649 274 4495 1214 549 279 184 240 4778 365 3281 270 665 3274 258 3016 134 4749 4682 67 70
is_linear=0
shrinkage=0.05


Tree=257
num_leaves=31
num_cat=0
split_feature=10 4 26 7 4 8 8 1 11 9 14 11 26 2 1 14 19 2 4 4 23 22 2 9 20 20 3 12 2 12
split_gain=8.81444 6.07065 1.12285 1.23897 0.890537 0.820297 0.681778 0.457789 0.463458 0.651395 0.357033 0.331537 0.284806 0.281151 0.277805 0.254918 0.192955 0.192698 0.18309 0.118509 0.112266 0.105639 0.104854 0.0867833 0.0830324 0.0640463 0.0535595 0.0446971 0.0729298 0.037729
threshold=0.37538909912109381 0.45912387967109686 -0.064399633556604371 0.31757740676403051 0.56508800387382518 0.72665178775787365 -0.32539874315261835 0.57510215044021618 -0.34901399910449976 0.43277314305305487 -0.27688279747962946 -0.25904378294944758 -0.2997413277626037 -0.1451584920287132 0.4507568776607514 0.25207708775997167 0.81555575132370006 -0.19397600740194318 0.70665037631988536 0.49509167671203619 -0.082223795354366289 0.8111480474472047 0.22526865452528003 0.8113229274749757 0.21519411355257037 -0.25183920562267298 0.75935006141662609 0.22983426600694659 -0.12440372630953787 0.63442361354827892
decision_type=8 10 8 2 10 2 2 8 8 10 10 10 10 10 10 10 10 10 10 10 8 10 10 10 10 8 10 8 10 8
left_child=1 6 3 5 13 10 -1 22 9 18 27 -8 20 -5 -4 21 25 -13 -9 -14 29 23 -2 -10 -19 -6 -16 28 -3 -12
right_child=7 2 14 4 16 -7 11 8 15 -11 12 17 19 -15 26 -17 -18 24 -20 -21 -22 -23 -24 -25 -26 -27 -28 -29 -30 -31
leaf_value=-0.034014455477663838 0.033476076704342987 -0.033396699519904337 0.03347925925935321 -0.033405187583360064 0.030059529666586704 0.033506728351723594 -0.033591455028194946 -0.033407185397372884 0.031637046066904283 -0.036546871783032647 0.015835527387863872 -0.03602323722706572 0.031913080238981296 0.032829702633344247 -0.033170523831436143 -0.034080277980710214 -0.033411489418347894 0.033467514544368103 0.03359831205908663 -0.030042535951802896 0.030218074847989596 -0.0052160312742349077 -0.020100849195732209 7.491208706401079e-06 -0.0054297247106147861 -0.013203493235141684 -0.0025528873807879522 -0.033087385724891609 0.033451640901412165 -0.033392964662112723
leaf_weight=0.44452329364139576 12.954020949546248 0.1041111764498055 0.15901648346335306 0.17190029169432852 0.18506029201671481 0.59626028873026449 0.20040730130858708 0.11757019883953013 3.6340381277259435 0.85248989192768931 0.059336645761504769 0.10364340245723713 0.08510290668345788 2.3570946345571424 17.021722158999186 0.17351388419046987 0.98822036455385387 6.6860973215661934 0.76730374805629253 0.82953589176759124 0.50944943935610354 0.22880441066808987 0.091968676075340094 0.23062831838615228 0.14007306843996037 0.15908498247154035 0.14404315128922363 6.3830680451355848 0.067093904130161142 0.11311957309953868
leaf_count=43 2849 39 30 64 11 22 42 38 640 99 12 1 12 181 6688 18 356 1364 126 274 26 27 2 31 4 42 30 2102 13 44
internal_value=0.000143276 -0.013924 -0.0240429 -0.0126912 0.010899 -0.023105 0.026063 0.0278401 0.0164151 -0.0053549 -0.0272464 0.0298085 -0.00604346 0.0283276 -0.0323042 0.025279 -0.0221828 0.031642 0.0246955 -0.0242779 0.0184143 0.0277951 0.0330984 0.0297495 0.0326693 0.0100607 -0.0329136 -0.0324112 -0.00719937 -0.016455
internal_weight=56.5583 37.508 29.9332 12.6084 3.86136 8.74708 7.57474 19.0503 6.00435 1.73736 8.15082 7.13022 1.59654 2.52899 17.3248 4.26698 1.33237 6.92981 0.884874 0.914639 0.681906 4.09347 13.046 3.86467 6.82617 0.344145 17.1658 6.55427 0.171205 0.172456
internal_count=15230 11400 9946 3198 654 2544 1454 3830 979 263 2522 1411 368 245 6748 716 409 1369 164 286 82 698 2851 671 1368 53 6718 2154 52 56
is_linear=0
shrinkage=0.05


end of trees

feature_importances:
right_shoulder_y=863
left_hip_z=536
left_shoulder_x=464
right_hip_y=443
left_shoulder_y=443
right_knee_y=381
left_hip_y=348
right_shoulder_z=345
right_shoulder_x=333
left_shoulder_z=318
left_knee_y=292
left_knee_x=262
left_hip_x=237
left_knee_z=213
left_ankle_z=200
right_knee_x=197
left_foot_index_x=171
right_hip_z=151
right_hip_x=140
right_ankle_x=136
right_foot_index_y=132
right_ankle_z=128
right_knee_z=118
left_heel_x=115
right_heel_z=113
right_heel_x=97
right_heel_y=85
left_ankle_y=70
right_ankle_y=66
left_ankle_x=65
left_heel_y=59
left_heel_z=54
left_foot_index_y=47
right_foot_index_z=44
right_foot_index_x=41
left_foot_index_z=33

parameters:
[boosting: gbdt]
[objective: multiclass]
[metric: multi_logloss,multi_error]
[tree_learner: serial]
[device_type: cpu]
[data_sample_strategy: bagging]
[data: ]
[valid: ]
[num_iterations: 500]
[learning_rate: 0.05]
[num_leaves: 31]
[num_threads: 0]
[seed: 42]
[deterministic: 0]
[force_col_wise: 0]
[force_row_wise: 0]
[histogram_pool_size: -1]
[max_depth: -1]
[min_data_in_leaf: 20]
[min_sum_hessian_in_leaf: 0.001]
[bagging_fraction: 0.9]
[pos_bagging_fraction: 1]
[neg_bagging_fraction: 1]
[bagging_freq: 1]
[bagging_seed: 400]
[bagging_by_query: 0]
[feature_fraction: 0.9]
[feature_fraction_bynode: 1]
[feature_fraction_seed: 30056]
[extra_trees: 0]
[extra_seed: 12879]
[early_stopping_round: 0]
[early_stopping_min_delta: 0]
[first_metric_only: 0]
[max_delta_step: 0]
[lambda_l1: 0]
[lambda_l2: 0]
[linear_lambda: 0]
[min_gain_to_split: 0]
[drop_rate: 0.1]
[max_drop: 50]
[skip_drop: 0.5]
[xgboost_dart_mode: 0]
[uniform_drop: 0]
[drop_seed: 17869]
[top_rate: 0.2]
[other_rate: 0.1]
[min_data_per_group: 100]
[max_cat_threshold: 32]
[cat_l2: 10]
[cat_smooth: 10]
[max_cat_to_onehot: 4]
[top_k: 20]
[monotone_constraints: ]
[monotone_constraints_method: basic]
[monotone_penalty: 0]
[feature_contri: ]
[forcedsplits_filename: ]
[refit_decay_rate: 0.9]
[cegb_tradeoff: 1]
[cegb_penalty_split: 0]
[cegb_penalty_feature_lazy: ]
[cegb_penalty_feature_coupled: ]
[path_smooth: 0]
[interaction_constraints: ]
[verbosity: -1]
[saved_feature_importance_type: 0]
[use_quantized_grad: 0]
[num_grad_quant_bins: 4]
[quant_train_renew_leaf: 0]
[stochastic_rounding: 1]
[linear_tree: 0]
[max_bin: 255]
[max_bin_by_feature: ]
[min_data_in_bin: 3]
[bin_construct_sample_cnt: 200000]
[data_random_seed: 175]
[is_enable_sparse: 1]
[enable_bundle: 1]
[use_missing: 1]
[zero_as_missing: 0]
[feature_pre_filter: 0]
[pre_partition: 0]
[two_round: 0]
[header: 0]
[label_column: ]
[weight_column: ]
[group_column: ]
[ignore_column: ]
[categorical_feature: ]
[forcedbins_filename: ]
[precise_float_parser: 0]
[parser_config_file: ]
[objective_seed: 16083]
[num_class: 3]
[is_unbalance: 0]
[scale_pos_weight: 1]
[sigmoid: 1]
[boost_from_average: 1]
[reg_sqrt: 0]
[alpha: 0.9]
[fair_c: 1]
[poisson_max_delta_step: 0.7]
[tweedie_variance_power: 1.5]
[lambdarank_truncation_level: 30]
[lambdarank_norm: 1]
[label_gain: ]
[lambdarank_position_bias_regularization: 0]
[eval_at: ]
[multi_error_top_k: 1]
[auc_mu_weights: ]
[num_machines: 1]
[local_listen_port: 12400]
[time_out: 120]
[machine_list_filename: ]
[machines: ]
[gpu_platform_id: -1]
[gpu_device_id: -1]
[gpu_use_dp: 0]
[num_gpu: 1]

end of parameters

pandas_categorical:null
